season,teams,rounds,scoring_type,slots_qb,slots_rb,slots_wr,slots_te,slots_flex,slots_k,slots_def,slots_bn,drafts,picks
2025,12,15,ppr,1,2,2,1,2,0,0,7,198,35640
2023,10,15,ppr,1,2,2,1,2,1,1,5,191,28650
2021,10,15,ppr,1,2,2,1,2,1,1,5,181,27149
2022,10,15,ppr,1,2,2,1,2,1,1,5,179,26850
2025,12,14,ppr,1,2,2,1,2,0,0,6,175,29400
2025,12,15,ppr,1,2,2,1,2,1,1,5,173,31140
2024,10,15,ppr,1,2,2,1,2,1,1,5,164,24600
2025,10,15,ppr,1,2,2,1,2,1,1,5,161,24150
2024,12,15,ppr,1,2,2,1,2,1,1,5,159,28620
2022,12,15,ppr,1,2,2,1,2,1,1,5,158,28439
2023,12,15,ppr,1,2,2,1,2,1,1,5,151,27180
2021,12,15,half_ppr,1,2,2,1,2,0,1,6,150,27000
2021,12,15,ppr,1,2,2,1,2,1,1,5,150,27000
2025,12,16,ppr,1,2,2,1,3,0,0,7,132,25344
2024,12,15,ppr,1,2,2,1,2,0,0,7,123,22140
2022,12,16,half_ppr,1,2,3,1,2,0,1,6,107,20544
2023,12,14,ppr,1,2,2,1,2,0,0,6,106,17808
2024,12,14,ppr,1,2,2,1,2,0,0,6,105,17640
2024,12,20,ppr,1,2,3,1,1,0,0,10,99,23760
2020,12,16,half_ppr,1,2,2,1,2,0,1,7,98,18816
2020,10,15,ppr,1,2,2,1,2,1,1,5,92,13799
2024,12,15,ppr,1,2,2,1,3,0,0,6,88,15840
2024,12,19,ppr,1,2,3,1,2,0,0,10,80,18240
2023,10,15,ppr,1,2,2,1,3,0,0,6,80,12000
2024,12,20,ppr,1,2,3,1,2,0,0,11,76,18240
2025,12,18,ppr,1,2,2,1,2,0,0,10,76,16416
2023,12,19,ppr,1,2,3,1,1,0,0,11,73,16644
2023,12,15,ppr,1,2,3,1,2,0,0,6,70,12600
2022,10,15,ppr,1,2,2,1,3,0,0,6,70,10500
2025,12,16,ppr,1,2,2,1,2,1,1,6,68,13056
2025,12,20,ppr,1,2,3,1,2,0,1,10,67,16080
2023,12,18,half_ppr,1,2,3,1,1,0,0,10,65,14040
2022,12,15,ppr,1,2,2,1,3,0,0,6,63,11340
2023,12,15,ppr,1,2,2,1,2,0,0,7,62,11160
2025,10,15,ppr,1,2,2,1,3,0,0,6,62,9300
2025,10,21,ppr,1,2,2,1,2,0,0,13,61,12810
2024,12,16,ppr,1,2,2,1,2,1,1,6,61,11712
2022,12,14,ppr,1,2,2,1,2,0,0,6,58,9744
2024,12,15,ppr,1,2,3,1,2,0,0,6,57,10260
2025,12,15,ppr,1,2,2,1,1,1,1,6,56,10079
2021,12,16,ppr,1,2,2,1,2,1,1,6,55,10560
2022,12,16,ppr,1,2,2,1,2,1,1,6,54,10368
2024,12,14,half_ppr,1,2,2,1,2,0,1,5,53,8904
2021,10,14,ppr,1,2,2,1,1,1,1,0,53,7420
2020,8,17,ppr,1,2,3,1,2,0,0,8,53,7207
2023,12,20,ppr,1,2,3,1,2,0,0,11,52,12480
2023,12,16,ppr,1,2,2,1,2,1,1,6,52,9984
2020,12,15,ppr,1,2,2,1,2,1,1,5,52,9360
2023,12,15,ppr,1,2,2,1,3,0,0,6,52,9360
2025,12,15,ppr,1,2,3,1,2,0,0,6,52,9360
2024,12,16,ppr,1,2,2,1,3,0,0,7,51,9792
2024,10,15,ppr,1,2,2,1,3,0,0,6,51,7650
2025,10,16,ppr,1,2,2,1,2,1,1,6,49,7840
2023,12,13,ppr,1,2,2,1,2,0,0,5,49,7644
2023,12,23,ppr,1,2,2,1,3,0,0,14,48,13248
2024,12,20,ppr,1,2,3,1,2,0,1,10,48,11520
2023,12,15,ppr,1,2,2,1,1,1,1,6,46,8280
2025,12,15,half_ppr,1,2,2,1,1,1,1,6,46,8280
2021,12,14,ppr,1,2,2,1,2,0,0,6,46,7728
2025,12,14,half_ppr,1,2,2,1,2,0,1,5,46,7728
2022,12,15,ppr,1,2,3,1,2,0,0,6,45,8100
2021,12,18,ppr,1,2,3,1,2,0,0,9,44,9504
2023,12,26,ppr,1,2,3,1,3,0,0,16,43,13416
2025,14,23,half_ppr,1,2,3,1,2,0,0,14,42,13524
2025,12,15,ppr,1,2,2,1,3,0,0,6,42,7560
2022,12,20,ppr,1,2,3,1,3,0,0,10,41,9840
2024,12,18,half_ppr,1,2,3,1,1,0,0,10,41,8856
2022,12,15,ppr,1,2,2,1,2,0,1,6,41,7380
2024,12,22,ppr,1,2,3,1,3,0,0,12,40,10560
2022,12,15,ppr,1,2,2,1,1,1,1,6,40,7200
2022,12,15,ppr,1,2,2,1,2,0,0,7,40,7200
2025,12,13,ppr,1,2,2,1,2,0,0,5,40,6241
2025,12,20,ppr,1,2,3,1,0,0,0,10,39,9360
2021,8,15,ppr,1,2,2,1,2,1,1,5,39,4679
2022,12,13,ppr,1,2,2,1,2,0,0,5,38,5928
2022,8,15,ppr,1,2,2,1,2,1,1,5,37,4440
2024,12,15,ppr,1,2,2,1,1,1,1,6,36,6480
2023,12,14,ppr,1,2,3,1,1,0,1,5,36,6048
2023,10,16,ppr,1,2,2,1,2,1,1,6,36,5760
2024,10,16,ppr,1,2,2,1,2,1,1,6,36,5760
2024,12,18,ppr,1,2,3,1,2,0,0,9,35,7560
2023,10,21,ppr,1,2,2,1,3,0,0,12,35,7350
2022,10,16,ppr,1,2,2,1,2,1,1,6,35,5600
2025,12,20,ppr,1,2,2,1,2,0,0,12,34,8160
2022,10,22,ppr,1,2,3,1,3,0,0,12,34,7480
2021,12,15,ppr,1,2,2,1,1,1,1,6,34,6120
2022,12,16,ppr,1,2,2,1,2,0,0,8,33,6336
2023,12,21,ppr,1,2,2,1,2,0,0,12,32,8064
2022,12,18,ppr,1,2,3,1,2,0,0,9,32,6912
2023,8,15,ppr,1,2,2,1,2,1,1,5,32,3840
2022,10,16,ppr,1,2,2,1,3,0,0,7,31,4960
2024,12,13,ppr,1,2,2,1,2,0,0,5,31,4836
2025,12,20,ppr,1,2,3,1,1,0,0,12,30,7200
2022,12,18,ppr,1,2,2,1,2,0,0,10,30,6480
2022,12,17,ppr,1,2,2,1,2,1,1,7,30,6120
2024,12,16,ppr,1,2,2,1,1,1,1,7,30,5760
2021,12,16,ppr,1,2,2,1,1,1,1,7,30,5756
2024,10,16,ppr,1,2,3,1,3,0,0,6,30,4800
2025,10,16,ppr,1,2,2,1,3,0,0,7,30,4800
2023,10,14,ppr,1,2,2,1,2,0,0,6,30,4200
2025,10,24,ppr,1,2,3,1,2,0,0,15,29,6960
2025,12,16,ppr,1,2,3,1,2,0,0,7,29,5568
2024,12,14,ppr,1,2,3,1,2,0,0,5,29,4872
2023,10,13,ppr,1,2,2,1,2,0,0,0,29,3770
2025,12,22,half_ppr,1,2,3,1,2,0,0,13,28,7392
2023,12,17,ppr,1,2,2,1,2,1,1,7,28,5712
2023,12,16,ppr,1,2,3,1,2,0,0,7,28,5376
2024,12,15,ppr,1,2,2,1,2,0,1,6,28,5040
2025,12,15,half_ppr,1,2,2,1,2,0,1,6,28,5040
2021,10,16,ppr,1,2,2,1,2,1,1,6,28,4480
2021,10,15,ppr,1,2,2,1,3,0,0,6,28,4200
2025,10,14,ppr,1,2,2,1,2,0,0,6,28,3920
2024,8,15,ppr,1,2,2,1,2,1,1,5,28,3360
2022,12,22,ppr,1,2,3,1,3,0,0,12,27,7128
2021,12,18,half_ppr,1,2,3,1,2,0,0,9,27,5832
2024,12,17,ppr,1,2,2,1,2,1,1,7,27,5508
2021,12,15,ppr,1,2,2,1,2,0,1,6,27,4860
2022,12,15,half_ppr,1,2,2,1,2,1,1,5,27,4860
2024,12,15,half_ppr,1,2,2,1,1,1,1,6,27,4860
2020,12,14,ppr,1,2,2,1,2,0,0,6,27,4536
2025,12,14,ppr,1,2,2,1,3,0,0,5,27,4536
2025,8,15,ppr,1,2,2,1,2,1,1,5,27,3240
2024,14,23,half_ppr,1,2,3,1,2,0,0,14,26,8372
2022,12,16,ppr,1,2,2,1,2,0,1,7,26,4992
2022,12,16,ppr,1,2,2,1,3,0,0,7,26,4992
2022,12,16,ppr,1,2,3,1,2,0,0,7,26,4992
2020,12,15,half_ppr,1,2,2,1,1,1,1,6,26,4680
2020,12,15,half_ppr,1,2,2,1,2,0,1,6,26,4680
2022,12,15,half_ppr,1,2,2,1,1,1,1,6,26,4680
2022,12,14,ppr,1,2,2,1,3,0,0,5,26,4368
2024,12,14,ppr,1,2,3,1,1,0,1,5,26,4368
2021,12,14,ppr,1,2,2,1,1,1,1,5,26,4367
2024,12,21,ppr,1,2,3,1,3,0,0,11,25,6300
2025,12,15,ppr,1,2,2,1,2,1,1,0,25,4500
2023,10,15,ppr,1,2,2,1,2,1,1,0,25,3750
2021,10,14,ppr,1,2,2,1,1,1,1,5,25,3500
2022,12,22,ppr,1,2,2,1,4,0,0,12,24,6336
2023,12,19,ppr,1,2,3,1,2,0,0,10,24,5472
2024,12,19,half_ppr,1,2,2,1,3,0,0,10,24,5472
2025,12,16,ppr,1,2,2,1,2,1,1,0,24,4608
2023,10,17,ppr,1,2,2,1,2,1,1,7,24,4080
2022,12,14,ppr,1,2,2,1,1,1,1,5,24,4031
2023,10,15,ppr,1,2,2,1,2,0,0,7,24,3600
2022,10,14,ppr,1,2,2,1,2,0,0,5,24,3360
2023,10,14,ppr,1,2,2,1,3,0,0,5,24,3360
2022,8,15,ppr,1,2,2,1,0,0,0,6,24,2880
2022,12,20,ppr,1,2,2,1,2,0,0,12,23,5520
2025,12,18,ppr,1,2,3,1,1,0,0,10,23,4968
2024,12,16,half_ppr,1,2,2,1,1,1,1,7,23,4416
2025,12,16,half_ppr,1,2,2,1,1,1,1,7,23,4416
2025,12,16,half_ppr,1,2,2,1,2,1,1,6,23,4416
2021,12,16,half_ppr,1,2,2,1,2,1,1,6,23,4404
2021,12,15,ppr,1,2,3,1,2,0,0,6,23,4140
2025,10,17,ppr,1,2,2,1,2,1,1,7,23,3910
2024,12,14,ppr,1,2,2,1,1,1,1,0,23,3864
2025,12,14,ppr,1,2,3,1,1,0,1,5,23,3864
2023,10,16,ppr,1,2,2,1,0,1,1,7,23,3680
2025,12,22,ppr,1,2,3,1,3,0,0,12,22,5808
2024,12,21,ppr,1,2,2,1,3,0,0,12,22,5544
2022,12,18,half_ppr,1,2,3,1,1,0,0,10,22,4752
2025,12,18,half_ppr,1,2,3,1,1,0,0,10,22,4752
2025,12,16,ppr,1,2,2,1,1,1,1,7,22,4224
2024,10,17,ppr,1,2,2,1,2,1,1,7,22,3740
2023,12,14,ppr,1,2,2,1,3,0,0,5,22,3696
2025,12,17,ppr,1,2,2,1,2,1,1,7,21,4284
2021,12,15,half_ppr,1,2,2,1,1,1,1,6,21,3780
2022,12,15,half_ppr,1,2,2,1,2,0,1,6,21,3780
2025,12,15,ppr,1,2,2,1,2,0,1,6,21,3780
2024,10,17,ppr,1,2,2,1,4,0,0,7,21,3570
2023,12,14,ppr,1,2,2,1,1,1,1,5,21,3528
2025,12,14,ppr,1,2,2,1,1,1,1,5,21,3528
2021,10,15,ppr,1,2,2,1,1,1,1,6,21,3150
2021,10,15,ppr,1,2,2,1,2,1,1,0,21,3150
2024,10,14,ppr,1,2,2,1,2,0,0,6,21,2940
2024,10,13,ppr,1,2,2,1,2,0,0,5,21,2730
2025,12,21,ppr,1,2,3,1,2,0,0,12,20,5040
2022,12,16,ppr,1,2,2,1,1,1,1,7,20,3839
2020,12,16,ppr,1,2,2,1,2,1,1,6,20,3838
2023,12,15,half_ppr,1,2,2,1,1,1,1,6,20,3600
2025,12,14,ppr,1,2,3,1,2,0,0,5,20,3360
2020,10,15,half_ppr,1,2,2,1,2,1,1,5,20,3000
2024,10,14,ppr,1,2,2,1,3,0,0,5,20,2800
2020,8,15,ppr,1,2,2,1,2,1,1,5,20,2400
2022,12,20,ppr,1,2,2,1,3,0,0,11,19,4560
2022,12,20,ppr,1,2,3,1,2,0,0,11,19,4560
2025,12,20,half_ppr,1,2,3,1,0,0,0,10,19,4560
2023,10,21,ppr,1,2,3,1,2,0,0,12,19,3990
2024,10,18,ppr,1,2,2,1,2,1,1,8,19,3420
2023,10,17,ppr,1,2,2,1,4,0,0,7,19,3230
2022,12,14,ppr,1,2,3,1,2,0,0,5,19,3192
2021,10,16,ppr,1,2,2,1,3,0,0,7,19,3040
2024,10,16,ppr,1,2,2,1,3,0,0,7,19,3040
2022,10,15,ppr,1,2,2,1,1,1,1,6,19,2850
2021,10,14,ppr,1,2,2,1,3,0,0,5,19,2660
2023,12,20,ppr,1,2,2,1,3,0,0,11,18,4320
2024,12,20,ppr,1,2,3,1,3,0,0,10,18,4320
2022,12,18,ppr,1,2,3,1,1,0,0,10,18,3888
2023,12,18,ppr,1,2,2,1,2,0,0,10,18,3888
2023,12,18,ppr,1,2,3,1,1,0,0,10,18,3888
2021,12,16,ppr,1,2,3,1,2,0,0,7,18,3456
2024,12,16,half_ppr,1,2,2,1,2,1,1,6,18,3456
2021,12,15,half_ppr,1,2,2,1,2,1,1,5,18,3240
2022,10,18,ppr,1,2,2,1,2,0,0,10,18,3240
2023,12,15,ppr,1,2,2,1,2,0,1,6,18,3240
2022,10,17,ppr,1,2,2,1,2,1,1,7,18,3060
2022,10,16,ppr,1,2,2,1,2,0,0,8,18,2880
2024,10,16,ppr,1,2,2,1,1,1,1,7,18,2880
2021,10,16,ppr,1,2,2,1,1,1,1,7,18,2863
2022,10,14,ppr,1,2,2,1,1,1,1,0,18,2520
2022,10,14,ppr,1,2,2,1,1,1,1,5,18,2520
2024,12,23,ppr,1,1,1,1,5,0,0,14,17,4692
2022,12,22,ppr,1,2,2,1,3,0,0,13,17,4488
2024,12,20,ppr,1,2,2,1,3,0,0,11,17,4080
2022,12,19,ppr,1,2,3,1,2,0,0,10,17,3876
2025,12,19,half_ppr,1,2,3,1,2,0,0,10,17,3876
2022,14,15,ppr,1,2,2,1,2,1,1,5,17,3570
2020,12,16,half_ppr,1,2,2,1,2,1,1,6,17,3264
2021,12,16,ppr,1,2,2,1,2,0,1,7,17,3264
2023,12,16,ppr,1,2,2,1,1,1,1,7,17,3264
2024,12,16,ppr,1,2,3,1,2,0,0,7,17,3264
2021,12,15,ppr,1,2,2,1,3,0,0,6,17,3060
2023,12,15,ppr,1,2,2,1,2,1,1,0,17,3060
2024,12,15,half_ppr,1,2,2,1,2,1,1,5,17,3060
2023,12,14,half_ppr,1,2,2,1,2,0,1,5,17,2856
2023,12,14,ppr,1,2,2,1,2,0,1,5,17,2856
2020,10,16,ppr,1,2,2,1,2,1,1,6,17,2720
2022,10,15,half_ppr,1,2,2,1,2,1,1,5,17,2550
2023,10,15,ppr,1,2,2,1,1,1,1,6,17,2550
2021,10,14,ppr,1,2,2,1,2,0,0,6,17,2380
2025,10,14,ppr,1,2,2,1,3,0,0,5,17,2380
2023,14,22,half_ppr,1,2,3,1,1,0,0,14,16,4928
2024,12,21,ppr,1,2,3,1,2,0,0,12,16,4032
2025,10,24,ppr,1,2,3,1,3,0,0,14,16,3840
2023,12,18,ppr,1,2,2,1,3,0,0,9,16,3456
2025,12,17,ppr,1,2,2,1,3,0,0,8,16,3264
2020,12,16,ppr,1,2,3,1,2,0,0,7,16,3072
2025,12,16,ppr,1,2,2,1,2,0,1,7,16,3072
2020,12,15,ppr,1,2,2,1,1,1,1,6,16,2880
2023,12,15,half_ppr,1,2,2,1,2,1,1,5,16,2880
2024,12,15,half_ppr,1,2,2,1,2,0,1,6,16,2880
2025,12,15,half_ppr,1,2,2,1,2,1,1,5,16,2880
2021,12,14,ppr,1,2,2,1,2,0,1,5,16,2688
2021,12,14,ppr,1,2,3,1,2,0,0,5,16,2688
2023,12,14,ppr,1,2,3,1,1,0,0,6,16,2688
2023,12,14,ppr,1,2,3,1,2,0,0,5,16,2688
2024,12,14,ppr,1,2,2,1,1,1,1,5,16,2688
2022,12,20,half_ppr,1,2,3,1,3,0,0,10,15,3600
2025,12,19,ppr,1,2,3,1,2,0,0,10,15,3420
2024,12,18,ppr,1,2,2,1,3,0,0,9,15,3240
2020,12,16,ppr,1,2,2,1,1,1,1,7,15,2880
2023,12,16,ppr,1,2,2,1,3,0,0,7,15,2880
2021,12,15,ppr,1,2,2,1,2,0,0,7,15,2700
2021,10,17,ppr,1,2,2,1,2,1,1,7,15,2550
2021,12,14,half_ppr,1,2,2,1,1,1,1,5,15,2520
2023,10,16,ppr,1,2,2,1,3,0,0,7,15,2400
2020,10,15,ppr,1,2,2,1,1,1,1,6,15,2250
2022,10,15,ppr,1,2,2,1,0,1,1,6,15,2250
2022,10,15,ppr,1,2,2,1,2,0,0,7,15,2250
2022,10,15,ppr,1,2,3,1,2,0,0,6,15,2250
2025,10,15,ppr,1,2,2,1,1,1,1,6,15,2250
2022,10,14,ppr,1,2,2,1,2,0,0,6,15,2100
2021,12,20,ppr,1,2,2,1,2,0,0,12,14,3360
2023,10,24,ppr,1,1,2,1,5,0,0,14,14,3360
2025,12,18,ppr,1,2,2,1,3,0,0,9,14,3024
2025,14,15,ppr,1,2,2,1,2,1,1,5,14,2940
2020,12,15,half_ppr,1,2,2,1,2,1,1,5,14,2520
2021,12,15,ppr,1,2,2,1,1,1,1,0,14,2520
2023,12,15,half_ppr,1,2,2,1,2,1,1,0,14,2520
2021,12,13,ppr,1,2,2,1,2,0,0,5,14,2184
2024,10,15,ppr,1,2,2,1,1,1,1,6,14,2100
2023,10,14,ppr,1,2,2,1,1,1,1,5,14,1960
2025,10,14,ppr,1,2,2,1,1,1,1,5,14,1960
2025,12,23,ppr,1,2,3,1,3,0,0,13,13,3588
2022,12,22,ppr,1,2,3,1,2,0,0,13,13,3432
2021,12,20,ppr,1,2,2,1,4,0,0,10,13,3120
2021,12,20,ppr,1,2,3,1,1,0,1,11,13,3120
2023,12,20,half_ppr,1,2,3,1,3,0,0,10,13,3120
2025,12,20,ppr,1,2,3,1,3,0,0,10,13,3120
2020,14,16,half_ppr,1,2,3,1,1,1,1,6,13,2912
2024,12,18,ppr,1,2,3,1,1,0,0,10,13,2808
2021,12,16,ppr,1,2,2,1,3,0,0,7,13,2496
2022,12,16,half_ppr,1,2,2,1,2,1,1,6,13,2496
2022,12,16,ppr,1,2,2,1,3,0,1,6,13,2496
2023,12,16,half_ppr,1,2,2,1,2,1,1,6,13,2496
2024,12,16,ppr,1,2,2,1,2,0,1,7,13,2496
2024,12,16,ppr,1,2,3,1,3,0,0,6,13,2496
2023,10,19,ppr,1,2,3,1,2,1,1,8,13,2470
2020,12,15,ppr,1,2,2,1,3,0,0,6,13,2340
2022,12,15,ppr,1,2,2,1,3,0,1,5,13,2340
2022,12,14,ppr,1,2,3,1,1,0,0,6,13,2184
2021,10,15,half_ppr,1,2,2,1,2,1,1,5,13,1950
2022,10,15,ppr,1,2,2,1,2,0,1,6,13,1950
2022,10,14,ppr,1,2,2,1,3,0,0,5,13,1820
2023,10,14,ppr,1,2,2,1,1,1,1,0,13,1820
2024,12,25,ppr,1,1,1,1,5,0,0,16,12,3600
2021,12,20,ppr,1,2,3,1,3,0,0,10,12,2880
2022,12,19,ppr,1,2,2,1,3,0,0,10,12,2736
2022,12,18,half_ppr,1,2,2,1,2,0,0,10,12,2592
2024,12,18,ppr,1,2,2,1,2,0,0,10,12,2592
2025,10,21,ppr,1,2,3,1,2,0,0,12,12,2520
2022,12,17,ppr,1,2,3,1,2,0,0,8,12,2448
2020,12,16,ppr,1,2,2,1,2,0,1,7,12,2304
2021,12,16,half_ppr,1,2,2,1,2,0,0,0,12,2304
2022,12,16,ppr,1,2,3,1,3,0,0,6,12,2304
2023,12,16,ppr,1,2,3,1,1,1,1,6,12,2304
2020,12,15,ppr,1,2,2,1,2,0,1,6,12,2160
2021,10,18,ppr,1,2,2,1,2,1,1,8,12,2160
2023,10,18,ppr,1,2,2,1,2,1,1,8,12,2160
2023,12,15,half_ppr,1,2,2,1,2,0,1,6,12,2160
2024,10,18,ppr,1,2,2,1,2,0,0,10,12,2160
2024,12,15,ppr,1,2,2,1,2,1,1,0,12,2160
2025,10,18,ppr,1,2,2,1,2,1,1,8,12,2160
2021,12,14,ppr,1,2,2,1,3,0,0,5,12,2016
2024,12,14,ppr,1,2,2,1,2,0,1,5,12,2016
2023,10,16,ppr,1,2,3,1,3,0,0,6,12,1920
2023,12,13,half_ppr,1,2,2,1,2,0,0,5,12,1872
2020,10,15,ppr,1,2,2,1,3,0,0,6,12,1800
2021,10,15,ppr,1,2,3,1,2,0,0,6,12,1800
2024,10,15,half_ppr,1,2,2,1,2,1,1,5,12,1800
2024,10,14,ppr,1,2,2,1,1,1,1,5,12,1680
2023,12,21,ppr,1,2,3,1,2,0,0,12,11,2772
2024,12,21,half_ppr,1,1,1,1,6,0,0,11,11,2772
2023,12,20,ppr,1,2,3,1,1,0,0,12,11,2640
2024,12,20,ppr,1,2,3,1,1,0,0,12,11,2640
2024,14,16,half_ppr,1,2,3,1,1,1,1,6,11,2464
2025,10,22,ppr,1,2,3,1,2,0,0,13,11,2420
2023,12,18,ppr,1,2,3,1,2,0,0,9,11,2376
2024,12,18,ppr,1,2,2,1,3,0,1,8,11,2376
2025,12,18,ppr,1,2,2,1,3,0,1,8,11,2376
2023,14,15,ppr,1,2,2,1,2,1,1,5,11,2310
2024,10,21,ppr,1,2,2,1,3,0,0,12,11,2310
2024,14,15,ppr,1,2,2,1,2,1,1,5,11,2310
2020,12,17,ppr,1,2,2,1,2,1,1,7,11,2244
2022,12,17,ppr,1,2,2,1,3,0,0,8,11,2244
2022,12,16,half_ppr,1,2,2,1,1,1,1,7,11,2112
2023,12,16,ppr,1,2,2,1,2,0,1,7,11,2112
2025,12,16,ppr,1,2,3,1,1,1,1,6,11,2112
2024,12,16,ppr,1,2,3,1,1,1,1,6,11,2111
2020,12,15,ppr,1,2,2,1,2,0,0,7,11,1980
2020,10,17,ppr,1,2,2,1,2,1,1,7,11,1870
2024,10,17,ppr,1,2,2,1,3,0,0,8,11,1870
2025,10,17,ppr,1,2,2,1,4,0,0,7,11,1870
2021,12,14,half_ppr,1,2,2,1,2,0,0,6,11,1848
2025,12,14,ppr,1,2,2,1,2,0,1,5,11,1848
2020,10,16,ppr,1,2,2,1,1,1,1,7,11,1760
2022,10,16,ppr,1,2,2,1,1,1,1,7,11,1760
2022,10,16,ppr,1,2,3,1,2,0,0,7,11,1760
2024,12,13,ppr,1,2,3,1,1,0,0,5,11,1716
2021,10,15,ppr,1,2,2,1,2,0,0,7,11,1650
2021,10,15,ppr,1,2,2,1,2,0,1,6,11,1650
2025,10,15,half_ppr,1,2,2,1,2,1,1,5,11,1649
2020,10,14,ppr,1,2,2,1,1,1,1,5,11,1540
2021,12,22,ppr,1,2,3,1,3,0,0,12,10,2640
2023,12,21,ppr,1,2,2,1,3,0,0,12,10,2520
2023,12,20,ppr,1,2,3,1,3,0,0,10,10,2400
2025,12,20,ppr,1,2,3,1,2,0,0,11,10,2400
2021,12,18,ppr,1,2,2,1,4,0,0,8,10,2160
2022,12,18,ppr,1,2,2,1,2,1,1,8,10,2160
2023,12,18,ppr,1,2,2,1,2,1,1,8,10,2160
2022,10,21,ppr,1,2,3,1,3,0,0,11,10,2100
2021,12,17,ppr,1,2,2,1,2,1,1,7,10,2040
2023,12,17,ppr,1,2,2,1,3,0,0,8,10,2040
2021,12,17,ppr,1,2,3,1,3,0,0,7,10,2038
2021,12,16,ppr,1,2,2,1,3,0,0,0,10,1920
2023,12,16,half_ppr,1,2,2,1,1,1,1,7,10,1920
2023,12,16,ppr,1,2,2,1,2,0,0,8,10,1920
2023,12,16,ppr,1,2,3,1,2,1,1,5,10,1920
2021,10,19,ppr,1,2,2,1,3,0,0,10,10,1900
2021,12,15,half_ppr,1,2,3,1,2,0,0,6,10,1800
2022,12,15,ppr,1,2,2,1,0,1,1,6,10,1800
2023,10,18,ppr,1,2,2,1,2,0,0,10,10,1800
2023,12,15,ppr,1,2,3,1,1,0,1,6,10,1800
2024,12,15,ppr,1,2,3,1,1,1,1,5,10,1800
2025,12,15,ppr,1,2,3,1,1,0,1,6,10,1800
2022,12,14,ppr,1,2,2,1,2,0,1,5,10,1680
2025,12,14,half_ppr,1,2,2,1,2,0,0,6,10,1680
2022,10,16,ppr,1,2,2,1,2,0,1,7,10,1600
2023,10,16,ppr,1,2,3,1,2,0,0,7,10,1600
2020,10,15,half_ppr,1,2,2,1,1,1,1,6,10,1500
2024,10,15,ppr,1,2,2,1,2,0,0,7,10,1500
2022,10,13,ppr,1,2,2,1,2,0,0,5,10,1300
2023,10,13,ppr,1,2,2,1,2,0,0,5,10,1300
2022,12,24,ppr,1,2,3,1,2,0,0,15,9,2592
2023,12,22,ppr,1,2,2,1,2,0,0,13,9,2376
2023,12,22,ppr,1,2,3,1,3,0,0,12,9,2376
2024,12,22,ppr,1,2,2,1,3,0,0,13,9,2376
2021,12,20,ppr,1,2,3,1,2,0,0,11,9,2160
2022,12,20,ppr,1,2,3,1,1,0,0,12,9,2160
2023,12,20,ppr,1,2,2,1,2,0,0,12,9,2160
2021,14,16,half_ppr,1,2,3,1,1,1,1,6,9,2016
2023,14,16,half_ppr,1,2,3,1,1,1,1,6,9,2016
2025,14,16,half_ppr,1,2,3,1,1,1,1,6,9,2016
2022,14,16,half_ppr,1,2,3,1,1,1,1,6,9,2015
2021,12,18,half_ppr,1,2,3,1,1,0,0,10,9,1944
2021,12,18,ppr,1,2,2,1,2,1,1,8,9,1944
2021,12,18,ppr,1,2,3,1,1,0,0,10,9,1944
2022,12,18,ppr,1,2,2,1,3,0,0,9,9,1944
2023,12,18,half_ppr,1,2,2,1,2,0,0,10,9,1944
2023,12,18,half_ppr,1,2,2,1,3,0,0,9,9,1944
2021,14,15,ppr,1,2,2,1,2,1,1,5,9,1890
2022,12,17,half_ppr,1,2,2,1,2,0,0,9,9,1836
2022,10,20,ppr,1,2,2,1,2,0,0,12,9,1800
2021,12,16,ppr,1,2,3,1,3,0,0,6,9,1728
2024,12,16,half_ppr,1,2,3,1,1,1,1,6,9,1728
2021,10,18,ppr,1,2,3,1,2,0,0,9,9,1620
2023,12,15,ppr,1,2,3,1,1,1,1,5,9,1620
2024,12,15,half_ppr,1,2,3,1,2,0,0,6,9,1620
2022,12,14,half_ppr,1,2,2,1,2,0,0,6,9,1512
2020,12,14,ppr,1,2,2,1,2,0,1,5,9,1511
2021,10,16,half_ppr,1,2,2,1,2,1,1,6,9,1440
2021,10,16,ppr,1,2,2,1,2,0,0,8,9,1440
2021,10,16,ppr,1,2,3,1,2,0,1,6,9,1440
2023,10,16,ppr,1,2,2,1,1,1,1,7,9,1440
2023,10,16,ppr,1,2,2,1,2,0,0,8,9,1440
2020,10,15,ppr,1,2,2,1,2,0,1,6,9,1350
2022,10,15,half_ppr,1,2,2,1,1,1,1,6,9,1350
2022,10,15,ppr,1,2,3,1,1,1,1,5,9,1350
2023,10,15,half_ppr,1,2,2,1,2,1,1,5,9,1350
2023,10,15,ppr,1,2,2,1,2,0,1,6,9,1350
2025,10,15,ppr,1,2,2,1,2,0,0,7,9,1350
2025,10,15,ppr,1,2,2,1,2,0,1,6,9,1350
2020,10,14,half_ppr,1,2,2,1,1,1,1,5,9,1260
2020,10,14,ppr,1,2,2,1,2,0,0,6,9,1260
2020,10,14,ppr,1,2,2,1,2,0,1,5,9,1260
2021,10,14,ppr,1,2,2,1,2,0,1,5,9,1260
2024,12,25,ppr,1,2,3,1,3,0,0,15,8,2400
2023,12,23,ppr,1,2,3,1,4,0,0,12,8,2208
2022,12,21,ppr,1,2,3,1,2,0,0,12,8,2016
2022,12,20,half_ppr,1,2,3,1,2,0,0,11,8,1920
2022,12,20,ppr,1,2,2,1,4,0,0,10,8,1920
2023,12,20,half_ppr,1,2,2,1,2,0,0,12,8,1920
2024,12,20,half_ppr,1,2,3,1,2,0,0,11,8,1920
2025,12,20,half_ppr,1,2,3,1,2,0,0,11,8,1920
2025,10,23,ppr,1,2,3,1,2,0,0,14,8,1840
2021,12,19,ppr,1,2,2,1,3,0,0,10,8,1824
2021,12,18,ppr,1,2,2,1,2,0,0,10,8,1728
2023,12,17,ppr,1,2,3,1,2,0,0,8,8,1632
2025,12,17,ppr,1,2,3,1,2,1,1,6,8,1632
2022,10,20,ppr,1,2,2,1,4,0,0,10,8,1600
2023,10,20,ppr,1,2,2,1,2,0,0,12,8,1600
2023,10,20,ppr,1,2,2,1,3,0,0,11,8,1600
2021,14,14,ppr,1,2,2,1,1,1,1,0,8,1568
2020,12,16,ppr,1,2,2,1,3,0,0,7,8,1536
2022,12,16,ppr,1,2,3,1,2,0,1,6,8,1536
2023,12,16,ppr,1,2,2,1,3,0,1,6,8,1536
2023,12,16,ppr,1,2,3,1,3,0,0,6,8,1536
2021,10,19,ppr,1,2,3,1,2,0,0,10,8,1520
2024,10,19,ppr,1,2,3,1,2,0,0,10,8,1520
2025,10,19,ppr,1,2,2,1,1,1,1,10,8,1520
2020,12,15,ppr,1,2,3,1,2,0,0,6,8,1440
2020,12,15,std,1,2,2,1,1,1,1,6,8,1440
2021,12,15,ppr,1,2,2,1,0,1,1,6,8,1440
2022,12,15,ppr,1,2,3,1,1,1,1,5,8,1440
2023,10,18,ppr,1,2,3,1,3,0,0,8,8,1440
2025,10,18,ppr,1,2,2,1,2,0,0,10,8,1440
2025,10,18,ppr,1,2,3,1,2,0,0,9,8,1440
2021,10,17,ppr,1,2,2,1,3,0,0,8,8,1360
2025,10,17,ppr,1,2,2,1,3,0,0,8,8,1360
2021,12,14,half_ppr,1,2,2,1,2,0,1,5,8,1344
2023,12,14,half_ppr,1,2,2,1,2,0,0,6,8,1344
2024,12,14,half_ppr,1,2,2,1,2,0,0,6,8,1344
2024,12,14,ppr,1,2,2,1,1,0,1,6,8,1344
2024,12,14,ppr,1,2,2,1,3,0,0,5,8,1344
2020,10,16,ppr,1,2,2,1,2,0,1,7,8,1280
2020,12,13,ppr,1,2,2,1,2,0,0,5,8,1248
2024,12,13,half_ppr,1,2,3,1,1,0,0,5,8,1248
2021,10,15,half_ppr,1,2,2,1,1,1,1,6,8,1200
2024,10,15,ppr,1,2,2,1,2,0,1,6,8,1200
2025,10,15,half_ppr,1,2,2,1,1,1,1,6,8,1200
2020,10,14,half_ppr,1,2,2,1,2,0,1,5,8,1120
2021,10,14,ppr,1,2,2,1,1,0,1,5,8,1120
2024,10,14,ppr,1,2,2,1,1,1,1,0,8,1120
2021,10,13,ppr,1,2,2,1,2,0,0,5,8,1040
2023,8,16,ppr,1,2,2,1,2,1,1,6,8,1024
2024,14,20,ppr,1,2,3,1,2,0,1,10,7,1960
2022,12,23,ppr,1,2,2,1,3,0,0,14,7,1932
2023,12,22,ppr,1,2,3,1,2,0,0,13,7,1848
2025,12,22,half_ppr,1,2,2,1,2,1,1,12,7,1848
2022,12,20,ppr,1,2,3,1,2,0,1,10,7,1680
2023,12,20,ppr,1,2,2,1,2,1,1,10,7,1680
2024,10,24,ppr,1,2,3,1,2,0,0,15,7,1680
2024,12,20,half_ppr,1,2,2,1,2,0,0,12,7,1680
2024,12,20,ppr,1,2,2,1,2,0,0,12,7,1680
2025,12,20,ppr,1,2,2,1,3,0,0,11,7,1680
2025,10,23,ppr,1,2,3,1,3,0,0,13,7,1610
2024,12,19,ppr,1,2,2,1,3,0,0,10,7,1596
2025,12,19,ppr,1,2,2,1,3,0,0,10,7,1596
2025,14,16,ppr,1,2,3,1,3,0,0,6,7,1568
2021,14,16,half_ppr,1,2,2,1,2,0,0,0,7,1567
2025,10,22,ppr,1,2,3,1,3,0,0,12,7,1540
2024,12,18,half_ppr,1,2,2,1,3,0,0,9,7,1512
2024,12,18,half_ppr,1,2,3,1,2,0,0,9,7,1512
2025,12,18,ppr,1,2,3,1,2,0,0,9,7,1512
2022,10,21,ppr,1,2,2,1,3,0,0,12,7,1470
2023,14,15,ppr,1,2,2,1,2,0,0,7,7,1470
2021,12,17,ppr,1,2,3,1,2,0,0,8,7,1428
2023,12,17,ppr,1,2,3,1,3,0,0,7,7,1428
2025,10,20,ppr,1,2,2,1,2,0,0,12,7,1400
2025,10,20,ppr,1,2,2,1,2,1,1,10,7,1400
2021,12,16,ppr,1,2,3,1,1,1,1,6,7,1344
2022,12,16,ppr,1,2,3,1,1,1,1,6,7,1344
2023,12,16,half_ppr,1,2,3,1,1,1,1,6,7,1344
2021,10,18,ppr,1,2,2,1,2,0,0,10,7,1260
2022,10,18,ppr,1,2,2,1,2,1,1,8,7,1260
2022,10,18,ppr,1,2,2,1,3,1,1,7,7,1260
2022,10,18,ppr,1,2,3,1,1,0,0,10,7,1260
2022,12,15,ppr,1,2,3,1,1,0,1,6,7,1260
2022,12,15,std,1,2,2,1,2,1,1,0,7,1260
2023,12,15,half_ppr,1,2,2,1,0,1,1,6,7,1260
2025,12,15,ppr,1,2,3,1,1,1,1,5,7,1260
2020,10,17,ppr,1,2,2,1,3,0,0,8,7,1190
2022,10,17,ppr,1,2,2,1,2,0,1,8,7,1190
2023,10,17,ppr,1,2,2,1,3,0,0,8,7,1190
2024,10,17,ppr,1,2,3,1,1,1,1,7,7,1190
2020,12,14,half_ppr,1,2,2,1,2,0,0,6,7,1176
2020,12,14,half_ppr,1,2,2,1,2,0,1,5,7,1176
2020,12,14,ppr,1,2,2,1,1,1,1,5,7,1176
2021,12,14,ppr,1,2,3,1,1,0,1,5,7,1176
2022,12,14,half_ppr,1,2,2,1,1,1,1,5,7,1176
2022,12,14,half_ppr,1,2,2,1,2,0,1,5,7,1176
2025,12,14,half_ppr,1,2,2,1,1,1,1,5,7,1176
2020,10,16,half_ppr,1,2,2,1,2,1,1,6,7,1120
2020,10,16,ppr,1,2,2,1,3,0,0,7,7,1120
2021,10,16,half_ppr,1,2,2,1,1,1,1,7,7,1120
2021,10,16,ppr,1,2,2,1,2,0,1,7,7,1120
2022,10,16,half_ppr,1,2,2,1,2,1,1,6,7,1120
2023,10,16,ppr,1,2,2,1,2,0,1,7,7,1120
2023,10,16,ppr,1,2,2,1,4,0,0,6,7,1120
2024,10,16,ppr,1,2,2,1,2,0,1,7,7,1120
2025,10,16,half_ppr,1,2,2,1,2,1,1,6,7,1120
2025,10,16,ppr,1,2,2,1,2,0,1,7,7,1120
2025,12,13,half_ppr,1,2,2,1,2,0,0,5,7,1092
2021,10,15,half_ppr,1,2,2,1,2,0,1,6,7,1050
2021,10,15,ppr,1,2,3,1,1,1,1,5,7,1050
2024,10,15,half_ppr,1,2,2,1,1,1,1,6,7,1050
2025,10,15,std,1,2,2,1,2,1,1,0,7,1050
2021,10,14,half_ppr,1,2,2,1,1,1,1,5,7,980
2022,10,14,ppr,1,2,2,1,2,0,1,5,7,980
2023,10,14,ppr,1,2,3,1,2,0,0,5,7,980
2024,10,14,half_ppr,1,2,2,1,2,0,1,5,7,980
2024,10,14,ppr,1,2,2,1,2,0,1,5,7,980
2024,8,15,ppr,1,2,2,1,0,0,0,6,7,840
2024,14,20,ppr,1,2,3,1,3,0,0,10,6,1680
2021,12,22,ppr,1,2,2,1,3,0,0,13,6,1584
2024,12,22,half_ppr,1,2,3,1,2,0,0,13,6,1584
2024,12,22,ppr,1,1,1,0,7,0,0,12,6,1584
2025,12,22,ppr,1,2,3,1,2,0,0,13,6,1584
2022,12,21,ppr,1,2,2,1,2,0,0,12,6,1512
2025,10,25,ppr,1,2,3,1,3,0,0,15,6,1500
2021,12,20,ppr,1,2,2,1,3,0,0,11,6,1440
2024,12,20,ppr,1,2,3,1,2,1,1,9,6,1440
2021,12,19,ppr,1,2,3,1,2,0,0,10,6,1368
2023,12,19,ppr,1,1,3,1,3,0,0,10,6,1368
2025,12,18,half_ppr,1,2,2,1,2,0,0,10,6,1296
2025,12,18,half_ppr,1,2,2,1,3,0,0,9,6,1296
2023,12,18,half_ppr,1,2,3,1,1,1,1,8,6,1284
2021,12,17,ppr,1,2,2,1,3,0,0,8,6,1224
2022,12,17,ppr,1,2,3,1,1,1,1,7,6,1224
2022,12,17,ppr,1,2,3,1,3,0,0,7,6,1224
2023,12,17,ppr,1,2,3,1,1,1,1,7,6,1224
2024,12,17,ppr,1,2,2,1,3,0,0,8,6,1224
2024,12,17,ppr,1,2,3,1,2,0,0,8,6,1224
2024,12,17,ppr,1,2,3,1,2,1,1,6,6,1224
2025,12,17,ppr,1,2,2,1,3,1,1,6,6,1224
2021,10,20,ppr,1,2,2,1,3,0,0,11,6,1200
2021,10,20,ppr,1,2,3,1,2,0,0,11,6,1200
2021,10,20,ppr,1,2,3,1,3,0,0,10,6,1200
2024,10,20,ppr,1,2,2,1,2,0,0,12,6,1200
2024,10,20,ppr,1,2,3,1,2,0,0,11,6,1200
2025,14,14,ppr,1,2,2,1,2,0,0,6,6,1176
2020,12,16,half_ppr,1,2,2,1,1,1,1,7,6,1152
2020,12,16,half_ppr,1,2,3,1,2,0,0,7,6,1152
2020,12,16,ppr,1,2,3,1,2,0,1,6,6,1152
2021,12,16,half_ppr,1,2,3,1,2,1,0,6,6,1152
2021,12,16,ppr,1,2,2,1,2,0,0,8,6,1152
2021,12,16,ppr,1,2,2,1,3,0,1,6,6,1152
2022,12,16,half_ppr,1,2,2,1,2,0,0,8,6,1152
2022,12,16,half_ppr,1,2,2,1,2,0,1,7,6,1152
2023,12,16,ppr,1,2,3,1,1,0,0,8,6,1152
2023,12,16,ppr,1,2,3,1,2,0,1,6,6,1152
2024,12,16,ppr,1,2,2,1,2,0,0,8,6,1152
2024,12,16,ppr,1,2,3,1,2,0,1,6,6,1152
2024,12,16,ppr,1,2,3,1,2,1,1,5,6,1152
2025,12,16,ppr,1,2,2,1,1,0,0,7,6,1152
2025,12,16,ppr,1,2,3,1,2,0,1,6,6,1152
2025,12,16,ppr,1,2,3,1,3,0,0,6,6,1152
2023,10,19,ppr,1,2,3,1,2,0,0,10,6,1140
2021,10,18,ppr,1,2,2,1,3,0,0,9,6,1080
2021,10,18,ppr,1,2,3,1,3,0,0,8,6,1080
2021,12,15,ppr,1,2,2,1,3,0,1,5,6,1080
2022,10,18,ppr,1,2,3,1,2,0,0,9,6,1080
2022,10,18,ppr,1,2,3,1,2,1,1,7,6,1080
2022,12,15,half_ppr,1,2,2,1,2,0,0,7,6,1080
2024,12,15,half_ppr,1,2,2,1,3,0,0,6,6,1080
2023,10,17,ppr,1,2,3,1,3,0,0,7,6,1020
2024,10,17,ppr,1,2,2,1,3,1,1,6,6,1020
2020,12,14,half_ppr,1,2,2,1,1,1,1,5,6,1008
2021,12,14,ppr,1,2,2,1,1,1,1,0,6,1008
2022,12,14,ppr,1,2,3,1,1,0,1,5,6,1008
2024,12,14,ppr,1,2,3,1,1,0,0,6,6,1008
2020,10,16,ppr,1,2,3,1,3,0,0,6,6,960
2021,10,16,ppr,1,2,3,1,1,1,1,6,6,960
2021,10,16,ppr,1,2,3,1,2,0,0,7,6,960
2022,10,16,ppr,1,2,2,1,3,1,1,5,6,960
2022,10,16,ppr,1,2,3,1,1,1,1,6,6,960
2024,10,16,ppr,1,2,3,1,2,0,0,7,6,960
2025,10,16,ppr,1,2,3,1,2,0,0,7,6,960
2020,12,13,ppr,1,2,2,1,0,1,1,5,6,936
2022,10,15,ppr,1,2,2,1,2,1,1,0,6,900
2023,10,15,half_ppr,1,2,2,1,1,1,1,6,6,900
2023,10,15,ppr,1,2,3,1,2,0,0,6,6,900
2024,10,15,ppr,1,2,3,1,2,0,0,6,6,900
2025,10,15,half_ppr,1,2,2,1,2,0,1,6,6,900
2022,10,14,half_ppr,1,2,2,1,1,1,1,5,6,840
2025,8,17,ppr,1,2,2,1,2,1,1,7,6,816
2020,8,16,ppr,1,2,2,1,2,1,1,6,6,768
2021,8,16,ppr,1,2,2,1,2,1,1,6,6,768
2022,8,16,ppr,1,2,2,1,2,1,1,6,6,768
2025,8,16,ppr,1,2,2,1,2,1,1,6,6,768
2021,14,24,ppr,1,2,2,1,2,0,1,15,5,1680
2022,14,24,ppr,1,2,2,1,2,0,1,15,5,1680
2023,14,24,ppr,1,2,2,1,2,0,1,15,5,1680
2024,12,26,ppr,1,2,3,1,4,0,0,15,5,1560
2022,14,20,ppr,1,2,3,1,3,0,0,10,5,1400
2025,14,20,ppr,1,2,3,1,3,0,0,10,5,1400
2024,12,22,ppr,1,2,2,1,4,0,0,12,5,1320
2021,12,21,ppr,1,2,3,1,2,0,0,12,5,1260
2022,12,21,ppr,1,2,2,1,3,0,0,12,5,1260
2025,12,21,ppr,1,2,2,1,2,0,0,13,5,1260
2022,12,20,half_ppr,1,2,3,1,1,0,0,12,5,1200
2022,12,20,ppr,1,2,2,1,2,1,1,10,5,1200
2023,10,24,ppr,1,2,2,1,3,0,0,15,5,1200
2025,12,19,ppr,1,2,2,1,3,1,1,8,5,1140
2021,10,22,ppr,1,2,3,1,3,0,0,12,5,1100
2024,10,22,ppr,1,2,3,1,3,0,0,12,5,1100
2021,12,18,ppr,1,2,2,1,3,0,0,9,5,1080
2021,12,18,ppr,1,2,3,1,3,0,0,8,5,1080
2022,12,18,ppr,1,2,3,1,3,0,0,8,5,1080
2022,12,18,ppr,1,2,3,2,2,0,0,8,5,1080
2024,12,18,ppr,1,2,2,1,2,1,1,8,5,1080
2024,12,18,ppr,1,2,3,1,3,0,0,8,5,1080
2020,12,17,ppr,1,2,2,1,2,0,1,8,5,1020
2021,12,17,half_ppr,1,2,3,1,2,0,0,8,5,1020
2021,12,17,ppr,1,2,3,1,3,0,0,0,5,1020
2022,12,17,ppr,1,2,2,1,3,1,1,6,5,1020
2023,12,17,ppr,1,2,2,1,2,0,0,9,5,1020
2023,12,17,ppr,1,2,2,1,3,1,1,6,5,1020
2023,12,17,ppr,1,2,3,1,1,0,0,9,5,1020
2023,12,17,ppr,1,2,3,1,2,1,1,6,5,1020
2025,12,17,ppr,1,2,3,1,1,1,1,7,5,1020
2022,10,20,ppr,1,2,2,1,2,1,1,10,5,1000
2023,10,20,ppr,1,2,2,1,2,1,1,10,5,1000
2023,10,20,ppr,1,2,3,1,3,0,0,10,5,1000
2024,10,20,ppr,1,2,2,1,3,0,0,11,5,1000
2024,10,20,ppr,1,2,3,1,3,0,0,10,5,1000
2023,14,14,ppr,1,2,2,1,1,1,1,5,5,980
2021,12,16,ppr,1,1,2,1,4,0,0,7,5,960
2023,12,16,ppr,1,2,4,1,2,0,0,6,5,960
2024,12,16,half_ppr,1,2,3,1,2,0,0,7,5,960
2024,12,16,ppr,1,2,2,1,1,0,0,7,5,960
2024,12,16,ppr,1,2,2,1,3,0,0,0,5,960
2025,10,19,ppr,1,2,2,1,3,0,0,10,5,950
2020,10,18,ppr,1,2,2,1,2,1,1,8,5,900
2020,12,15,std,1,2,2,1,0,1,1,6,5,900
2021,10,18,ppr,1,2,3,1,1,1,1,8,5,900
2021,12,15,ppr,1,2,3,1,1,0,1,6,5,900
2021,12,15,ppr,1,2,3,1,1,1,1,5,5,900
2022,10,18,ppr,1,2,3,1,1,1,1,8,5,900
2022,10,18,ppr,1,2,3,1,3,0,0,8,5,900
2022,12,15,half_ppr,1,2,3,1,2,0,0,6,5,900
2023,12,15,half_ppr,1,2,3,1,2,0,0,6,5,900
2023,12,15,ppr,1,2,2,1,0,1,1,0,5,900
2023,12,15,ppr,1,2,3,1,2,0,1,5,5,900
2023,12,15,ppr,1,2,3,1,3,0,0,5,5,900
2025,10,18,ppr,1,2,3,1,2,1,1,7,5,900
2025,12,15,half_ppr,1,2,3,1,1,0,1,6,5,900
2025,12,15,ppr,1,2,3,1,2,0,1,5,5,900
2022,10,17,ppr,1,2,3,1,2,0,0,8,5,850
2022,10,17,ppr,1,2,3,1,2,0,1,7,5,850
2025,10,17,ppr,1,2,2,1,3,1,1,6,5,850
2020,12,14,half_ppr,1,2,2,1,1,0,1,6,5,840
2022,12,14,half_ppr,1,2,2,1,3,0,0,5,5,840
2024,12,14,half_ppr,1,2,2,1,1,1,1,5,5,840
2024,10,16,ppr,1,2,2,1,2,0,0,8,5,802
2021,10,16,half_ppr,1,2,3,1,1,1,1,6,5,800
2022,10,16,half_ppr,1,2,2,1,1,1,1,7,5,800
2022,10,16,ppr,1,2,2,1,2,0,0,7,5,800
2022,10,16,ppr,1,2,3,1,2,0,1,6,5,800
2023,10,16,ppr,1,2,2,1,3,1,1,5,5,800
2024,10,16,half_ppr,1,2,2,1,2,1,1,6,5,800
2025,10,16,ppr,1,2,2,1,1,1,1,7,5,800
2025,10,16,ppr,1,2,2,1,2,0,0,8,5,800
2025,10,16,ppr,1,2,2,1,3,0,1,6,5,800
2020,12,13,half_ppr,1,2,2,1,2,0,0,5,5,780
2021,12,13,ppr,1,2,3,1,1,0,0,5,5,780
2022,12,13,ppr,1,1,2,1,2,0,0,6,5,780
2023,12,13,ppr,1,2,2,1,2,0,0,0,5,780
2024,12,13,half_ppr,1,2,2,1,2,0,0,5,5,780
2024,12,13,ppr,1,2,2,1,1,0,0,6,5,780
2023,10,15,half_ppr,1,2,2,1,2,0,0,7,5,751
2022,10,15,ppr,1,2,2,1,2,0,0,6,5,750
2023,10,15,ppr,1,2,2,1,2,0,0,6,5,750
2025,10,15,ppr,1,2,3,1,2,0,0,6,5,750
2024,10,15,ppr,1,2,2,1,2,1,1,0,5,746
2023,12,12,ppr,1,2,2,1,1,0,0,5,5,720
2021,10,14,ppr,1,2,3,1,2,0,0,5,5,700
2023,10,14,ppr,1,2,2,1,2,0,1,5,5,700
2022,8,15,ppr,1,2,2,1,1,1,1,6,5,600
2022,8,15,ppr,1,2,2,1,3,0,1,5,5,600
2023,8,15,ppr,1,2,2,1,1,1,1,6,5,600
2024,8,13,ppr,1,2,2,1,1,0,0,6,5,520
2025,8,13,ppr,1,2,2,1,2,0,0,5,5,520
2021,12,26,ppr,1,2,3,1,4,0,0,15,4,1247
2022,12,25,ppr,1,2,2,1,3,0,0,16,4,1200
2022,12,25,ppr,1,2,3,1,3,0,0,15,4,1200
2022,12,24,ppr,1,2,2,1,3,0,0,15,4,1152
2022,12,24,ppr,1,2,3,1,3,0,0,14,4,1152
2023,12,24,ppr,1,2,3,1,2,0,0,15,4,1152
2024,12,24,ppr,1,2,3,1,3,0,0,14,4,1152
2021,10,28,ppr,1,2,2,1,6,0,0,16,4,1119
2021,12,23,ppr,1,2,2,1,2,0,0,15,4,1104
2023,12,23,ppr,1,2,2,1,2,0,0,15,4,1104
2023,12,23,ppr,1,2,3,1,1,0,0,15,4,1104
2024,12,23,ppr,1,2,2,1,3,0,0,14,4,1104
2025,12,23,half_ppr,1,2,2,1,2,0,0,15,4,1104
2022,12,22,ppr,1,2,3,1,1,0,0,12,4,1056
2023,12,22,ppr,1,2,2,1,4,0,0,12,4,1056
2025,12,22,ppr,1,2,2,1,2,0,0,14,4,1056
2025,12,21,ppr,1,2,2,1,2,0,0,12,4,1008
2022,10,25,ppr,1,2,2,1,4,0,0,15,4,1000
2021,12,20,ppr,1,2,3,1,1,0,0,11,4,960
2022,12,20,ppr,1,2,3,1,1,0,0,10,4,960
2023,10,24,ppr,1,1,1,1,6,0,0,14,4,960
2024,10,24,ppr,1,2,2,1,2,0,0,16,4,960
2024,10,24,ppr,1,2,3,1,3,0,0,14,4,960
2023,10,23,ppr,1,2,2,1,3,0,0,14,4,920
2025,10,23,ppr,1,2,2,1,3,0,0,14,4,920
2022,12,19,ppr,1,2,2,1,2,0,0,11,4,912
2023,12,19,half_ppr,1,2,3,1,2,0,0,10,4,912
2024,12,19,ppr,1,2,2,1,3,1,1,8,4,912
2021,14,16,ppr,1,2,2,1,2,1,1,6,4,896
2020,10,22,ppr,1,2,3,1,3,1,1,10,4,880
2023,10,22,ppr,1,2,2,1,4,0,0,12,4,880
2022,12,18,ppr,1,2,2,1,1,1,1,9,4,864
2022,12,18,ppr,1,2,3,1,1,1,1,8,4,864
2023,12,18,ppr,1,2,3,1,3,0,0,8,4,864
2024,12,18,half_ppr,1,2,2,1,3,1,1,7,4,864
2025,12,18,ppr,1,2,2,1,2,1,1,8,4,864
2025,12,18,ppr,1,2,3,1,4,0,0,7,4,864
2022,10,21,ppr,1,2,3,1,2,0,0,12,4,840
2022,14,15,half_ppr,1,2,2,1,2,1,1,5,4,840
2022,14,15,ppr,1,0,0,0,8,0,0,6,4,840
2023,14,15,ppr,1,0,0,0,8,0,0,6,4,840
2024,10,21,ppr,1,2,2,1,2,0,0,12,4,840
2025,14,15,ppr,1,2,2,1,1,1,1,6,4,840
2020,12,17,ppr,1,2,3,1,2,0,0,8,4,816
2022,12,17,ppr,1,2,2,1,1,1,1,8,4,816
2022,12,17,ppr,1,2,3,1,2,1,1,6,4,816
2024,12,17,half_ppr,1,2,2,1,2,1,1,7,4,816
2024,12,17,ppr,1,2,2,1,1,1,1,8,4,816
2024,12,17,ppr,1,2,2,1,2,0,0,9,4,816
2024,12,17,ppr,1,2,2,1,3,1,1,6,4,816
2024,12,17,ppr,1,2,3,1,3,0,0,7,4,816
2025,12,17,half_ppr,1,2,2,1,2,1,1,7,4,816
2025,12,17,ppr,1,2,2,1,1,0,0,10,4,816
2021,10,20,ppr,1,2,2,1,2,1,1,10,4,800
2022,10,20,ppr,1,2,3,1,2,0,0,11,4,800
2022,10,20,ppr,1,2,3,1,3,0,0,10,4,800
2024,10,20,ppr,1,2,2,1,4,0,0,10,4,800
2025,10,20,ppr,1,2,3,1,2,0,0,11,4,800
2020,14,14,ppr,1,2,2,1,2,0,0,6,4,784
2020,12,16,half_ppr,1,2,3,1,1,1,1,6,4,768
2021,12,16,half_ppr,1,2,2,1,1,1,1,7,4,768
2021,12,16,ppr,1,2,3,1,2,0,1,6,4,768
2022,12,16,half_ppr,1,2,3,1,1,1,1,6,4,768
2023,12,16,half_ppr,1,2,2,1,2,0,1,7,4,768
2023,12,16,half_ppr,1,2,3,1,2,0,1,6,4,768
2023,12,16,ppr,1,2,2,1,2,1,1,0,4,768
2024,12,16,ppr,1,2,2,1,1,1,1,6,4,768
2024,12,16,ppr,1,2,2,1,2,1,1,1,4,768
2024,12,16,ppr,1,2,3,1,1,0,0,6,4,768
2024,12,16,ppr,1,2,3,1,1,0,0,8,4,768
2025,12,16,ppr,1,2,3,1,2,1,1,5,4,768
2022,10,19,ppr,1,2,2,1,3,0,0,10,4,760
2022,10,19,ppr,1,2,3,1,2,0,0,10,4,760
2020,10,18,ppr,1,2,3,1,2,1,1,7,4,720
2020,12,15,half_ppr,1,2,2,1,2,0,0,7,4,720
2020,12,15,ppr,1,2,2,1,3,0,1,5,4,720
2021,12,15,ppr,1,2,3,1,2,0,1,5,4,720
2022,12,15,half_ppr,1,2,2,1,2,1,1,0,4,720
2022,12,15,half_ppr,1,2,2,1,3,0,0,6,4,720
2022,12,15,ppr,1,2,3,1,2,0,1,5,4,720
2023,10,18,ppr,1,2,3,1,2,1,1,7,4,720
2023,12,15,ppr,1,2,3,1,1,0,0,7,4,720
2024,12,15,ppr,1,2,2,1,3,0,1,5,4,720
2024,12,15,ppr,1,2,3,1,1,0,0,7,4,720
2024,12,15,ppr,1,2,3,1,1,0,1,6,4,720
2025,10,18,ppr,1,2,2,1,3,0,0,9,4,720
2025,10,18,ppr,1,2,2,1,3,1,1,7,4,720
2023,12,15,half_ppr,1,2,2,1,2,0,0,7,4,712
2020,10,17,ppr,1,2,3,1,2,0,0,8,4,680
2021,10,17,ppr,1,2,3,1,2,0,0,8,4,680
2021,10,17,ppr,1,2,3,1,2,0,1,7,4,680
2022,10,17,ppr,1,2,2,1,2,0,0,9,4,680
2023,10,17,ppr,1,2,2,1,2,0,0,9,4,680
2024,10,17,ppr,1,2,3,1,2,1,1,6,4,680
2022,12,14,ppr,1,2,2,1,0,1,1,6,4,672
2023,12,14,half_ppr,1,2,2,1,1,1,1,5,4,672
2023,12,14,half_ppr,1,2,3,1,2,0,0,5,4,672
2023,12,14,ppr,1,2,2,1,1,0,1,6,4,672
2025,12,14,ppr,1,2,3,1,1,0,0,6,4,672
2025,12,14,ppr,1,2,2,1,2,1,0,5,4,660
2020,10,16,half_ppr,1,2,2,1,1,1,1,7,4,640
2022,10,16,half_ppr,1,2,3,1,2,0,0,7,4,640
2022,10,16,ppr,1,2,3,1,2,1,1,5,4,640
2023,10,16,half_ppr,1,2,2,1,1,1,1,7,4,640
2023,10,16,half_ppr,1,2,2,1,2,1,1,6,4,640
2023,10,16,ppr,1,2,3,1,1,1,1,6,4,640
2023,10,16,ppr,1,2,3,1,2,1,1,5,4,640
2025,10,16,half_ppr,1,2,2,1,1,1,1,7,4,640
2021,12,13,half_ppr,1,2,2,1,1,0,0,0,4,624
2021,12,13,half_ppr,1,2,2,1,2,0,0,5,4,624
2022,12,13,half_ppr,1,2,2,1,2,0,0,5,4,624
2022,12,13,ppr,1,2,2,1,1,0,0,6,4,624
2025,12,13,ppr,1,2,2,1,1,1,1,4,4,624
2020,10,15,half_ppr,1,2,2,1,2,0,1,6,4,600
2020,10,15,half_ppr,1,2,2,1,3,0,1,5,4,600
2020,10,15,ppr,1,2,2,1,2,0,0,7,4,600
2023,10,15,half_ppr,1,2,3,1,2,0,0,6,4,600
2023,10,15,ppr,1,2,2,1,3,0,1,5,4,600
2024,10,15,ppr,1,2,3,1,3,0,0,5,4,600
2025,10,15,ppr,1,2,2,1,3,0,1,5,4,600
2021,8,18,ppr,1,2,2,1,2,1,1,8,4,576
2020,12,12,ppr,1,2,2,1,1,0,0,5,4,564
2020,10,14,ppr,1,2,2,1,3,0,0,5,4,560
2023,10,14,half_ppr,1,2,2,1,2,0,1,5,4,560
2023,10,14,ppr,1,2,2,1,1,0,0,7,4,560
2024,10,14,half_ppr,1,2,2,1,1,1,1,5,4,560
2024,10,14,ppr,1,2,2,1,2,1,0,0,4,560
2022,8,17,ppr,1,2,2,1,2,1,1,7,4,544
2024,8,17,ppr,1,2,2,1,2,1,1,7,4,544
2021,10,13,half_ppr,1,2,2,1,2,0,0,5,4,520
2022,10,13,half_ppr,1,2,2,1,2,0,0,5,4,520
2025,10,13,ppr,1,2,2,1,2,0,0,5,4,520
2021,8,16,ppr,1,2,3,1,2,0,1,6,4,512
2023,8,16,ppr,1,2,2,1,3,0,0,7,4,512
2024,8,16,ppr,1,2,2,1,2,1,1,6,4,512
2020,8,15,half_ppr,1,2,2,1,2,1,1,5,4,480
2021,8,15,half_ppr,1,2,2,1,1,1,1,6,4,480
2023,8,15,ppr,1,2,3,1,2,0,0,6,4,480
2020,8,14,ppr,1,2,2,1,1,1,1,5,4,448
2025,8,14,ppr,1,2,2,1,2,0,0,6,4,448
2023,12,27,ppr,1,2,2,1,3,0,0,18,3,972
2024,12,27,ppr,1,2,3,1,4,0,0,16,3,972
2025,12,27,ppr,1,2,2,1,1,0,0,18,3,972
2021,12,26,ppr,1,2,2,1,4,0,0,16,3,936
2023,12,25,ppr,1,2,2,1,4,0,0,15,3,900
2021,12,24,ppr,1,2,3,1,4,0,0,13,3,864
2023,14,20,half_ppr,1,2,3,1,3,0,0,10,3,840
2021,12,23,ppr,1,2,2,1,3,0,0,14,3,828
2022,12,23,ppr,1,2,3,1,2,0,0,14,3,828
2025,12,23,half_ppr,1,2,3,1,4,0,0,12,3,828
2021,12,22,ppr,1,2,2,1,2,0,0,12,3,792
2021,12,22,ppr,1,2,2,1,4,0,0,12,3,792
2021,12,22,ppr,1,2,3,1,1,0,0,12,3,792
2023,12,22,ppr,1,2,2,1,3,0,0,13,3,792
2024,12,22,ppr,1,2,3,1,2,0,0,13,3,792
2022,12,21,ppr,1,2,3,1,3,0,0,11,3,756
2023,12,21,ppr,1,2,2,1,2,0,0,13,3,756
2023,12,21,ppr,1,2,3,1,3,0,0,11,3,756
2024,14,18,ppr,1,2,2,1,3,0,0,9,3,756
2025,12,21,half_ppr,1,2,3,1,1,0,0,11,3,756
2020,12,20,ppr,1,2,2,1,2,1,1,10,3,720
2021,12,20,half_ppr,1,2,3,1,1,0,0,12,3,720
2023,10,24,ppr,1,2,2,1,5,0,0,12,3,720
2023,12,20,half_ppr,1,2,3,1,1,0,0,12,3,720
2024,10,24,ppr,1,2,2,1,4,0,0,14,3,720
2024,10,23,ppr,1,2,2,1,3,0,0,14,3,690
2021,12,19,half_ppr,1,2,2,1,3,0,0,10,3,684
2021,12,19,ppr,1,2,3,1,3,0,0,9,3,684
2024,12,19,ppr,1,2,3,1,2,1,1,8,3,684
2024,12,19,ppr,1,2,3,1,3,0,0,9,3,684
2025,12,19,ppr,1,2,3,2,4,0,0,7,3,684
2022,14,16,ppr,1,2,3,1,2,1,1,5,3,672
2024,14,16,ppr,1,2,2,1,2,1,1,6,3,672
2025,14,16,ppr,1,2,2,1,2,1,1,6,3,672
2021,10,22,ppr,1,2,2,1,4,0,0,12,3,660
2023,10,22,ppr,1,2,2,1,3,0,0,13,3,660
2023,10,22,ppr,1,2,3,1,3,0,0,12,3,660
2024,10,22,ppr,1,2,2,1,3,0,0,13,3,660
2020,12,18,ppr,1,2,2,1,2,1,1,8,3,648
2021,12,18,ppr,1,2,2,1,3,1,1,7,3,648
2021,12,18,ppr,1,2,3,1,1,1,1,8,3,648
2021,12,18,ppr,1,2,3,1,3,0,0,0,3,648
2022,12,18,ppr,1,2,2,1,1,0,0,11,3,648
2023,12,18,ppr,1,2,2,1,3,1,1,7,3,648
2023,12,18,ppr,1,2,3,1,2,1,1,7,3,648
2024,12,18,ppr,1,2,2,1,1,0,0,10,3,648
2025,12,18,ppr,1,2,2,1,4,0,0,8,3,648
2025,12,18,ppr,1,2,3,1,1,1,1,8,3,648
2025,12,18,ppr,1,2,3,1,2,1,1,7,3,648
2020,14,15,half_ppr,1,2,2,1,1,1,1,6,3,630
2021,10,21,ppr,1,2,3,1,3,0,0,11,3,630
2022,14,15,ppr,1,2,2,1,1,1,1,6,3,630
2023,14,15,ppr,1,2,2,1,1,1,1,6,3,630
2024,14,15,ppr,1,0,0,0,8,0,0,6,3,630
2024,14,15,ppr,1,2,2,1,1,1,1,6,3,630
2025,14,15,half_ppr,1,2,2,1,2,1,1,5,3,630
2025,14,15,ppr,1,2,2,1,2,0,0,7,3,630
2025,14,15,ppr,1,2,3,1,2,0,0,6,3,630
2020,12,17,half_ppr,1,2,3,1,2,1,1,6,3,612
2020,12,17,ppr,1,2,3,1,2,1,1,6,3,612
2021,12,17,half_ppr,1,2,2,1,1,1,1,8,3,612
2021,12,17,half_ppr,1,2,3,1,1,1,1,7,3,612
2021,12,17,ppr,1,2,3,1,2,1,1,6,3,612
2022,12,17,half_ppr,1,2,2,1,2,1,1,7,3,612
2023,12,17,half_ppr,1,2,2,1,2,1,1,7,3,612
2023,12,17,ppr,1,2,2,1,3,0,1,7,3,612
2023,12,17,ppr,1,2,3,1,2,0,1,7,3,612
2024,12,17,half_ppr,1,2,3,1,1,1,1,7,3,612
2025,12,17,ppr,1,2,2,1,2,0,1,8,3,612
2025,12,17,ppr,1,2,3,1,2,0,0,8,3,612
2025,12,17,ppr,1,2,3,1,2,0,1,7,3,612
2022,10,20,ppr,1,2,3,1,1,0,0,12,3,600
2022,10,20,ppr,1,2,3,1,1,1,1,10,3,600
2025,10,20,ppr,1,2,2,1,4,0,0,10,3,600
2023,14,14,ppr,1,2,2,1,2,0,0,6,3,588
2025,14,14,half_ppr,1,2,2,1,2,0,0,6,3,588
2020,12,16,ppr,1,2,2,1,2,0,0,8,3,576
2020,12,16,ppr,1,2,2,1,3,0,1,6,3,576
2020,12,16,ppr,1,2,3,1,1,1,1,6,3,576
2021,12,16,half_ppr,1,2,2,1,2,0,0,8,3,576
2021,12,16,half_ppr,1,2,3,1,1,1,1,6,3,576
2021,12,16,ppr,1,2,3,1,2,1,1,5,3,576
2021,12,16,std,1,2,2,1,1,1,1,7,3,576
2022,12,16,ppr,1,2,2,1,1,0,0,7,3,576
2022,12,16,ppr,1,2,2,1,4,0,0,6,3,576
2022,12,16,ppr,1,2,3,1,2,1,1,5,3,576
2023,12,16,ppr,1,2,2,1,1,0,0,7,3,576
2023,12,16,ppr,1,2,2,1,1,1,1,6,3,576
2024,12,16,half_ppr,1,2,3,1,2,1,1,5,3,576
2024,12,16,ppr,1,2,2,1,3,0,1,6,3,576
2024,12,16,ppr,1,2,2,1,3,1,1,5,3,576
2024,12,16,ppr,1,2,3,1,1,0,1,7,3,576
2025,12,16,half_ppr,1,2,2,1,2,0,1,7,3,576
2025,12,16,half_ppr,1,2,3,1,2,0,0,7,3,576
2025,12,16,ppr,1,2,2,1,3,1,1,5,3,576
2023,10,19,ppr,1,2,2,1,3,0,0,10,3,570
2025,10,19,half_ppr,1,2,2,1,3,0,0,10,3,570
2024,14,13,ppr,1,2,2,1,2,0,0,5,3,546
2025,14,13,ppr,1,2,2,1,1,0,0,6,3,546
2020,12,15,half_ppr,1,2,3,1,1,0,1,6,3,540
2020,12,15,half_ppr,1,2,3,1,2,0,0,6,3,540
2021,10,18,half_ppr,1,2,3,1,1,0,0,10,3,540
2021,10,18,ppr,1,2,2,1,4,0,0,8,3,540
2021,10,18,ppr,1,2,3,1,2,0,1,8,3,540
2021,12,15,half_ppr,1,2,2,1,3,0,0,6,3,540
2021,12,15,std,1,2,2,1,1,1,1,6,3,540
2022,10,18,half_ppr,1,2,2,1,2,1,1,8,3,540
2022,10,18,half_ppr,1,2,3,1,1,1,1,8,3,540
2022,10,18,ppr,1,2,2,1,3,0,0,9,3,540
2022,12,15,half_ppr,1,2,3,1,1,0,1,6,3,540
2022,12,15,ppr,1,2,2,1,4,0,0,5,3,540
2022,12,15,ppr,1,2,3,1,1,0,0,7,3,540
2023,10,18,ppr,1,2,2,1,3,1,1,7,3,540
2023,12,15,half_ppr,1,2,2,1,3,0,0,6,3,540
2023,12,15,half_ppr,1,2,3,1,1,1,1,5,3,540
2023,12,15,ppr,1,2,2,1,2,1,0,6,3,540
2023,12,15,ppr,1,2,2,1,3,0,1,5,3,540
2023,12,15,std,1,2,2,1,2,1,1,5,3,540
2024,10,18,half_ppr,1,2,3,1,2,0,0,9,3,540
2024,10,18,ppr,1,2,2,1,3,1,1,7,3,540
2024,10,18,ppr,1,2,3,1,2,0,0,9,3,540
2024,10,18,ppr,1,2,3,1,3,0,0,8,3,540
2024,12,15,half_ppr,1,2,2,1,2,0,0,7,3,540
2024,12,15,half_ppr,1,2,3,1,1,0,1,6,3,540
2024,12,15,ppr,1,2,2,1,0,1,1,6,3,540
2024,12,15,ppr,1,2,2,1,2,1,0,6,3,540
2024,12,15,ppr,1,2,3,1,2,0,1,5,3,540
2025,10,18,ppr,1,2,3,1,1,1,1,8,3,540
2025,12,15,half_ppr,1,2,2,1,2,0,0,7,3,540
2025,12,15,half_ppr,1,2,3,1,2,0,1,5,3,540
2025,12,15,ppr,1,2,2,1,4,0,0,5,3,540
2022,12,15,std,1,2,2,1,2,1,1,5,3,539
2020,10,17,ppr,1,2,3,1,1,1,1,7,3,510
2021,10,17,half_ppr,1,2,2,1,2,1,1,7,3,510
2021,10,17,ppr,1,2,3,1,2,1,1,6,3,510
2022,10,17,half_ppr,1,2,2,1,2,0,0,9,3,510
2022,10,17,ppr,1,2,3,1,1,0,0,9,3,510
2022,10,17,ppr,1,2,3,1,1,1,1,7,3,510
2022,10,17,ppr,1,2,3,1,2,1,1,6,3,510
2022,10,17,ppr,1,2,3,1,3,0,0,7,3,510
2023,10,17,ppr,1,2,2,1,3,1,1,6,3,510
2023,10,17,ppr,1,2,3,1,2,1,1,6,3,510
2024,10,17,ppr,1,2,2,1,2,0,1,8,3,510
2024,10,17,ppr,1,2,3,1,2,0,0,8,3,510
2025,10,17,ppr,1,2,2,1,2,0,1,8,3,510
2020,12,14,half_ppr,1,2,3,1,1,0,0,6,3,504
2020,12,14,ppr,1,2,2,1,0,1,1,6,3,504
2020,12,14,ppr,1,2,3,1,2,0,0,5,3,504
2021,12,14,half_ppr,1,2,3,1,1,0,0,6,3,504
2021,12,14,ppr,1,2,2,1,0,1,1,6,3,504
2021,12,14,ppr,1,2,2,1,1,0,0,5,3,504
2021,12,14,ppr,1,2,2,1,3,0,0,0,3,504
2022,12,14,half_ppr,1,2,2,1,1,0,1,6,3,504
2022,12,14,half_ppr,1,2,3,1,1,0,1,5,3,504
2022,12,14,half_ppr,1,2,3,1,2,0,0,5,3,504
2022,12,14,ppr,1,2,3,1,0,0,1,6,3,504
2023,12,14,ppr,1,2,2,1,2,1,1,4,3,504
2025,8,21,ppr,1,2,2,1,3,1,1,10,3,504
2025,12,14,ppr,1,2,2,1,1,0,0,7,3,504
2025,12,14,ppr,1,2,2,1,2,1,1,4,3,504
2020,10,16,half_ppr,1,2,3,1,1,1,1,6,3,480
2020,10,16,ppr,1,2,2,1,2,0,0,8,3,480
2020,10,16,ppr,1,2,3,1,1,0,1,7,3,480
2020,10,16,ppr,1,2,3,1,2,0,1,6,3,480
2021,10,16,ppr,1,2,2,1,3,1,1,5,3,480
2021,10,16,ppr,1,2,3,1,3,0,0,6,3,480
2022,10,16,ppr,1,2,2,1,1,0,1,7,3,480
2022,10,16,ppr,1,2,2,1,3,0,1,6,3,480
2022,10,16,ppr,1,2,3,1,1,0,0,8,3,480
2022,10,16,ppr,1,2,3,1,3,0,0,6,3,480
2023,10,16,half_ppr,1,2,3,1,1,1,1,6,3,480
2023,10,16,ppr,1,2,2,1,1,0,0,7,3,480
2024,8,20,ppr,1,2,2,1,2,1,1,10,3,480
2024,10,16,ppr,1,2,3,1,1,0,1,7,3,480
2024,10,16,ppr,1,2,3,1,2,0,1,6,3,480
2024,10,16,ppr,1,2,3,1,2,1,1,5,3,480
2025,10,16,ppr,1,2,2,1,2,1,0,7,3,480
2025,10,16,ppr,1,2,3,1,1,1,1,6,3,480
2025,10,16,ppr,1,2,3,1,3,0,0,6,3,480
2020,12,13,half_ppr,1,2,2,1,1,0,1,5,3,468
2021,12,13,half_ppr,1,2,2,1,1,0,1,5,3,468
2021,12,13,ppr,1,2,2,1,0,1,1,5,3,468
2022,12,13,half_ppr,1,2,2,1,1,0,1,5,3,468
2023,12,13,ppr,1,2,3,1,1,0,0,5,3,468
2025,12,13,half_ppr,1,2,3,1,1,0,0,5,3,468
2025,12,13,ppr,1,1,2,1,2,0,0,6,3,468
2025,12,13,ppr,1,2,3,1,1,0,0,5,3,456
2021,10,15,half_ppr,1,2,2,1,3,0,0,6,3,450
2021,10,15,std,1,2,2,1,2,1,1,5,3,450
2022,10,15,half_ppr,1,2,2,1,2,0,1,6,3,450
2023,10,15,ppr,1,2,3,1,1,1,1,5,3,450
2024,10,15,ppr,1,2,3,1,1,1,1,5,3,450
2024,10,15,ppr,1,2,3,1,2,0,1,5,3,450
2025,10,15,ppr,1,2,3,1,1,1,1,5,3,450
2022,12,12,ppr,1,2,2,1,1,0,0,5,3,432
2024,8,18,ppr,1,2,2,1,2,1,1,8,3,432
2025,8,18,ppr,1,2,2,1,2,1,1,8,3,432
2022,10,14,ppr,1,2,2,1,0,1,1,5,3,420
2022,10,14,ppr,1,2,3,1,2,0,0,5,3,420
2025,10,14,half_ppr,1,2,2,1,1,1,1,5,3,420
2025,10,14,half_ppr,1,2,2,1,2,0,1,5,3,420
2025,10,14,ppr,1,2,2,1,2,0,1,5,3,420
2025,10,14,ppr,1,2,3,1,1,0,0,6,3,420
2020,8,17,ppr,1,2,2,1,2,1,1,7,3,408
2023,8,17,ppr,1,2,2,1,2,1,1,7,3,408
2025,8,17,ppr,1,2,2,1,1,0,0,10,3,408
2020,10,13,ppr,1,2,2,1,0,1,1,5,3,390
2021,10,13,half_ppr,1,2,2,0,1,0,0,6,3,390
2023,8,16,ppr,1,2,2,1,1,1,1,7,3,384
2023,8,16,ppr,1,2,3,1,2,1,1,5,3,384
2021,8,15,ppr,1,2,2,1,1,1,1,0,3,360
2021,8,15,ppr,1,2,2,1,2,0,1,6,3,360
2022,8,15,half_ppr,1,2,2,1,2,1,1,5,3,360
2022,8,15,ppr,1,2,3,1,2,0,0,6,3,360
2023,8,15,ppr,1,2,2,1,0,0,0,6,3,360
2023,8,15,ppr,1,2,2,1,2,1,1,0,3,360
2024,8,15,ppr,1,2,2,1,1,1,1,6,3,360
2021,8,14,ppr,1,2,2,1,1,1,1,0,3,336
2024,14,40,ppr,1,2,3,1,5,0,0,28,2,1120
2025,12,39,ppr,1,2,3,1,6,0,0,26,2,936
2023,12,32,ppr,1,2,3,1,4,0,0,21,2,768
2021,12,28,ppr,1,2,2,1,2,1,1,18,2,672
2023,12,28,ppr,1,2,2,1,5,0,0,17,2,672
2025,12,27,ppr,1,2,2,1,4,0,0,17,2,648
2021,12,26,ppr,1,2,2,1,5,0,0,15,2,624
2022,12,26,ppr,1,2,2,1,5,0,0,15,2,624
2025,12,26,ppr,1,2,2,1,1,0,0,17,2,624
2025,12,26,ppr,1,2,3,1,3,0,0,16,2,624
2025,12,26,ppr,1,2,3,1,4,0,0,15,2,624
2021,12,25,ppr,1,2,3,1,3,0,0,15,2,600
2022,10,30,ppr,1,2,2,1,4,0,0,20,2,600
2022,12,25,ppr,1,2,2,1,2,1,1,15,2,600
2023,12,25,ppr,1,2,2,1,5,0,0,14,2,600
2024,12,25,ppr,1,2,2,1,3,0,0,16,2,600
2024,12,25,ppr,1,2,3,1,1,0,0,17,2,600
2025,12,25,ppr,1,2,3,1,3,0,0,15,2,600
2025,12,25,ppr,1,2,3,1,4,0,0,14,2,600
2024,14,21,ppr,1,2,2,1,3,0,0,12,2,588
2021,12,24,ppr,1,2,3,1,3,0,0,14,2,576
2022,12,24,half_ppr,1,2,2,1,3,0,0,15,2,576
2022,12,24,ppr,1,0,0,0,7,0,0,16,2,576
2023,12,24,ppr,1,2,2,1,2,0,0,15,2,576
2023,12,24,ppr,1,2,2,1,3,0,0,15,2,576
2023,12,24,ppr,1,2,2,1,5,0,0,12,2,576
2024,12,24,ppr,1,2,2,1,3,0,0,15,2,576
2025,12,24,ppr,1,2,3,1,2,0,0,14,2,576
2025,12,24,ppr,1,2,3,1,2,0,0,15,2,576
2025,12,24,ppr,1,2,3,1,3,0,0,14,2,576
2021,14,20,ppr,1,2,3,1,2,0,0,11,2,560
2022,14,20,ppr,1,2,3,1,1,1,1,10,2,560
2023,14,20,ppr,1,2,3,1,1,0,0,12,2,560
2023,14,20,ppr,1,2,3,1,2,0,0,11,2,560
2022,12,23,ppr,1,2,2,1,4,0,0,13,2,552
2023,12,23,ppr,1,2,2,1,4,0,0,13,2,552
2023,12,23,ppr,1,2,3,1,2,0,0,14,2,552
2024,12,23,ppr,1,2,3,1,3,0,0,13,2,552
2025,12,23,half_ppr,1,2,3,1,2,0,0,14,2,552
2025,12,23,ppr,1,2,2,1,3,0,0,14,2,552
2025,12,23,ppr,1,2,3,1,2,0,0,14,2,552
2021,10,27,ppr,1,2,2,1,6,0,0,15,2,540
2022,14,19,ppr,1,2,2,1,2,0,0,11,2,532
2022,14,19,ppr,1,2,3,1,2,1,1,6,2,532
2024,14,19,ppr,1,2,2,1,2,0,0,11,2,532
2024,14,19,ppr,1,2,3,1,2,0,0,10,2,532
2021,12,22,half_ppr,1,2,3,1,2,0,0,13,2,528
2021,12,22,ppr,1,2,2,1,2,0,0,14,2,528
2021,12,22,ppr,1,2,2,2,3,0,0,12,2,528
2021,12,22,ppr,1,2,3,1,2,0,0,13,2,528
2022,12,22,ppr,1,2,2,1,2,0,0,14,2,528
2022,12,22,ppr,1,2,3,1,2,1,0,12,2,528
2023,12,22,half_ppr,1,2,2,1,3,0,0,13,2,528
2023,12,22,half_ppr,1,2,3,1,2,0,0,13,2,528
2024,12,22,half_ppr,1,2,3,1,3,0,0,12,2,528
2024,12,22,ppr,1,1,1,1,5,0,0,13,2,528
2024,12,22,ppr,1,2,2,1,2,0,0,14,2,528
2025,12,22,ppr,1,2,2,1,3,0,0,13,2,528
2025,12,22,ppr,1,2,2,1,4,0,0,12,2,528
2021,10,26,ppr,1,2,2,1,5,0,0,15,2,520
2020,14,18,ppr,1,2,2,1,2,1,1,8,2,504
2021,12,21,ppr,1,2,2,1,3,0,0,12,2,504
2021,14,18,ppr,1,2,3,1,3,0,0,8,2,504
2022,12,21,ppr,1,2,2,1,1,1,1,12,2,504
2022,12,21,ppr,1,2,3,1,2,1,1,10,2,504
2023,12,21,ppr,1,2,2,1,2,0,1,12,2,504
2023,12,21,ppr,1,2,2,1,3,1,1,10,2,504
2023,14,18,ppr,1,2,3,1,3,0,0,8,2,504
2024,12,21,ppr,1,2,2,1,2,0,0,12,2,504
2024,12,21,ppr,1,2,3,1,4,0,0,10,2,504
2025,12,21,ppr,1,2,3,1,4,0,0,10,2,504
2025,14,18,ppr,1,2,2,1,2,0,0,10,2,504
2021,10,25,ppr,1,2,2,1,5,0,0,14,2,500
2022,10,25,half_ppr,1,2,2,1,4,0,0,15,2,500
2024,10,25,ppr,1,2,3,1,3,0,0,15,2,500
2025,10,25,half_ppr,1,2,3,1,4,0,0,14,2,500
2020,12,20,ppr,1,2,2,1,3,0,0,11,2,480
2020,12,20,ppr,1,2,3,1,3,0,0,10,2,480
2021,10,24,ppr,1,2,2,1,5,0,0,13,2,480
2021,12,20,half_ppr,1,2,2,1,3,0,0,11,2,480
2021,12,20,half_ppr,1,2,3,1,2,0,0,11,2,480
2021,12,20,half_ppr,1,2,3,1,3,1,1,8,2,480
2021,12,20,ppr,1,2,2,1,2,1,1,10,2,480
2021,12,20,ppr,1,2,3,1,1,0,0,12,2,480
2021,12,20,ppr,1,2,3,2,2,0,0,10,2,480
2022,10,24,ppr,1,2,3,1,3,0,0,14,2,480
2022,10,24,ppr,1,2,3,1,5,0,0,12,2,480
2022,12,20,ppr,1,2,2,1,3,0,0,10,2,480
2023,12,20,ppr,1,2,2,0,3,0,0,11,2,480
2023,12,20,ppr,1,2,2,1,1,0,0,11,2,480
2023,12,20,ppr,1,2,2,1,4,0,0,10,2,480
2024,10,24,ppr,1,2,2,1,3,0,0,15,2,480
2024,12,20,ppr,1,2,2,1,4,0,0,10,2,480
2025,10,24,ppr,1,2,2,1,4,0,0,14,2,480
2025,12,20,half_ppr,1,2,3,1,1,0,0,12,2,480
2025,12,20,ppr,1,2,2,1,2,1,1,10,2,480
2021,12,20,half_ppr,1,2,3,1,3,0,0,10,2,479
2021,14,17,ppr,1,2,3,1,2,0,0,8,2,476
2024,14,17,ppr,1,2,2,1,2,1,1,7,2,476
2024,14,17,ppr,1,2,3,1,1,1,1,7,2,476
2022,10,23,ppr,1,2,4,1,4,0,0,11,2,460
2023,10,23,half_ppr,1,2,3,1,2,0,0,14,2,460
2023,10,23,ppr,1,2,2,1,4,0,1,12,2,460
2024,10,23,ppr,1,2,3,1,2,0,0,14,2,460
2020,12,19,ppr,1,2,2,1,1,1,1,10,2,456
2020,12,19,ppr,1,2,2,1,2,1,1,9,2,456
2021,12,19,half_ppr,1,2,3,1,2,0,0,10,2,456
2021,12,19,ppr,1,2,2,1,2,0,1,10,2,456
2021,12,19,ppr,1,2,2,1,3,1,1,8,2,456
2022,12,19,ppr,1,1,1,1,5,0,0,10,2,456
2022,12,19,ppr,1,2,2,1,3,1,1,8,2,456
2022,12,19,ppr,1,2,3,1,3,0,0,9,2,456
2023,12,19,ppr,1,2,2,1,3,0,0,10,2,456
2023,12,19,ppr,1,2,2,1,3,1,1,8,2,456
2024,12,19,ppr,1,2,2,1,2,0,0,11,2,456
2024,12,19,ppr,1,2,2,1,4,0,0,9,2,456
2024,12,19,ppr,1,2,3,1,1,0,0,11,2,456
2024,12,19,ppr,1,2,3,1,5,0,0,7,2,456
2025,12,19,half_ppr,1,2,2,1,3,0,0,10,2,456
2021,14,16,half_ppr,1,2,2,1,2,1,1,6,2,448
2021,14,16,ppr,1,2,2,1,3,0,0,7,2,448
2021,14,16,ppr,1,2,3,1,2,1,1,5,2,448
2022,14,16,half_ppr,1,2,2,1,3,0,0,7,2,448
2022,14,16,ppr,1,2,2,1,2,0,0,8,2,448
2022,14,16,ppr,1,2,3,1,1,1,1,6,2,448
2024,14,16,ppr,1,2,2,1,1,1,1,7,2,448
2025,14,16,ppr,1,2,2,1,1,1,1,7,2,448
2023,10,22,ppr,1,2,2,1,2,0,0,14,2,440
2023,10,22,ppr,1,2,2,1,5,0,0,11,2,440
2024,10,22,half_ppr,1,2,2,1,3,0,0,13,2,440
2024,10,22,half_ppr,1,2,2,1,3,1,0,12,2,440
2020,12,18,half_ppr,1,2,2,1,4,0,0,8,2,432
2020,12,18,ppr,1,2,2,1,2,0,0,10,2,432
2020,12,18,ppr,1,2,2,1,3,1,1,7,2,432
2020,12,18,ppr,1,2,2,1,4,0,0,8,2,432
2020,12,18,ppr,1,2,3,1,1,1,1,8,2,432
2020,12,18,ppr,1,2,3,1,2,0,1,8,2,432
2020,12,18,ppr,1,2,3,1,2,1,1,7,2,432
2021,12,18,ppr,1,2,2,1,1,1,1,9,2,432
2021,12,18,ppr,1,2,3,1,2,1,1,7,2,432
2022,12,18,half_ppr,1,2,2,1,2,1,1,8,2,432
2022,12,18,half_ppr,1,2,3,1,2,0,0,9,2,432
2022,12,18,ppr,1,2,2,1,2,0,1,9,2,432
2022,12,18,ppr,1,2,2,1,4,0,0,8,2,432
2022,12,18,ppr,1,2,3,1,2,1,1,7,2,432
2023,12,18,half_ppr,1,2,2,1,2,1,1,8,2,432
2023,12,18,ppr,1,2,2,1,1,0,0,10,2,432
2023,12,18,ppr,1,2,2,1,4,0,0,8,2,432
2023,12,18,ppr,1,2,3,1,3,0,1,7,2,432
2024,12,18,half_ppr,1,2,2,1,2,1,1,8,2,432
2025,12,18,half_ppr,1,2,3,1,2,0,0,9,2,432
2025,12,18,ppr,1,2,3,1,3,0,0,8,2,432
2020,14,15,half_ppr,1,2,2,1,2,0,1,6,2,420
2020,14,15,ppr,1,2,3,1,1,0,0,7,2,420
2021,10,21,ppr,1,2,2,1,3,0,0,12,2,420
2021,10,21,ppr,1,2,3,1,2,1,1,0,2,420
2021,10,21,ppr,1,3,3,1,3,0,0,10,2,420
2021,14,15,half_ppr,1,2,2,1,1,1,1,6,2,420
2021,14,15,half_ppr,1,2,2,1,2,0,1,6,2,420
2021,14,15,ppr,1,2,2,1,1,1,1,6,2,420
2022,14,15,half_ppr,1,2,2,1,2,0,1,6,2,420
2022,14,15,half_ppr,1,2,3,1,1,1,1,5,2,420
2024,14,15,half_ppr,1,2,2,1,2,1,1,5,2,420
2024,14,15,ppr,1,2,2,1,3,0,0,6,2,420
2020,12,17,half_ppr,1,2,2,1,2,0,0,9,2,408
2020,12,17,ppr,1,2,2,1,1,1,1,8,2,408
2020,12,17,ppr,1,2,2,1,2,0,0,7,2,408
2020,12,17,ppr,1,2,2,1,3,0,0,8,2,408
2020,12,17,ppr,1,2,2,1,4,0,0,7,2,408
2020,12,17,ppr,1,2,3,1,2,0,1,7,2,408
2020,12,17,ppr,1,2,3,1,3,0,1,6,2,408
2021,12,17,half_ppr,1,2,2,1,2,0,1,8,2,408
2021,12,17,half_ppr,1,2,2,1,2,1,1,7,2,408
2021,12,17,ppr,1,2,2,1,1,1,1,8,2,408
2021,12,17,ppr,1,2,2,1,2,0,1,8,2,408
2021,12,17,ppr,1,2,2,1,3,1,1,6,2,408
2021,12,17,ppr,1,2,3,1,1,0,0,9,2,408
2021,12,17,ppr,1,2,3,1,1,1,1,7,2,408
2022,12,17,half_ppr,1,1,2,1,5,0,1,6,2,408
2022,12,17,half_ppr,1,2,3,1,1,1,1,7,2,408
2022,12,17,half_ppr,1,2,3,1,2,0,0,8,2,408
2022,12,17,half_ppr,1,2,4,1,2,0,0,7,2,408
2022,12,17,ppr,1,2,2,1,2,0,0,9,2,408
2022,12,17,ppr,1,2,2,1,2,0,1,8,2,408
2022,12,17,ppr,1,2,2,1,3,1,0,7,2,408
2022,12,17,std,1,2,3,1,3,0,0,7,2,408
2023,12,17,half_ppr,1,2,2,1,1,1,1,8,2,408
2023,12,17,ppr,1,2,2,1,2,0,1,8,2,408
2023,12,17,ppr,1,2,2,1,4,0,0,7,2,408
2024,12,17,half_ppr,1,2,3,1,2,0,0,8,2,408
2024,12,17,ppr,1,2,2,1,2,0,1,8,2,408
2024,12,17,ppr,1,2,2,1,4,0,0,7,2,408
2024,12,17,ppr,1,2,3,1,1,1,1,7,2,408
2025,12,17,half_ppr,1,2,3,1,2,0,0,8,2,408
2025,12,17,ppr,1,2,2,1,1,1,1,8,2,408
2025,12,17,ppr,1,2,2,1,3,0,1,7,2,408
2025,12,17,ppr,1,2,3,1,3,0,0,7,2,408
2025,12,17,std,1,2,3,1,2,1,1,6,2,408
2020,12,17,half_ppr,1,2,2,1,2,0,1,8,2,405
2020,10,20,half_ppr,1,2,2,1,2,1,1,10,2,400
2021,10,20,half_ppr,1,2,2,1,2,0,0,12,2,400
2021,10,20,ppr,1,2,2,1,2,0,1,11,2,400
2022,10,20,half_ppr,1,2,2,1,2,0,0,12,2,400
2022,10,20,ppr,1,1,1,0,6,0,0,11,2,400
2022,10,20,ppr,1,2,2,1,3,0,0,11,2,400
2022,10,20,std,1,2,3,1,1,0,0,10,2,400
2023,10,20,half_ppr,1,2,3,1,1,0,0,12,2,400
2023,10,20,ppr,1,2,2,1,4,1,1,8,2,400
2023,10,20,ppr,1,2,3,1,2,0,0,11,2,400
2024,10,20,half_ppr,1,2,3,1,1,0,0,12,2,400
2024,10,20,ppr,1,2,2,1,2,1,1,10,2,400
2024,10,20,ppr,1,2,2,1,3,0,1,10,2,400
2024,10,20,ppr,1,2,3,1,1,0,0,12,2,400
2025,10,20,half_ppr,1,2,3,1,2,0,0,11,2,400
2025,10,20,ppr,1,2,2,1,3,0,0,11,2,400
2020,14,14,half_ppr,1,2,2,0,2,1,1,5,2,392
2020,14,14,half_ppr,1,2,2,1,1,1,1,5,2,392
2020,14,14,ppr,1,2,2,1,1,1,1,5,2,392
2021,14,14,half_ppr,1,2,2,1,1,1,1,5,2,392
2021,14,14,ppr,1,2,2,1,3,0,0,5,2,392
2022,14,14,half_ppr,1,2,2,1,1,1,1,5,2,392
2023,14,14,ppr,1,2,2,1,2,0,1,5,2,392
2024,14,14,half_ppr,1,2,3,1,2,0,0,5,2,392
2024,14,14,ppr,1,2,2,1,2,0,0,6,2,392
2025,14,14,ppr,1,2,2,1,1,1,1,5,2,392
2025,14,14,ppr,1,2,2,1,3,0,0,5,2,392
2020,12,16,half_ppr,1,2,2,1,3,0,1,6,2,384
2020,12,16,ppr,1,2,3,1,1,0,0,6,2,384
2020,12,16,ppr,1,2,3,1,2,1,1,5,2,384
2020,12,16,std,1,2,2,1,1,1,1,7,2,384
2021,12,16,half_ppr,1,2,2,1,1,0,1,7,2,384
2021,12,16,half_ppr,1,2,2,1,2,0,1,7,2,384
2021,12,16,half_ppr,1,2,2,1,3,0,1,6,2,384
2021,12,16,half_ppr,1,2,3,1,2,0,0,7,2,384
2021,12,16,ppr,1,2,2,1,3,1,1,5,2,384
2021,12,16,ppr,1,2,2,1,4,0,0,6,2,384
2022,12,16,half_ppr,1,2,2,1,3,0,1,6,2,384
2022,12,16,half_ppr,1,2,3,1,2,0,0,7,2,384
2022,12,16,ppr,1,2,2,1,2,1,1,5,2,384
2022,12,16,ppr,1,2,3,1,1,0,1,7,2,384
2023,12,16,half_ppr,1,2,2,1,2,0,0,8,2,384
2023,12,16,half_ppr,1,2,3,1,2,0,0,7,2,384
2023,12,16,ppr,1,2,2,1,1,1,1,0,2,384
2023,12,16,ppr,1,2,2,1,3,1,1,5,2,384
2024,12,16,half_ppr,1,2,2,1,2,0,1,7,2,384
2024,12,16,half_ppr,1,2,2,1,2,1,0,7,2,384
2024,12,16,ppr,1,2,2,1,1,0,0,8,2,384
2024,12,16,ppr,1,2,2,1,2,1,0,7,2,384
2025,12,16,half_ppr,1,2,2,1,3,0,0,7,2,384
2025,12,16,half_ppr,1,2,3,1,1,1,1,6,2,384
2025,12,16,half_ppr,1,2,3,1,2,1,1,5,2,384
2025,12,16,ppr,1,1,1,1,5,0,0,7,2,384
2025,12,16,ppr,1,2,2,1,1,1,1,6,2,384
2025,12,16,ppr,1,2,2,1,2,0,0,8,2,384
2025,12,16,ppr,1,2,2,1,2,1,0,7,2,384
2025,12,16,ppr,1,2,3,1,1,0,1,7,2,384
2025,12,16,std,1,2,2,1,1,1,1,7,2,384
2020,10,19,ppr,1,2,2,1,3,1,1,8,2,380
2020,10,19,ppr,1,2,3,1,2,0,0,10,2,380
2022,10,19,half_ppr,1,2,3,1,2,0,0,10,2,380
2022,10,19,ppr,1,2,3,1,2,1,1,8,2,380
2022,10,19,ppr,1,2,3,1,3,0,0,9,2,380
2024,10,19,ppr,1,2,2,1,2,0,0,11,2,380
2024,10,19,ppr,1,2,2,1,3,0,0,10,2,380
2021,14,13,ppr,1,2,2,1,2,0,0,5,2,364
2022,14,13,ppr,1,2,2,1,2,0,0,5,2,364
2025,14,13,half_ppr,1,2,2,1,3,0,0,4,2,364
2025,14,13,ppr,1,2,2,1,3,0,0,4,2,364
2020,10,18,half_ppr,1,2,3,1,1,1,1,8,2,360
2020,10,18,half_ppr,1,2,3,1,2,1,1,7,2,360
2020,10,18,ppr,1,2,2,1,3,0,0,9,2,360
2020,10,18,ppr,1,2,3,1,1,1,1,8,2,360
2020,10,18,ppr,1,2,3,1,2,0,1,8,2,360
2020,12,15,half_ppr,1,2,2,1,0,1,1,6,2,360
2020,12,15,half_ppr,1,2,2,1,1,0,1,7,2,360
2020,12,15,ppr,1,2,2,1,0,1,1,6,2,360
2020,12,15,ppr,1,2,2,1,1,0,1,7,2,360
2020,12,15,ppr,1,2,3,1,1,0,0,7,2,360
2020,12,15,ppr,1,2,3,1,1,1,1,5,2,360
2020,12,15,ppr,1,2,3,1,3,0,0,5,2,360
2021,10,18,half_ppr,1,2,2,1,2,0,0,10,2,360
2021,10,18,ppr,1,2,2,1,2,0,0,8,2,360
2021,10,18,ppr,1,2,2,1,2,0,1,9,2,360
2021,10,18,ppr,1,2,2,1,3,0,1,8,2,360
2021,10,18,ppr,1,2,3,1,2,1,1,7,2,360
2021,12,15,half_ppr,1,2,2,1,0,1,1,6,2,360
2021,12,15,half_ppr,1,2,2,1,1,1,1,0,2,360
2021,12,15,half_ppr,1,2,2,1,2,0,0,7,2,360
2021,12,15,half_ppr,1,2,3,1,2,0,1,5,2,360
2021,12,15,ppr,1,2,2,1,2,0,0,6,2,360
2021,12,15,ppr,1,2,2,1,2,1,1,0,2,360
2021,12,15,ppr,1,2,2,1,3,0,0,0,2,360
2021,12,15,ppr,1,2,3,1,1,0,0,7,2,360
2021,12,15,std,1,2,2,1,2,1,1,5,2,360
2022,12,15,ppr,1,2,2,1,2,0,0,0,2,360
2022,12,15,ppr,1,2,2,1,2,0,1,0,2,360
2022,12,15,ppr,1,2,2,1,2,1,1,6,2,360
2023,10,18,ppr,1,2,2,1,4,0,0,8,2,360
2023,10,18,ppr,1,2,3,1,1,0,0,10,2,360
2023,10,18,ppr,1,2,3,1,1,1,1,8,2,360
2023,10,18,ppr,1,2,3,1,2,0,0,9,2,360
2023,10,18,ppr,1,2,3,1,4,0,0,7,2,360
2023,12,15,half_ppr,1,2,2,1,3,0,1,5,2,360
2023,12,15,ppr,1,2,2,1,0,1,1,6,2,360
2023,12,15,ppr,1,2,2,1,1,1,1,5,2,360
2023,12,15,ppr,1,3,3,1,2,0,0,5,2,360
2024,10,18,ppr,1,2,3,1,2,1,1,7,2,360
2024,12,15,half_ppr,1,2,2,1,1,0,1,6,2,360
2024,12,15,half_ppr,1,2,2,1,3,0,1,5,2,360
2024,12,15,std,1,2,2,1,0,1,1,6,2,360
2024,12,15,std,1,2,3,1,1,0,1,6,2,360
2025,10,18,ppr,1,2,2,1,3,0,1,8,2,360
2025,10,18,ppr,1,2,3,1,1,0,0,10,2,360
2025,10,18,ppr,1,2,3,1,3,0,0,8,2,360
2025,10,18,std,1,2,2,1,2,0,0,10,2,360
2025,12,15,half_ppr,1,2,2,1,1,0,1,6,2,360
2025,12,15,half_ppr,1,2,2,1,3,0,0,6,2,360
2025,12,15,half_ppr,1,2,3,1,1,1,1,5,2,360
2025,12,15,half_ppr,1,2,3,1,2,0,0,6,2,360
2025,12,15,ppr,1,2,2,1,2,1,0,6,2,360
2025,12,15,ppr,1,2,3,1,1,0,0,7,2,360
2025,12,15,ppr,1,2,3,1,3,0,0,5,2,360
2025,12,15,std,1,2,2,1,0,1,1,6,2,360
2025,12,15,std,1,2,2,1,2,0,0,7,2,360
2024,12,15,ppr,1,2,2,1,2,1,1,6,2,358
2021,8,22,ppr,1,2,3,1,3,1,1,10,2,352
2022,8,22,half_ppr,1,2,3,1,2,0,1,12,2,352
2024,8,22,ppr,1,2,2,1,2,1,1,12,2,352
2020,10,17,ppr,1,2,2,1,1,1,1,8,2,340
2020,10,17,ppr,1,2,2,1,2,0,1,8,2,340
2020,10,17,ppr,1,2,2,1,3,0,1,7,2,340
2020,10,17,ppr,1,2,3,1,2,0,1,7,2,340
2020,10,17,ppr,1,2,3,1,2,1,1,6,2,340
2020,10,17,ppr,1,2,3,1,3,0,1,6,2,340
2021,10,17,ppr,1,2,2,1,3,1,1,6,2,340
2021,10,17,std,1,2,2,1,2,1,1,7,2,340
2022,10,17,half_ppr,1,2,2,1,3,0,1,7,2,340
2022,10,17,ppr,1,2,2,1,1,1,1,8,2,340
2022,10,17,ppr,1,2,2,1,3,0,0,8,2,340
2022,10,17,ppr,1,2,2,1,3,1,1,6,2,340
2022,10,17,std,1,2,2,1,2,1,1,7,2,340
2023,10,17,half_ppr,1,2,2,1,2,1,1,7,2,340
2023,10,17,ppr,1,2,3,0,3,0,0,8,2,340
2023,10,17,ppr,1,2,3,1,2,0,0,8,2,340
2024,10,17,ppr,1,2,2,1,2,0,0,7,2,340
2025,10,17,ppr,1,2,2,1,3,0,1,7,2,340
2025,10,17,ppr,1,2,3,1,3,0,0,7,2,340
2020,12,14,half_ppr,1,2,2,1,3,0,0,5,2,336
2020,12,14,ppr,1,2,2,1,1,0,1,6,2,336
2021,12,14,half_ppr,1,2,3,1,1,0,1,5,2,336
2021,12,14,half_ppr,1,2,3,1,2,0,0,5,2,336
2021,12,14,ppr,1,2,2,1,1,0,0,7,2,336
2021,12,14,ppr,1,2,3,1,1,0,0,6,2,336
2022,12,14,half_ppr,1,2,2,1,1,1,1,6,2,336
2022,12,14,half_ppr,1,2,3,1,1,0,1,0,2,336
2022,12,14,ppr,1,2,2,1,2,0,0,5,2,336
2022,12,14,ppr,1,2,2,1,2,1,1,4,2,336
2023,12,14,half_ppr,1,1,3,2,2,0,0,5,2,336
2023,12,14,half_ppr,1,2,2,1,2,0,0,0,2,336
2023,12,14,half_ppr,1,2,3,1,1,0,0,6,2,336
2023,12,14,ppr,1,2,2,1,1,0,0,7,2,336
2024,12,14,half_ppr,1,2,2,1,1,0,1,6,2,336
2024,12,14,half_ppr,1,2,3,1,1,0,0,6,2,336
2024,12,14,ppr,1,2,2,1,0,1,1,6,2,336
2024,12,14,ppr,1,2,2,1,2,1,1,4,2,336
2024,12,14,ppr,1,2,3,1,1,1,1,4,2,336
2025,12,14,half_ppr,1,2,2,1,3,0,0,5,2,336
2025,12,14,half_ppr,1,2,3,1,2,0,0,5,2,336
2025,12,14,ppr,1,2,2,1,1,0,1,6,2,336
2025,12,14,std,1,2,2,1,1,1,1,5,2,336
2025,14,12,ppr,1,2,2,1,3,0,0,3,2,336
2024,12,14,ppr,1,2,2,1,2,1,0,5,2,325
2020,10,16,half_ppr,1,2,2,1,2,0,1,7,2,320
2020,10,16,half_ppr,1,2,2,1,3,0,0,7,2,320
2020,10,16,half_ppr,1,2,3,1,2,1,1,5,2,320
2020,10,16,ppr,1,2,3,1,1,1,1,6,2,320
2021,10,16,half_ppr,1,2,2,1,2,0,0,8,2,320
2021,10,16,half_ppr,1,2,2,1,3,0,0,7,2,320
2021,10,16,half_ppr,1,2,2,1,3,0,1,6,2,320
2021,10,16,ppr,1,2,2,1,2,0,0,6,2,320
2021,10,16,ppr,1,2,2,1,3,0,1,6,2,320
2021,10,16,ppr,1,2,2,1,4,0,0,6,2,320
2021,10,16,std,1,2,2,1,1,1,1,7,2,320
2022,10,16,half_ppr,1,2,3,1,1,1,1,6,2,320
2022,10,16,half_ppr,1,2,3,1,2,0,1,6,2,320
2022,10,16,ppr,1,2,2,1,2,1,0,7,2,320
2022,10,16,ppr,1,2,2,1,2,1,1,0,2,320
2023,10,16,half_ppr,1,2,3,1,2,1,1,5,2,320
2023,10,16,ppr,1,2,2,1,3,0,0,6,2,320
2023,10,16,ppr,1,2,2,1,3,1,0,6,2,320
2024,10,16,half_ppr,1,2,2,1,1,1,1,7,2,320
2024,10,16,ppr,1,2,3,1,1,1,1,6,2,320
2025,10,16,ppr,1,2,2,1,1,0,1,6,2,320
2025,10,16,ppr,1,2,2,1,1,1,1,6,2,320
2025,10,16,ppr,1,2,2,1,4,0,0,6,2,320
2025,10,16,ppr,1,2,3,1,1,0,1,7,2,320
2020,12,13,half_ppr,1,2,3,1,1,0,0,5,2,312
2020,12,13,ppr,1,2,2,1,1,0,1,5,2,312
2020,12,13,ppr,1,2,3,1,1,0,0,5,2,312
2021,12,13,ppr,1,2,3,1,1,0,0,0,2,312
2022,12,13,ppr,1,2,2,1,1,1,1,4,2,312
2022,12,13,ppr,1,2,2,1,3,0,0,4,2,312
2022,12,13,ppr,1,2,3,1,1,0,0,5,2,312
2023,12,13,ppr,1,2,2,1,1,0,1,5,2,312
2024,12,13,half_ppr,1,2,2,1,1,0,1,5,2,312
2024,12,13,ppr,1,2,2,1,1,1,0,5,2,312
2025,12,13,ppr,1,1,2,1,3,0,0,5,2,312
2025,12,13,ppr,1,2,2,1,1,0,1,5,2,312
2023,8,19,ppr,1,2,3,1,2,0,0,10,2,304
2020,10,15,half_ppr,1,2,3,1,1,0,1,6,2,300
2020,10,15,ppr,1,2,2,1,3,0,1,5,2,300
2020,10,15,ppr,1,2,3,1,1,1,1,5,2,300
2020,10,15,ppr,1,2,3,1,2,0,0,6,2,300
2020,10,15,ppr,1,2,3,1,2,0,1,5,2,300
2021,10,15,half_ppr,1,2,3,1,1,1,1,5,2,300
2021,10,15,ppr,1,1,1,1,2,0,0,9,2,300
2021,10,15,ppr,1,2,2,1,1,0,1,0,2,300
2021,10,15,ppr,1,2,2,1,2,0,0,5,2,300
2021,10,15,ppr,1,2,2,1,2,1,1,6,2,300
2021,10,15,ppr,1,2,2,1,3,0,1,5,2,300
2021,10,15,ppr,1,2,2,2,2,2,0,4,2,300
2021,10,15,ppr,1,2,3,1,2,0,1,5,2,300
2021,10,15,std,1,2,2,1,1,1,1,6,2,300
2021,10,15,std,1,2,2,1,2,1,1,0,2,300
2022,10,15,ppr,1,2,2,1,1,1,1,5,2,300
2022,10,15,ppr,1,2,2,1,2,1,1,6,2,300
2022,10,15,ppr,1,2,2,1,3,0,1,5,2,300
2022,10,15,ppr,1,2,3,1,1,0,0,7,2,300
2022,10,15,std,1,2,2,1,1,1,1,6,2,300
2022,10,15,std,1,2,2,1,2,1,1,5,2,300
2023,10,15,half_ppr,1,2,2,1,3,0,1,5,2,300
2023,10,15,half_ppr,1,2,2,1,3,1,0,5,2,300
2024,10,15,half_ppr,1,2,2,1,2,0,0,7,2,300
2024,10,15,half_ppr,1,2,2,1,2,0,1,6,2,300
2024,10,15,half_ppr,1,2,3,1,2,0,1,5,2,300
2024,10,15,ppr,1,2,2,1,2,1,1,7,2,300
2024,10,15,ppr,1,2,2,1,3,0,1,5,2,300
2024,10,15,std,1,2,2,1,2,1,1,0,2,300
2025,10,15,half_ppr,1,2,2,1,2,0,0,7,2,300
2025,10,15,ppr,1,2,2,1,0,1,1,6,2,300
2025,10,15,ppr,1,2,2,1,2,1,0,6,2,300
2025,10,15,ppr,1,2,2,1,2,1,1,6,2,300
2021,12,12,ppr,1,2,2,1,1,0,0,5,2,288
2021,12,12,ppr,1,2,2,1,2,0,0,4,2,288
2020,10,14,half_ppr,1,2,2,1,2,0,0,6,2,280
2021,10,14,half_ppr,1,2,2,1,2,0,1,5,2,280
2021,10,14,half_ppr,1,2,3,1,2,0,0,5,2,280
2021,10,14,ppr,1,2,2,1,0,1,1,5,2,280
2021,10,14,ppr,1,2,2,1,2,0,1,0,2,280
2021,10,14,ppr,1,2,3,1,1,0,0,6,2,280
2022,10,14,half_ppr,1,2,2,1,2,0,0,6,2,280
2022,10,14,half_ppr,1,2,2,1,2,0,1,5,2,280
2022,10,14,ppr,1,2,2,0,3,0,0,6,2,280
2022,10,14,ppr,1,2,2,1,2,0,0,0,2,280
2022,10,14,ppr,1,2,3,1,1,0,1,5,2,280
2022,10,14,std,1,2,2,1,2,0,1,5,2,280
2023,10,14,half_ppr,1,2,2,1,1,1,1,5,2,280
2023,10,14,half_ppr,1,2,2,1,2,0,0,6,2,280
2023,10,14,ppr,1,2,2,1,2,1,0,5,2,280
2023,10,14,ppr,1,2,3,1,1,0,0,6,2,280
2024,10,14,half_ppr,1,2,2,1,2,0,0,6,2,280
2024,10,14,half_ppr,1,2,2,1,3,0,0,5,2,280
2024,10,14,ppr,1,2,2,1,2,1,0,5,2,280
2024,10,14,ppr,1,2,3,1,1,0,0,6,2,280
2024,10,14,ppr,1,2,3,1,2,0,0,5,2,280
2025,10,14,ppr,1,2,2,1,1,0,0,5,2,280
2025,10,14,ppr,1,2,2,1,2,1,0,5,2,277
2021,8,17,half_ppr,1,2,3,1,2,1,1,6,2,272
2021,8,17,ppr,1,2,2,1,2,1,1,7,2,272
2023,8,17,ppr,1,2,3,1,2,1,1,6,2,272
2024,8,17,ppr,1,2,2,1,3,0,0,8,2,272
2024,8,17,ppr,1,2,2,1,3,1,1,6,2,272
2024,8,17,ppr,1,2,2,2,2,1,1,6,2,272
2025,8,17,ppr,1,2,3,1,2,1,0,7,2,272
2020,10,13,ppr,1,2,2,1,2,0,0,5,2,260
2023,10,13,half_ppr,1,2,2,1,2,0,0,5,2,260
2023,10,13,ppr,1,2,2,1,1,0,0,6,2,260
2024,10,13,ppr,1,2,2,1,2,0,0,0,2,260
2020,8,16,half_ppr,1,2,2,1,1,1,1,7,2,256
2021,8,16,half_ppr,1,2,2,1,1,1,1,7,2,256
2021,8,16,half_ppr,1,2,2,1,2,1,1,6,2,256
2021,8,16,ppr,1,2,2,1,3,1,1,5,2,256
2022,8,16,half_ppr,1,2,2,1,2,1,1,6,2,256
2022,8,16,ppr,1,2,2,1,3,0,0,7,2,256
2023,8,16,ppr,1,2,2,1,4,0,0,6,2,256
2023,8,16,ppr,1,2,3,1,2,1,0,6,2,256
2023,8,16,std,1,2,2,1,1,1,1,7,2,256
2024,8,16,half_ppr,1,2,0,0,1,1,1,7,2,256
2024,8,16,ppr,1,2,2,1,3,0,0,7,2,256
2025,8,16,ppr,1,2,2,1,1,1,1,7,2,256
2025,8,16,ppr,1,2,2,1,3,0,1,6,2,256
2020,8,15,ppr,1,2,2,1,2,0,1,5,2,240
2020,8,15,ppr,1,2,3,1,1,1,1,5,2,240
2021,8,15,ppr,1,2,2,1,3,0,1,5,2,240
2021,8,15,ppr,1,2,3,1,1,1,1,5,2,240
2021,10,12,ppr,1,1,1,1,1,0,0,6,2,240
2022,8,15,ppr,1,2,2,1,1,1,1,0,2,240
2022,8,15,ppr,1,2,2,1,2,0,0,7,2,240
2022,8,15,ppr,1,2,2,1,2,1,1,0,2,240
2022,8,15,ppr,1,2,2,1,3,0,0,6,2,240
2022,10,12,ppr,1,2,2,1,1,0,0,0,2,240
2023,8,15,ppr,1,2,2,1,4,0,0,5,2,240
2023,8,15,ppr,1,2,3,1,2,0,1,5,2,240
2023,10,12,ppr,1,2,2,1,1,0,0,5,2,240
2025,8,15,ppr,1,2,2,1,1,1,1,6,2,240
2025,8,15,ppr,1,2,3,1,2,0,0,6,2,240
2025,10,12,ppr,1,2,2,1,2,0,0,0,2,240
2022,10,12,ppr,1,2,2,1,2,1,1,2,2,239
2021,8,14,ppr,1,2,2,1,2,0,0,6,2,224
2022,8,14,ppr,1,2,2,1,1,1,1,5,2,224
2022,8,14,ppr,1,2,2,1,2,0,0,6,2,224
2022,8,14,ppr,1,2,2,1,3,0,0,5,2,224
2023,8,14,ppr,1,2,2,1,1,1,1,5,2,224
2023,8,14,ppr,1,2,2,1,2,0,0,6,2,224
2024,8,14,ppr,1,2,2,1,1,1,1,5,2,224
2025,8,14,ppr,1,2,2,1,1,1,1,5,2,224
2024,14,32,ppr,1,2,3,1,3,1,1,20,1,448
2022,14,32,ppr,1,2,2,1,5,0,0,21,1,447
2024,12,37,ppr,1,2,2,1,2,1,1,27,1,444
2022,12,35,half_ppr,1,2,3,1,2,0,0,26,1,420
2023,12,35,half_ppr,1,2,3,1,2,0,0,26,1,420
2024,12,35,ppr,1,2,3,1,4,0,0,24,1,420
2025,14,30,ppr,1,2,3,1,3,0,0,20,1,420
2023,12,31,ppr,1,2,3,1,2,0,0,22,1,372
2024,14,26,std,1,2,3,1,3,0,0,16,1,364
2021,10,36,ppr,1,2,2,1,2,1,1,25,1,360
2022,12,30,ppr,1,2,3,1,1,0,0,22,1,360
2022,12,30,ppr,1,2,3,1,3,0,0,24,1,360
2023,12,30,ppr,1,2,3,1,3,0,0,20,1,360
2024,12,30,half_ppr,1,2,3,1,2,0,0,21,1,360
2024,12,30,ppr,1,2,3,1,4,0,0,19,1,360
2025,12,30,ppr,1,1,1,1,6,0,0,20,1,360
2021,12,30,ppr,1,2,3,1,1,0,0,22,1,358
2020,14,25,ppr,1,2,2,1,0,0,1,16,1,350
2025,14,25,std,1,2,3,1,4,0,0,14,1,350
2021,14,25,ppr,1,2,2,1,6,0,0,13,1,349
2022,12,29,ppr,1,2,2,1,1,0,0,20,1,348
2024,12,29,ppr,1,2,3,1,4,0,0,18,1,348
2022,12,29,ppr,1,2,2,0,4,0,0,20,1,347
2021,12,28,ppr,1,2,3,1,3,1,1,16,1,336
2021,14,24,ppr,1,2,2,1,5,0,0,13,1,336
2022,12,28,ppr,1,2,2,1,2,1,1,18,1,336
2022,12,28,ppr,1,2,3,1,1,0,0,20,1,336
2022,12,28,ppr,1,2,3,1,4,0,0,17,1,336
2022,14,24,half_ppr,1,2,3,1,1,1,1,14,1,336
2022,14,24,half_ppr,1,2,3,1,3,0,0,14,1,336
2022,14,24,ppr,1,2,3,1,5,1,1,10,1,336
2022,14,24,ppr,1,2,4,1,4,0,0,12,1,336
2023,12,28,ppr,1,2,3,1,4,0,0,15,1,336
2023,14,24,ppr,1,2,2,1,2,1,1,14,1,336
2025,12,28,ppr,1,2,2,1,1,0,1,20,1,336
2025,14,24,ppr,1,2,3,1,3,0,0,14,1,336
2025,14,24,std,1,3,2,1,3,0,0,14,1,336
2022,10,33,ppr,1,2,3,1,5,0,1,20,1,330
2022,12,27,ppr,1,2,2,1,3,0,0,18,1,324
2024,12,27,ppr,1,2,2,1,3,0,0,18,1,324
2025,12,27,ppr,1,2,2,1,3,0,0,18,1,324
2021,12,27,ppr,1,2,2,1,3,0,0,18,1,322
2023,14,23,half_ppr,1,2,3,1,3,0,0,13,1,322
2025,14,23,half_ppr,1,2,3,1,4,0,0,12,1,322
2025,14,23,ppr,1,3,4,2,3,0,0,10,1,322
2025,14,23,std,1,2,3,1,4,0,0,12,1,322
2021,10,32,ppr,1,5,5,1,0,0,0,20,1,320
2022,10,32,ppr,1,5,5,1,0,0,0,20,1,320
2023,10,32,ppr,1,2,3,1,5,0,0,20,1,320
2023,10,32,ppr,1,5,5,1,0,0,0,20,1,320
2024,10,32,ppr,1,5,5,1,0,0,0,20,1,320
2025,10,32,ppr,1,5,5,1,0,0,0,20,1,320
2021,12,26,ppr,1,1,1,1,7,0,0,15,1,312
2021,12,26,ppr,1,2,3,1,3,0,1,15,1,312
2022,12,26,ppr,1,2,2,1,2,1,1,16,1,312
2022,12,26,ppr,1,2,2,1,3,0,0,17,1,312
2022,12,26,ppr,1,2,3,1,2,0,0,17,1,312
2023,12,26,half_ppr,1,2,2,1,3,0,0,17,1,312
2023,12,26,ppr,1,2,2,1,4,0,0,16,1,312
2023,12,26,ppr,1,2,3,1,2,0,0,15,1,312
2023,12,26,ppr,1,2,3,1,2,0,0,17,1,312
2023,12,26,ppr,1,2,3,1,4,0,0,15,1,312
2024,12,26,ppr,1,2,3,1,3,0,0,16,1,312
2024,12,26,ppr,1,3,3,2,3,0,0,14,1,312
2025,12,26,ppr,1,2,2,1,2,0,0,15,1,312
2025,12,26,ppr,1,2,3,1,2,1,1,15,1,312
2022,10,31,ppr,1,2,3,1,5,0,0,19,1,310
2021,14,22,half_ppr,1,2,2,1,3,0,0,13,1,308
2022,14,22,ppr,1,2,2,1,4,0,0,12,1,308
2022,14,22,ppr,1,2,3,1,2,0,0,13,1,308
2022,14,22,ppr,1,2,3,1,4,0,0,11,1,308
2023,14,22,ppr,1,1,1,2,2,0,0,14,1,308
2023,14,22,ppr,1,2,3,1,3,0,0,12,1,308
2023,14,22,std,1,3,3,2,2,1,1,9,1,308
2024,14,22,ppr,1,2,2,1,1,0,1,12,1,308
2025,14,22,ppr,1,2,2,2,3,1,1,10,1,308
2021,10,30,ppr,1,3,1,1,6,0,0,18,1,300
2021,12,25,ppr,1,2,2,1,3,0,0,16,1,300
2021,12,25,ppr,1,2,2,1,6,0,0,13,1,300
2021,12,25,ppr,1,2,3,1,2,0,0,16,1,300
2021,12,25,ppr,1,2,3,1,4,0,1,13,1,300
2021,12,25,std,1,2,3,1,3,0,0,15,1,300
2022,12,25,half_ppr,1,2,2,1,3,0,0,16,1,300
2022,12,25,ppr,1,2,2,1,4,0,0,15,1,300
2022,12,25,ppr,1,2,3,1,2,0,0,15,1,300
2022,12,25,ppr,1,2,3,1,2,0,0,16,1,300
2022,12,25,ppr,1,3,3,1,3,0,0,14,1,300
2023,10,30,ppr,1,3,3,1,7,0,0,15,1,300
2023,12,25,half_ppr,1,2,3,1,2,0,0,15,1,300
2023,12,25,ppr,1,2,2,1,2,1,1,15,1,300
2023,12,25,ppr,1,2,2,1,3,0,0,16,1,300
2023,12,25,ppr,1,2,2,2,4,0,0,14,1,300
2023,12,25,ppr,1,2,3,1,1,1,1,15,1,300
2023,12,25,ppr,1,2,3,1,2,0,0,16,1,300
2023,12,25,ppr,1,2,3,1,3,0,0,15,1,300
2023,12,25,ppr,1,2,3,1,3,0,1,14,1,300
2023,12,25,ppr,1,2,3,1,4,0,0,14,1,300
2024,12,25,half_ppr,1,2,2,1,2,1,1,15,1,300
2024,12,25,ppr,1,2,2,1,2,1,1,15,1,300
2024,12,25,ppr,1,2,2,1,4,0,0,15,1,300
2024,12,25,ppr,1,2,3,1,1,1,1,15,1,300
2025,10,30,half_ppr,1,2,2,1,2,1,1,20,1,300
2025,10,30,ppr,1,2,2,2,4,0,0,19,1,300
2025,10,30,ppr,1,2,5,1,2,0,0,19,1,300
2025,10,30,ppr,1,3,1,1,6,0,0,18,1,300
2025,10,30,ppr,1,3,2,1,4,0,0,19,1,300
2025,12,25,half_ppr,1,2,3,0,2,0,0,17,1,300
2025,12,25,ppr,1,2,2,1,2,1,1,15,1,300
2025,12,25,std,1,2,2,1,4,0,0,15,1,300
2020,14,21,ppr,1,2,3,1,2,0,0,12,1,294
2021,14,21,ppr,1,2,2,1,3,1,1,10,1,294
2021,14,21,ppr,1,2,3,1,2,0,0,12,1,294
2021,14,21,ppr,1,2,3,1,3,0,0,11,1,294
2021,14,21,std,1,2,2,1,3,0,0,12,1,294
2022,14,21,ppr,1,2,3,1,3,0,0,11,1,294
2025,14,21,ppr,1,2,2,1,3,0,0,12,1,294
2025,14,21,ppr,1,2,3,1,4,0,0,10,1,294
2022,10,29,ppr,1,2,3,1,4,0,0,18,1,290
2020,12,24,ppr,1,2,3,1,2,1,1,13,1,288
2020,12,24,std,1,2,3,1,3,0,0,14,1,288
2021,12,24,ppr,1,2,2,1,2,0,0,16,1,288
2021,12,24,ppr,1,2,2,1,3,0,0,15,1,288
2021,12,24,ppr,1,2,2,1,4,0,0,14,1,288
2021,12,24,ppr,1,2,2,1,4,1,0,13,1,288
2021,12,24,ppr,1,2,2,1,5,0,0,13,1,288
2021,12,24,ppr,1,2,3,1,1,1,0,14,1,288
2021,12,24,ppr,1,2,3,1,2,0,0,15,1,288
2021,12,24,ppr,1,2,3,1,3,1,1,12,1,288
2021,12,24,std,1,2,2,1,3,0,0,15,1,288
2021,12,24,std,1,2,3,1,2,0,0,15,1,288
2022,12,24,half_ppr,1,2,3,1,2,0,1,14,1,288
2022,12,24,ppr,1,2,2,1,2,0,0,14,1,288
2022,12,24,ppr,1,2,2,1,2,1,1,14,1,288
2022,12,24,ppr,1,2,2,1,3,0,0,14,1,288
2022,12,24,ppr,1,2,3,1,1,0,0,14,1,288
2022,12,24,ppr,1,2,3,1,1,1,1,14,1,288
2022,12,24,ppr,1,2,3,1,2,0,0,14,1,288
2023,12,24,half_ppr,1,2,2,1,3,0,0,15,1,288
2023,12,24,half_ppr,1,2,3,1,3,0,0,14,1,288
2023,12,24,ppr,1,2,2,1,2,1,1,14,1,288
2023,12,24,ppr,1,2,2,1,4,0,0,14,1,288
2023,12,24,ppr,1,2,3,1,3,0,0,14,1,288
2024,12,24,half_ppr,1,2,2,1,3,0,0,15,1,288
2024,12,24,half_ppr,1,2,3,0,2,0,0,16,1,288
2024,12,24,ppr,1,2,2,1,2,0,0,16,1,288
2024,12,24,ppr,1,2,3,1,2,0,0,15,1,288
2025,12,24,ppr,1,2,2,1,2,0,0,16,1,288
2025,12,24,ppr,1,2,2,1,3,0,0,14,1,288
2025,12,24,ppr,1,2,2,1,3,0,0,15,1,288
2025,12,24,ppr,1,2,2,1,4,0,0,14,1,288
2025,12,24,ppr,1,2,2,1,5,0,0,13,1,288
2020,14,20,ppr,1,2,3,2,2,0,0,10,1,280
2021,10,28,ppr,1,2,2,2,2,1,1,13,1,280
2021,14,20,ppr,1,2,2,1,4,0,0,10,1,280
2021,14,20,ppr,1,2,3,1,1,1,1,10,1,280
2022,8,35,ppr,1,3,3,1,5,0,2,20,1,280
2022,10,28,ppr,1,2,2,1,2,1,1,18,1,280
2022,10,28,ppr,1,2,4,1,4,0,0,16,1,280
2022,14,20,half_ppr,1,2,2,1,2,1,1,10,1,280
2022,14,20,half_ppr,1,2,3,1,1,1,1,10,1,280
2022,14,20,half_ppr,1,2,3,1,3,0,0,10,1,280
2022,14,20,ppr,1,1,2,1,5,0,0,10,1,280
2022,14,20,ppr,1,1,3,1,2,1,1,10,1,280
2022,14,20,ppr,1,2,2,1,2,0,0,12,1,280
2023,10,28,ppr,1,2,3,1,5,0,0,16,1,280
2023,14,20,ppr,1,2,2,1,1,0,0,12,1,280
2023,14,20,ppr,1,2,2,1,2,0,0,12,1,280
2023,14,20,ppr,1,2,2,1,3,0,0,11,1,280
2024,10,28,ppr,1,2,2,1,4,0,0,18,1,280
2024,14,20,ppr,1,2,3,1,2,0,0,11,1,280
2024,14,20,ppr,1,2,3,2,2,0,0,10,1,280
2025,14,20,ppr,1,2,2,1,1,1,1,11,1,280
2021,12,23,ppr,1,2,2,1,3,0,0,13,1,276
2021,12,23,ppr,1,2,2,1,4,0,0,13,1,276
2021,12,23,ppr,1,2,3,1,1,0,0,12,1,276
2021,12,23,std,1,2,3,1,2,0,0,14,1,276
2022,12,23,ppr,1,2,2,1,2,0,0,15,1,276
2022,12,23,ppr,1,2,2,1,5,0,0,12,1,276
2022,12,23,ppr,1,2,3,1,1,0,0,13,1,276
2022,12,23,ppr,1,2,3,1,4,0,0,12,1,276
2022,12,23,ppr,1,2,3,2,3,0,0,12,1,276
2023,12,23,half_ppr,1,2,3,1,1,0,0,15,1,276
2023,12,23,half_ppr,1,2,3,1,2,0,0,14,1,276
2023,12,23,ppr,1,1,1,1,6,0,0,13,1,276
2023,12,23,ppr,1,2,2,1,2,0,1,14,1,276
2023,12,23,ppr,1,2,3,1,3,0,0,13,1,276
2023,12,23,ppr,1,2,3,2,2,0,0,12,1,276
2023,12,23,ppr,1,3,4,1,3,0,0,11,1,276
2024,12,23,half_ppr,1,2,2,1,2,0,0,15,1,276
2024,12,23,half_ppr,1,2,3,1,2,0,0,14,1,276
2024,12,23,ppr,1,2,2,0,3,1,0,13,1,276
2025,12,23,ppr,1,2,2,1,2,0,1,14,1,276
2025,12,23,ppr,1,2,3,1,1,0,0,15,1,276
2023,10,27,ppr,1,2,3,1,5,0,0,15,1,270
2025,10,27,ppr,1,2,2,1,3,0,0,17,1,270
2020,14,19,ppr,1,2,2,1,4,0,0,9,1,266
2020,14,19,ppr,1,2,3,1,2,0,0,10,1,266
2020,14,19,ppr,1,2,3,1,2,1,1,8,1,266
2021,14,19,half_ppr,1,2,2,1,3,0,0,10,1,266
2022,14,19,half_ppr,1,2,3,1,2,0,0,10,1,266
2023,14,19,ppr,1,2,3,1,2,1,1,8,1,266
2024,14,19,ppr,1,2,2,2,2,0,0,11,1,266
2025,14,19,ppr,1,2,3,1,2,0,0,10,1,266
2020,12,22,ppr,1,2,2,2,4,0,0,11,1,264
2021,12,22,ppr,1,1,1,1,3,0,0,12,1,264
2021,12,22,ppr,1,1,2,1,5,0,0,12,1,264
2021,12,22,ppr,1,1,3,1,4,0,0,12,1,264
2021,12,22,ppr,1,2,1,1,5,0,0,12,1,264
2021,12,22,ppr,1,2,2,1,3,1,1,11,1,264
2021,12,22,ppr,1,2,3,1,1,0,0,13,1,264
2021,12,22,ppr,1,2,3,1,3,1,1,10,1,264
2022,12,22,half_ppr,1,2,3,1,3,0,0,12,1,264
2022,12,22,ppr,1,0,0,0,9,0,0,12,1,264
2022,12,22,ppr,1,2,2,1,1,0,0,14,1,264
2022,12,22,ppr,1,2,2,1,2,0,0,13,1,264
2022,12,22,ppr,1,2,2,1,2,0,1,13,1,264
2022,12,22,ppr,1,2,3,1,1,0,0,13,1,264
2022,12,22,ppr,1,2,3,1,2,0,1,12,1,264
2022,12,22,ppr,1,2,3,1,2,1,1,11,1,264
2022,12,22,ppr,1,2,3,1,5,0,0,10,1,264
2022,12,22,ppr,1,2,5,1,2,0,0,11,1,264
2023,12,22,ppr,1,2,2,1,1,1,1,11,1,264
2023,12,22,ppr,1,2,2,1,2,1,1,12,1,264
2023,12,22,ppr,1,2,2,1,3,0,0,12,1,264
2023,12,22,ppr,1,2,3,1,1,0,0,14,1,264
2023,12,22,ppr,1,2,3,1,2,0,0,12,1,264
2023,12,22,ppr,1,3,3,1,1,0,0,12,1,264
2023,12,22,ppr,1,3,4,1,4,0,0,9,1,264
2024,12,22,half_ppr,1,2,3,1,1,0,0,14,1,264
2024,12,22,ppr,1,1,1,1,2,0,0,12,1,264
2024,12,22,ppr,1,1,1,1,6,0,0,12,1,264
2024,12,22,ppr,1,2,2,1,1,0,0,15,1,264
2024,12,22,ppr,1,2,3,0,4,0,0,12,1,264
2024,12,22,ppr,1,2,3,1,1,0,0,14,1,264
2024,12,22,ppr,1,2,3,1,2,0,0,12,1,264
2024,12,22,std,1,0,0,0,9,0,0,12,1,264
2025,12,22,half_ppr,1,2,2,1,3,0,0,13,1,264
2025,12,22,half_ppr,1,2,3,1,1,0,0,14,1,264
2025,12,22,ppr,1,2,2,1,2,1,1,12,1,264
2025,12,22,ppr,1,2,3,1,2,0,0,12,1,264
2025,12,22,std,1,0,0,0,9,0,0,12,1,264
2021,10,26,ppr,1,1,3,1,2,0,0,18,1,260
2021,10,26,ppr,1,2,2,1,4,0,0,16,1,260
2021,10,26,ppr,1,2,3,1,4,0,0,15,1,260
2021,10,26,ppr,1,2,3,2,3,0,0,15,1,260
2022,10,26,half_ppr,1,2,3,1,3,1,0,15,1,260
2022,10,26,ppr,1,1,3,1,2,0,0,18,1,260
2022,10,26,ppr,1,2,3,1,1,0,0,15,1,260
2022,10,26,ppr,1,2,3,2,3,0,0,15,1,260
2022,10,26,ppr,1,2,4,1,4,0,0,14,1,260
2023,10,26,ppr,1,1,2,1,5,0,0,16,1,260
2023,10,26,ppr,1,2,2,1,6,0,0,14,1,260
2024,10,26,ppr,1,2,2,1,2,0,0,18,1,260
2024,10,26,ppr,1,2,2,1,4,0,0,16,1,260
2024,10,26,ppr,1,2,3,1,3,0,0,16,1,260
2025,10,26,ppr,1,1,3,1,2,0,0,18,1,260
2025,10,26,ppr,1,2,3,1,3,0,0,16,1,260
2025,10,26,ppr,1,2,4,0,4,0,1,14,1,260
2020,12,21,ppr,1,2,2,1,3,1,1,10,1,252
2020,14,18,ppr,1,2,2,1,2,0,1,9,1,252
2020,14,18,ppr,1,2,3,1,3,0,0,8,1,252
2021,12,21,half_ppr,1,2,4,1,1,0,0,12,1,252
2021,12,21,ppr,1,2,2,1,1,0,0,12,1,252
2021,12,21,ppr,1,2,2,1,2,0,0,10,1,252
2021,12,21,ppr,1,2,2,1,2,0,0,12,1,252
2021,12,21,ppr,1,2,2,1,5,0,0,10,1,252
2021,12,21,ppr,1,2,3,1,1,0,0,12,1,252
2021,14,18,half_ppr,1,2,2,1,2,0,0,10,1,252
2021,14,18,half_ppr,1,2,2,1,4,0,0,8,1,252
2021,14,18,ppr,1,2,2,1,0,1,1,8,1,252
2021,14,18,ppr,1,2,2,1,1,1,1,8,1,252
2021,14,18,ppr,1,2,2,1,2,1,1,0,1,252
2021,14,18,ppr,1,2,2,1,3,0,0,9,1,252
2021,14,18,ppr,1,2,3,1,2,0,0,9,1,252
2022,12,21,half_ppr,1,2,2,1,5,0,0,10,1,252
2022,12,21,half_ppr,1,2,3,1,3,0,0,11,1,252
2022,12,21,ppr,1,2,2,1,2,0,1,12,1,252
2022,12,21,ppr,1,2,2,1,3,0,1,11,1,252
2022,12,21,ppr,1,2,2,1,4,0,0,11,1,252
2022,12,21,ppr,1,2,2,1,5,0,0,10,1,252
2022,12,21,ppr,1,2,3,1,4,0,0,10,1,252
2022,14,18,half_ppr,1,2,2,1,2,0,0,9,1,252
2022,14,18,half_ppr,1,2,2,1,2,1,1,8,1,252
2022,14,18,half_ppr,1,2,3,1,2,0,0,9,1,252
2022,14,18,ppr,1,0,0,1,3,0,0,10,1,252
2022,14,18,ppr,1,1,2,1,3,1,1,1,1,252
2022,14,18,ppr,1,2,2,1,4,0,0,8,1,252
2023,12,21,half_ppr,1,2,3,1,2,0,0,12,1,252
2023,12,21,ppr,1,2,2,1,1,1,1,12,1,252
2023,12,21,ppr,1,2,2,1,4,0,0,11,1,252
2023,12,21,ppr,1,2,3,1,1,0,0,12,1,252
2023,12,21,ppr,1,2,3,1,1,0,0,13,1,252
2023,14,18,half_ppr,1,2,3,1,2,0,0,9,1,252
2023,14,18,ppr,1,2,2,1,2,0,0,10,1,252
2023,14,18,ppr,1,2,3,1,2,0,0,9,1,252
2023,14,18,ppr,1,2,3,1,3,1,1,6,1,252
2024,12,21,half_ppr,1,2,2,0,2,0,0,12,1,252
2024,12,21,half_ppr,1,2,3,1,1,1,1,11,1,252
2024,12,21,ppr,1,2,2,1,2,0,1,12,1,252
2024,12,21,ppr,1,2,3,1,2,1,1,10,1,252
2024,14,18,half_ppr,1,2,2,0,2,0,0,10,1,252
2024,14,18,half_ppr,1,2,3,1,1,0,0,10,1,252
2024,14,18,half_ppr,1,2,3,1,2,0,0,9,1,252
2024,14,18,ppr,1,2,2,1,1,0,0,10,1,252
2024,14,18,ppr,1,2,2,1,1,0,0,11,1,252
2024,14,18,ppr,1,2,2,1,2,1,1,8,1,252
2024,14,18,ppr,1,2,3,0,3,0,0,8,1,252
2025,12,21,half_ppr,1,2,2,1,3,0,0,12,1,252
2025,12,21,ppr,1,2,2,1,1,1,1,10,1,252
2025,12,21,ppr,1,2,2,1,3,0,0,12,1,252
2025,12,21,ppr,1,2,3,1,1,0,0,13,1,252
2025,12,21,ppr,1,2,3,1,2,0,0,10,1,252
2025,12,21,ppr,1,2,3,1,2,1,1,10,1,252
2025,12,21,ppr,1,2,3,1,3,0,0,10,1,252
2025,12,21,ppr,1,2,3,1,3,0,0,11,1,252
2025,14,18,half_ppr,1,2,3,1,1,0,0,10,1,252
2025,14,18,ppr,1,2,2,1,2,1,1,8,1,252
2025,14,18,ppr,1,2,2,1,4,0,0,8,1,252
2025,14,18,ppr,1,2,3,1,2,0,0,9,1,252
2021,10,25,ppr,1,2,3,1,2,0,0,16,1,250
2021,10,25,ppr,1,2,3,1,2,1,1,0,1,250
2021,10,25,ppr,1,2,3,1,3,0,0,15,1,250
2021,10,25,ppr,1,2,3,1,4,0,0,14,1,250
2022,10,25,ppr,1,2,2,1,2,1,1,15,1,250
2022,10,25,ppr,1,2,2,2,3,0,0,15,1,250
2022,10,25,ppr,1,2,5,1,1,0,0,15,1,250
2023,10,25,half_ppr,1,2,2,1,2,0,0,15,1,250
2023,10,25,ppr,1,1,1,1,5,0,0,16,1,250
2023,10,25,ppr,1,2,2,1,3,1,1,14,1,250
2023,10,25,ppr,1,2,3,1,3,0,0,15,1,250
2024,10,25,half_ppr,1,2,3,1,1,0,0,17,1,250
2024,10,25,ppr,1,2,2,1,2,1,1,15,1,250
2024,10,25,ppr,1,2,2,1,3,0,0,16,1,250
2024,10,25,ppr,1,2,2,1,4,0,1,14,1,250
2025,10,25,half_ppr,1,2,3,1,1,0,0,17,1,250
2025,10,25,ppr,1,1,1,1,5,0,0,16,1,250
2025,10,25,ppr,1,1,2,1,5,0,0,15,1,250
2025,10,25,ppr,1,2,2,1,3,0,0,16,1,250
2022,8,31,ppr,1,2,2,1,5,0,0,20,1,248
2020,10,24,ppr,1,3,3,1,4,1,1,10,1,240
2020,12,20,ppr,1,2,2,1,2,0,0,12,1,240
2020,12,20,ppr,1,2,2,2,3,1,1,8,1,240
2020,12,20,ppr,1,2,3,1,2,1,1,9,1,240
2020,12,20,ppr,1,2,3,1,5,0,0,8,1,240
2021,10,24,ppr,1,2,2,0,5,0,0,14,1,240
2021,10,24,ppr,1,2,2,1,3,0,0,15,1,240
2021,10,24,ppr,1,2,2,1,4,0,0,14,1,240
2021,10,24,ppr,1,2,2,2,3,0,0,14,1,240
2021,10,24,ppr,1,2,3,1,1,0,0,16,1,240
2021,10,24,ppr,1,2,3,1,2,0,0,15,1,240
2021,10,24,ppr,1,2,3,1,3,0,0,14,1,240
2021,10,24,ppr,1,2,3,1,4,0,0,13,1,240
2021,10,24,ppr,1,3,3,1,4,1,1,10,1,240
2021,10,24,ppr,1,3,4,1,3,0,0,10,1,240
2021,12,20,half_ppr,1,2,2,1,2,0,0,12,1,240
2021,12,20,half_ppr,1,2,2,1,2,1,1,10,1,240
2021,12,20,half_ppr,1,2,3,1,1,0,0,10,1,240
2021,12,20,ppr,1,1,1,1,6,0,0,10,1,240
2021,12,20,ppr,1,2,2,1,1,0,0,13,1,240
2021,12,20,ppr,1,2,2,1,1,1,1,11,1,240
2021,12,20,ppr,1,2,2,1,2,0,0,11,1,240
2021,12,20,ppr,1,2,3,0,3,0,0,11,1,240
2021,12,20,ppr,1,2,3,1,1,0,0,10,1,240
2021,12,20,ppr,1,2,3,1,2,0,0,8,1,240
2021,12,20,ppr,1,2,3,1,2,0,1,10,1,240
2021,12,20,ppr,1,2,3,1,4,0,0,9,1,240
2021,12,20,ppr,1,2,3,2,3,0,0,9,1,240
2021,12,20,std,1,2,3,1,1,1,1,10,1,240
2021,12,20,std,1,2,3,1,3,0,0,10,1,240
2022,10,24,ppr,1,2,3,1,2,0,0,15,1,240
2022,10,24,ppr,1,3,3,1,4,1,1,10,1,240
2022,10,24,std,1,2,3,1,3,0,0,14,1,240
2022,12,20,half_ppr,1,2,2,1,2,0,0,12,1,240
2022,12,20,half_ppr,1,2,2,1,3,0,0,10,1,240
2022,12,20,half_ppr,1,2,2,1,4,0,0,10,1,240
2022,12,20,half_ppr,1,2,2,1,5,0,0,9,1,240
2022,12,20,ppr,1,0,0,0,7,0,0,12,1,240
2022,12,20,ppr,1,0,0,0,7,1,1,10,1,240
2022,12,20,ppr,1,0,5,0,4,0,0,10,1,240
2022,12,20,ppr,1,2,2,2,1,0,0,10,1,240
2022,12,20,ppr,1,2,3,0,0,0,0,10,1,240
2022,12,20,ppr,1,2,3,0,2,0,0,10,1,240
2022,12,20,ppr,1,2,3,1,2,0,0,10,1,240
2022,12,20,ppr,1,2,3,1,2,1,0,10,1,240
2022,12,20,ppr,1,2,3,1,3,1,1,8,1,240
2022,12,20,ppr,1,2,3,1,4,0,0,9,1,240
2022,12,20,ppr,1,3,3,1,2,0,0,10,1,240
2023,10,24,ppr,1,1,6,1,0,0,0,10,1,240
2023,10,24,ppr,1,2,2,1,2,0,1,15,1,240
2023,10,24,ppr,1,2,2,1,4,0,0,14,1,240
2023,10,24,ppr,1,2,2,1,4,1,1,12,1,240
2023,10,24,ppr,1,2,2,1,5,0,0,13,1,240
2023,10,24,ppr,1,2,3,1,2,0,0,15,1,240
2023,10,24,ppr,1,3,3,1,4,1,1,10,1,240
2023,10,24,std,1,1,1,0,3,1,1,12,1,240
2023,12,20,half_ppr,1,2,2,1,4,0,0,10,1,240
2023,12,20,ppr,1,0,0,0,7,0,0,12,1,240
2023,12,20,ppr,1,0,0,0,7,1,1,10,1,240
2023,12,20,ppr,1,1,2,1,3,1,1,10,1,240
2023,12,20,ppr,1,2,2,1,1,1,1,9,1,240
2023,12,20,ppr,1,2,2,1,3,1,0,10,1,240
2023,12,20,ppr,1,2,2,1,4,1,1,8,1,240
2023,12,20,ppr,1,2,3,0,3,0,0,11,1,240
2023,12,20,ppr,1,2,3,1,1,1,1,10,1,240
2023,12,20,ppr,1,2,3,1,2,1,1,9,1,240
2024,10,24,half_ppr,1,2,2,1,2,0,0,16,1,240
2024,10,24,ppr,1,1,1,1,6,0,0,14,1,240
2024,10,24,ppr,1,2,2,1,3,1,1,13,1,240
2024,10,24,ppr,1,3,4,1,3,1,0,11,1,240
2024,12,20,half_ppr,1,2,3,1,3,0,0,10,1,240
2024,12,20,ppr,1,0,0,0,9,0,0,10,1,240
2024,12,20,ppr,1,2,2,1,2,1,1,10,1,240
2024,12,20,ppr,1,2,2,1,3,1,1,9,1,240
2024,12,20,ppr,1,2,3,1,3,1,1,8,1,240
2024,12,20,std,1,2,2,1,1,0,0,13,1,240
2025,10,24,half_ppr,1,2,2,1,2,0,0,16,1,240
2025,10,24,half_ppr,1,2,3,1,2,0,0,15,1,240
2025,10,24,ppr,1,2,2,1,2,0,0,16,1,240
2025,10,24,ppr,1,2,2,1,3,0,0,15,1,240
2025,10,24,ppr,1,2,2,1,3,1,1,13,1,240
2025,10,24,ppr,1,2,3,1,4,0,0,13,1,240
2025,12,20,half_ppr,1,2,2,1,2,1,0,11,1,240
2025,12,20,half_ppr,1,2,2,1,5,0,0,9,1,240
2025,12,20,half_ppr,1,2,3,1,2,0,0,10,1,240
2025,12,20,ppr,1,2,2,1,3,1,1,9,1,240
2025,12,20,ppr,1,2,2,1,4,0,0,10,1,240
2025,12,20,ppr,1,2,3,1,1,1,1,10,1,240
2025,12,20,ppr,1,2,3,1,3,1,1,8,1,240
2025,12,20,ppr,1,2,3,1,4,0,0,9,1,240
2025,12,20,ppr,1,3,3,1,3,1,1,7,1,240
2025,12,20,std,1,2,2,1,2,0,0,12,1,240
2020,14,17,ppr,1,2,2,1,2,1,1,7,1,238
2020,14,17,ppr,1,2,3,1,1,1,1,7,1,238
2020,14,17,ppr,1,2,3,1,2,0,1,7,1,238
2021,14,17,half_ppr,1,2,2,1,2,1,1,7,1,238
2021,14,17,ppr,1,2,2,1,2,0,0,9,1,238
2021,14,17,ppr,1,2,3,1,2,0,1,7,1,238
2021,14,17,ppr,1,2,3,1,2,1,1,6,1,238
2021,14,17,ppr,1,2,3,1,3,0,0,7,1,238
2022,14,17,ppr,1,2,2,1,2,1,1,5,1,238
2022,14,17,ppr,1,2,3,1,3,0,0,7,1,238
2023,14,17,half_ppr,1,2,3,1,2,0,0,8,1,238
2023,14,17,ppr,1,2,2,1,1,1,1,7,1,238
2023,14,17,ppr,1,2,2,1,2,1,1,7,1,238
2023,14,17,ppr,1,2,2,1,3,1,1,6,1,238
2023,14,17,ppr,1,2,2,1,4,0,0,7,1,238
2024,14,17,ppr,1,2,2,1,2,1,0,8,1,238
2024,14,17,ppr,1,2,2,1,3,0,1,7,1,238
2025,14,17,half_ppr,1,2,2,1,2,0,0,9,1,238
2025,14,17,ppr,1,2,2,1,2,1,0,8,1,238
2025,14,17,ppr,1,2,2,1,2,1,1,7,1,238
2025,14,17,ppr,1,2,3,1,2,1,1,6,1,238
2023,8,29,ppr,1,2,2,1,3,1,1,18,1,232
2023,8,29,ppr,1,2,2,1,9,0,0,14,1,232
2023,8,29,ppr,1,3,4,1,8,0,0,12,1,232
2021,10,23,half_ppr,1,2,2,1,2,0,1,14,1,230
2021,10,23,ppr,1,2,2,1,2,1,1,13,1,230
2021,10,23,ppr,1,2,2,1,3,0,0,14,1,230
2021,10,23,ppr,1,2,2,1,3,1,1,12,1,230
2021,10,23,ppr,1,2,3,1,2,1,1,0,1,230
2022,10,23,ppr,1,2,2,1,2,0,0,15,1,230
2022,10,23,ppr,1,2,3,1,3,1,0,12,1,230
2022,10,23,ppr,1,3,3,1,3,1,1,10,1,230
2023,10,23,ppr,1,2,2,1,2,0,0,15,1,230
2023,10,23,ppr,1,2,3,1,3,0,0,13,1,230
2024,10,23,ppr,1,2,2,1,4,0,1,12,1,230
2024,10,23,ppr,1,2,3,1,3,0,0,13,1,230
2024,10,23,ppr,1,3,3,1,4,0,0,11,1,230
2024,10,23,ppr,1,3,5,1,3,1,1,8,1,230
2024,10,23,std,1,2,2,1,3,0,0,14,1,230
2025,10,23,half_ppr,1,2,2,1,4,0,0,13,1,230
2025,10,23,ppr,1,2,2,1,2,0,0,15,1,230
2020,12,19,ppr,1,2,2,1,2,1,1,5,1,228
2020,12,19,ppr,1,2,2,1,3,0,0,10,1,228
2020,12,19,ppr,1,3,3,1,2,0,0,7,1,228
2020,12,19,ppr,1,3,3,1,2,0,1,8,1,228
2020,12,19,std,1,2,3,1,1,1,1,9,1,228
2021,12,19,half_ppr,1,2,3,1,3,1,1,7,1,228
2021,12,19,ppr,1,2,2,1,1,1,1,10,1,228
2021,12,19,ppr,1,2,2,1,4,0,0,9,1,228
2021,12,19,ppr,1,3,2,1,3,0,0,9,1,228
2022,12,19,half_ppr,1,2,2,1,2,0,0,11,1,228
2022,12,19,half_ppr,1,2,2,1,3,0,0,10,1,228
2022,12,19,half_ppr,1,2,3,1,2,0,0,10,1,228
2022,12,19,half_ppr,1,2,3,1,3,0,0,9,1,228
2022,12,19,ppr,1,1,1,1,3,0,0,12,1,228
2022,12,19,ppr,1,2,2,1,1,1,1,10,1,228
2022,12,19,ppr,1,2,2,1,2,0,0,10,1,228
2022,12,19,ppr,1,2,2,1,2,1,1,9,1,228
2022,12,19,ppr,1,2,2,1,4,0,0,9,1,228
2022,12,19,ppr,1,2,2,2,2,0,0,10,1,228
2022,12,19,ppr,1,2,3,1,0,1,1,7,1,228
2022,12,19,std,1,2,3,1,2,0,0,10,1,228
2023,12,19,half_ppr,1,2,2,1,3,0,0,12,1,228
2023,12,19,ppr,1,2,2,1,2,0,0,11,1,228
2023,12,19,ppr,1,2,2,1,4,0,0,9,1,228
2023,12,19,ppr,1,2,3,1,3,0,0,9,1,228
2023,12,19,ppr,1,2,3,1,4,0,0,8,1,228
2023,12,19,ppr,1,3,3,2,0,0,0,10,1,228
2024,12,19,half_ppr,1,2,2,1,0,1,1,9,1,228
2024,12,19,half_ppr,1,2,3,1,2,1,1,8,1,228
2024,12,19,ppr,1,1,2,1,4,0,0,10,1,228
2024,12,19,ppr,1,2,2,1,1,1,1,10,1,228
2024,12,19,ppr,1,2,2,1,2,0,1,10,1,228
2024,12,19,ppr,1,2,2,1,2,1,1,9,1,228
2024,12,19,ppr,1,2,2,1,3,1,0,9,1,228
2024,12,19,ppr,1,2,3,1,2,0,0,0,1,228
2024,12,19,ppr,1,2,3,1,2,0,0,11,1,228
2024,12,19,ppr,1,3,3,0,4,0,0,8,1,228
2024,12,19,std,1,2,2,1,2,0,0,11,1,228
2025,12,19,half_ppr,1,2,3,1,1,0,0,11,1,228
2025,12,19,ppr,1,1,2,1,4,0,0,10,1,228
2025,12,19,ppr,1,2,2,1,2,0,0,11,1,228
2025,12,19,ppr,1,2,2,1,2,1,1,9,1,228
2025,12,19,ppr,1,2,2,1,4,0,0,9,1,228
2025,12,19,ppr,1,2,2,1,4,1,1,7,1,228
2025,12,19,ppr,1,2,2,2,3,0,0,9,1,228
2025,12,19,ppr,1,2,3,1,3,0,0,9,1,228
2025,12,19,ppr,1,2,3,1,2,1,1,8,1,227
2020,14,16,ppr,1,1,2,0,3,1,1,7,1,224
2020,14,16,ppr,1,2,2,1,1,1,1,1,1,224
2020,14,16,ppr,1,2,2,1,1,1,1,7,1,224
2020,14,16,ppr,1,2,2,1,2,0,0,8,1,224
2020,14,16,ppr,1,2,3,1,2,0,0,7,1,224
2021,8,28,ppr,1,2,3,1,3,0,0,18,1,224
2021,14,16,ppr,1,1,2,0,3,1,1,7,1,224
2021,14,16,ppr,1,1,2,1,2,0,0,9,1,224
2021,14,16,ppr,1,2,2,1,1,1,1,7,1,224
2021,14,16,ppr,1,2,2,1,2,0,1,7,1,224
2021,14,16,ppr,1,2,3,1,2,0,0,7,1,224
2021,14,16,ppr,1,2,3,1,2,1,0,6,1,224
2022,14,16,half_ppr,1,1,2,1,3,1,1,6,1,224
2022,14,16,half_ppr,1,2,2,1,1,1,1,7,1,224
2022,14,16,half_ppr,1,2,2,1,2,1,1,6,1,224
2022,14,16,ppr,1,1,2,0,3,1,1,7,1,224
2022,14,16,ppr,1,2,2,1,1,0,0,8,1,224
2022,14,16,ppr,1,2,2,1,2,0,1,7,1,224
2022,14,16,ppr,1,2,2,1,2,1,1,6,1,224
2022,14,16,ppr,1,2,2,1,3,1,1,5,1,224
2022,14,16,ppr,1,2,2,1,4,0,0,6,1,224
2022,14,16,ppr,1,2,3,0,2,0,1,7,1,224
2023,8,28,ppr,1,2,3,1,2,1,1,17,1,224
2023,14,16,ppr,1,1,1,1,2,0,0,9,1,224
2023,14,16,ppr,1,2,2,1,2,0,1,7,1,224
2023,14,16,ppr,1,2,3,1,2,0,1,6,1,224
2023,14,16,ppr,1,2,3,1,2,1,1,5,1,224
2024,14,16,half_ppr,1,2,2,1,2,1,1,6,1,224
2024,14,16,ppr,1,2,2,1,2,0,1,7,1,224
2025,14,16,half_ppr,1,2,2,1,2,0,1,7,1,224
2025,14,16,half_ppr,1,2,3,1,3,0,0,6,1,224
2025,14,16,ppr,1,2,2,1,2,0,0,8,1,224
2025,14,16,ppr,1,2,2,1,2,0,1,7,1,224
2020,10,22,ppr,1,2,3,1,2,0,0,10,1,220
2021,10,22,half_ppr,1,2,3,1,2,0,0,13,1,220
2021,10,22,ppr,1,1,1,1,6,0,0,12,1,220
2021,10,22,ppr,1,2,2,1,2,0,0,14,1,220
2021,10,22,ppr,1,2,2,1,2,0,1,13,1,220
2021,10,22,ppr,1,2,2,1,2,1,1,12,1,220
2021,10,22,ppr,1,2,2,2,3,0,0,12,1,220
2021,10,22,ppr,1,2,3,1,2,0,0,13,1,220
2021,10,22,ppr,1,2,3,1,2,0,1,12,1,220
2021,10,22,ppr,1,2,5,1,1,0,0,12,1,220
2021,10,22,ppr,1,3,3,1,4,0,0,10,1,220
2022,10,22,ppr,1,1,1,1,5,0,0,13,1,220
2022,10,22,ppr,1,2,2,1,1,0,0,12,1,220
2022,10,22,ppr,1,2,2,1,4,1,1,10,1,220
2022,10,22,ppr,1,2,2,1,5,0,0,11,1,220
2022,10,22,ppr,1,2,3,1,2,0,0,13,1,220
2022,10,22,ppr,1,2,3,1,3,0,0,13,1,220
2022,10,22,ppr,1,2,3,1,4,0,0,11,1,220
2022,10,22,ppr,1,2,3,2,2,1,1,10,1,220
2022,10,22,std,1,2,3,1,3,0,0,12,1,220
2023,10,22,half_ppr,1,2,2,1,3,1,0,12,1,220
2023,10,22,half_ppr,1,2,3,1,2,0,1,12,1,220
2023,10,22,half_ppr,1,2,3,1,3,0,0,12,1,220
2023,10,22,ppr,1,1,1,1,4,0,0,14,1,220
2023,10,22,ppr,1,1,1,1,5,0,0,13,1,220
2023,10,22,ppr,1,2,2,0,5,0,0,12,1,220
2023,10,22,ppr,1,2,3,0,5,0,0,11,1,220
2023,10,22,ppr,1,2,3,1,1,1,1,12,1,220
2023,10,22,ppr,1,2,3,1,4,0,0,11,1,220
2023,10,22,ppr,1,3,3,0,3,0,0,12,1,220
2024,10,22,ppr,1,2,2,1,1,0,1,14,1,220
2024,10,22,ppr,1,2,3,1,2,0,0,13,1,220
2025,10,22,half_ppr,1,2,2,1,3,1,0,12,1,220
2025,10,22,ppr,1,2,2,1,4,0,0,12,1,220
2025,10,22,ppr,1,2,3,1,2,0,0,15,1,220
2020,12,18,half_ppr,1,2,2,1,1,0,1,8,1,216
2020,12,18,half_ppr,1,2,2,1,2,0,1,9,1,216
2020,12,18,half_ppr,1,2,2,1,2,1,1,8,1,216
2020,12,18,half_ppr,1,2,2,1,3,1,1,7,1,216
2020,12,18,ppr,1,2,2,1,1,1,1,9,1,216
2020,12,18,ppr,1,2,2,1,2,0,1,9,1,216
2020,12,18,ppr,1,2,2,1,5,0,0,7,1,216
2020,12,18,ppr,1,2,3,1,2,0,0,9,1,216
2020,12,18,std,1,2,3,1,1,0,0,10,1,216
2021,12,18,half_ppr,1,0,0,0,8,0,0,9,1,216
2021,12,18,half_ppr,1,2,2,1,2,0,0,10,1,216
2021,12,18,half_ppr,1,2,2,1,2,1,1,8,1,216
2021,12,18,half_ppr,1,2,3,1,1,1,1,8,1,216
2021,12,18,ppr,1,0,0,0,8,0,0,9,1,216
2021,12,18,ppr,1,2,2,1,3,0,1,8,1,216
2021,12,18,ppr,1,2,2,1,3,1,1,0,1,216
2021,12,18,ppr,1,2,2,1,4,0,0,0,1,216
2021,12,18,ppr,1,2,3,1,2,0,1,8,1,216
2021,12,18,ppr,1,3,2,1,3,0,0,8,1,216
2021,12,18,std,1,2,2,1,1,1,1,9,1,216
2021,12,18,std,1,2,2,1,2,0,0,10,1,216
2022,12,18,half_ppr,1,0,0,0,9,0,0,8,1,216
2022,12,18,half_ppr,1,2,2,1,3,0,0,8,1,216
2022,12,18,half_ppr,1,2,2,1,3,0,0,9,1,216
2022,12,18,half_ppr,1,2,3,0,2,1,1,8,1,216
2022,12,18,half_ppr,1,2,3,1,1,0,0,0,1,216
2022,12,18,half_ppr,1,2,3,1,2,1,1,7,1,216
2022,12,18,half_ppr,1,2,3,1,3,0,0,8,1,216
2022,12,18,ppr,1,2,2,1,0,0,0,10,1,216
2022,12,18,ppr,1,2,2,1,1,0,0,9,1,216
2022,12,18,ppr,1,2,2,1,3,1,1,7,1,216
2022,12,18,ppr,1,2,2,2,2,1,1,7,1,216
2022,12,18,ppr,1,2,3,1,0,1,1,7,1,216
2022,12,18,ppr,1,2,3,1,2,0,1,8,1,216
2022,12,18,ppr,1,2,3,1,3,1,0,7,1,216
2022,12,18,ppr,1,2,3,1,3,1,1,6,1,216
2022,12,18,ppr,1,2,3,1,4,0,0,7,1,216
2022,12,18,ppr,1,2,3,2,2,0,0,0,1,216
2022,12,18,ppr,1,3,3,1,2,0,0,8,1,216
2022,12,18,std,1,2,2,1,3,0,0,9,1,216
2022,12,18,std,1,2,3,1,1,1,1,8,1,216
2023,8,27,ppr,1,2,2,1,8,0,0,13,1,216
2023,12,18,half_ppr,1,2,2,1,1,0,0,14,1,216
2023,12,18,half_ppr,1,2,2,1,1,0,1,7,1,216
2023,12,18,half_ppr,1,2,3,0,2,1,1,8,1,216
2023,12,18,half_ppr,1,2,3,1,1,0,0,0,1,216
2023,12,18,half_ppr,1,2,3,1,2,0,0,9,1,216
2023,12,18,half_ppr,1,2,3,1,2,1,1,7,1,216
2023,12,18,half_ppr,1,2,3,1,3,0,0,8,1,216
2023,12,18,half_ppr,1,3,3,1,2,0,2,6,1,216
2023,12,18,ppr,1,2,2,1,2,0,0,8,1,216
2023,12,18,ppr,1,2,2,1,3,0,1,8,1,216
2023,12,18,ppr,1,2,2,1,5,1,1,5,1,216
2023,12,18,ppr,1,2,3,1,1,1,1,0,1,216
2023,12,18,ppr,1,2,3,1,1,1,1,8,1,216
2023,12,18,ppr,1,2,3,1,2,0,1,0,1,216
2023,12,18,ppr,1,2,3,1,3,1,0,7,1,216
2023,12,18,ppr,1,3,3,1,3,0,0,7,1,216
2023,12,18,std,1,2,3,1,1,0,0,10,1,216
2024,12,18,half_ppr,1,2,2,1,1,1,1,9,1,216
2024,12,18,half_ppr,1,2,2,1,2,0,1,9,1,216
2024,12,18,half_ppr,1,2,3,1,3,0,0,8,1,216
2024,12,18,ppr,1,2,2,1,1,1,1,9,1,216
2024,12,18,ppr,1,2,3,1,1,0,0,1,1,216
2024,12,18,ppr,1,2,3,1,1,1,1,8,1,216
2024,12,18,ppr,1,2,3,1,2,0,0,8,1,216
2024,12,18,ppr,1,2,3,1,2,1,1,7,1,216
2024,12,18,ppr,1,2,3,1,3,0,0,0,1,216
2024,12,18,ppr,1,2,3,1,3,0,1,7,1,216
2024,12,18,ppr,1,2,3,1,4,0,0,7,1,216
2024,12,18,ppr,1,2,4,1,2,0,0,8,1,216
2024,12,18,std,1,2,2,1,3,0,0,9,1,216
2024,12,18,std,1,2,3,1,1,0,0,10,1,216
2025,12,18,half_ppr,1,2,2,1,1,1,1,9,1,216
2025,12,18,half_ppr,1,2,2,1,2,0,1,9,1,216
2025,12,18,half_ppr,1,2,2,1,2,1,1,8,1,216
2025,12,18,half_ppr,1,2,2,1,3,1,1,7,1,216
2025,12,18,ppr,1,1,1,1,4,1,1,8,1,216
2025,12,18,ppr,1,2,2,1,1,0,0,9,1,216
2025,12,18,ppr,1,2,2,1,2,1,1,6,1,216
2025,12,18,ppr,1,2,2,1,3,0,1,0,1,216
2025,12,18,ppr,1,2,3,0,3,0,0,8,1,216
2025,12,18,ppr,1,2,3,3,2,0,0,7,1,216
2025,12,18,std,1,2,3,1,1,0,0,10,1,216
2020,10,21,ppr,1,2,3,1,1,0,0,13,1,210
2020,14,15,half_ppr,1,2,2,1,2,1,1,5,1,210
2020,14,15,ppr,1,2,2,1,1,1,1,6,1,210
2020,14,15,ppr,1,2,2,1,2,1,1,5,1,210
2020,14,15,ppr,1,2,2,1,3,0,0,6,1,210
2020,14,15,ppr,1,2,2,2,1,0,0,6,1,210
2020,14,15,ppr,1,2,3,1,2,0,0,6,1,210
2020,14,15,ppr,1,2,3,1,2,0,1,5,1,210
2021,10,21,half_ppr,1,2,2,1,5,0,0,10,1,210
2021,10,21,ppr,1,2,2,1,1,1,1,12,1,210
2021,10,21,ppr,1,2,3,1,2,0,0,12,1,210
2021,10,21,ppr,1,3,3,1,4,0,0,9,1,210
2021,14,15,half_ppr,1,2,2,1,2,1,1,5,1,210
2021,14,15,half_ppr,1,2,3,1,0,1,1,6,1,210
2021,14,15,half_ppr,1,2,3,1,1,0,1,6,1,210
2021,14,15,half_ppr,1,2,3,1,2,0,0,6,1,210
2021,14,15,ppr,1,2,2,1,2,0,0,7,1,210
2021,14,15,ppr,1,2,2,1,2,0,1,6,1,210
2022,10,21,ppr,1,2,2,1,3,1,1,10,1,210
2022,10,21,ppr,1,2,2,1,5,0,0,10,1,210
2022,10,21,ppr,1,2,3,1,2,1,1,10,1,210
2022,10,21,ppr,1,2,3,1,4,0,0,10,1,210
2022,14,15,half_ppr,1,2,2,1,0,1,1,6,1,210
2022,14,15,half_ppr,1,2,2,1,3,0,0,6,1,210
2022,14,15,ppr,1,2,2,1,2,0,1,6,1,210
2022,14,15,ppr,1,2,2,1,2,1,0,6,1,210
2022,14,15,ppr,1,2,2,1,4,0,0,5,1,210
2023,10,21,half_ppr,1,2,2,1,2,0,1,12,1,210
2023,10,21,ppr,1,1,1,1,5,0,0,12,1,210
2023,10,21,ppr,1,2,2,1,2,0,1,12,1,210
2023,10,21,ppr,1,2,2,1,3,0,1,11,1,210
2023,10,21,ppr,1,2,3,2,3,1,1,8,1,210
2023,14,15,half_ppr,1,2,2,1,0,1,1,6,1,210
2023,14,15,half_ppr,1,2,2,1,2,1,1,5,1,210
2023,14,15,half_ppr,1,2,3,1,2,0,0,6,1,210
2023,14,15,ppr,1,2,2,1,3,0,0,6,1,210
2023,14,15,ppr,1,2,3,1,2,0,0,6,1,210
2024,10,21,ppr,1,1,1,1,1,1,1,14,1,210
2024,10,21,ppr,1,2,2,1,2,0,1,12,1,210
2024,10,21,ppr,1,2,2,1,4,0,0,11,1,210
2024,10,21,ppr,1,2,3,1,2,0,0,12,1,210
2024,10,21,ppr,1,2,3,1,3,0,0,11,1,210
2024,10,21,ppr,1,2,3,1,3,0,1,10,1,210
2024,14,15,ppr,1,2,3,1,1,1,1,0,1,210
2024,14,15,ppr,1,2,3,1,1,1,1,5,1,210
2024,14,15,ppr,1,2,3,1,2,0,0,6,1,210
2025,10,21,half_ppr,1,1,3,1,3,0,0,12,1,210
2025,10,21,half_ppr,1,2,3,1,3,0,0,11,1,210
2025,10,21,ppr,1,2,2,1,2,0,0,12,1,210
2025,10,21,ppr,1,2,3,1,1,0,0,13,1,210
2025,10,21,ppr,1,2,3,1,3,0,0,12,1,210
2025,14,15,ppr,1,2,2,1,3,0,0,6,1,210
2025,14,15,ppr,1,2,3,1,0,1,1,0,1,210
2025,14,15,ppr,1,2,3,1,2,0,1,5,1,210
2020,8,26,ppr,1,3,3,1,0,1,1,12,1,208
2022,8,26,ppr,1,2,2,1,5,0,0,15,1,208
2022,8,26,ppr,1,2,3,1,2,0,2,15,1,208
2022,8,26,ppr,1,2,4,1,2,0,0,16,1,208
2023,8,26,ppr,1,2,2,1,10,0,0,10,1,208
2023,8,26,ppr,1,2,3,1,3,0,0,16,1,208
2024,8,26,ppr,1,2,2,1,3,0,0,17,1,208
2025,8,26,ppr,1,3,3,0,4,0,0,15,1,208
2022,12,18,std,1,2,3,1,3,0,0,8,1,206
2020,12,17,half_ppr,1,2,2,1,1,1,1,8,1,204
2020,12,17,half_ppr,1,2,2,1,2,1,1,7,1,204
2020,12,17,half_ppr,1,2,2,1,3,0,0,8,1,204
2020,12,17,half_ppr,1,2,2,1,3,1,1,6,1,204
2020,12,17,half_ppr,1,2,2,1,4,0,0,7,1,204
2020,12,17,ppr,1,2,2,1,2,0,0,9,1,204
2020,12,17,ppr,1,2,2,1,3,0,0,7,1,204
2020,12,17,ppr,1,2,2,1,3,0,1,7,1,204
2020,12,17,ppr,1,2,2,1,3,1,1,6,1,204
2020,12,17,ppr,1,2,2,2,2,1,1,6,1,204
2020,12,17,ppr,1,2,3,1,1,0,1,8,1,204
2020,12,17,ppr,1,2,3,1,1,1,1,7,1,204
2020,12,17,ppr,1,2,3,1,2,0,0,7,1,204
2020,12,17,std,1,2,2,1,1,1,1,8,1,204
2021,12,17,half_ppr,1,2,2,1,3,1,1,6,1,204
2021,12,17,half_ppr,1,2,3,1,2,0,0,0,1,204
2021,12,17,half_ppr,1,2,3,1,2,1,1,6,1,204
2021,12,17,ppr,1,2,2,1,1,0,0,8,1,204
2021,12,17,ppr,1,2,2,1,1,1,1,0,1,204
2021,12,17,ppr,1,2,2,1,2,0,0,9,1,204
2021,12,17,ppr,1,2,2,1,3,0,1,7,1,204
2021,12,17,ppr,1,2,2,1,4,0,0,7,1,204
2021,12,17,ppr,1,2,3,1,0,1,1,8,1,204
2021,12,17,ppr,1,2,3,1,1,0,1,8,1,204
2021,12,17,ppr,1,2,3,1,1,1,1,6,1,204
2021,12,17,ppr,1,2,3,1,2,0,0,6,1,204
2021,12,17,std,1,2,2,1,2,1,1,7,1,204
2022,12,17,half_ppr,1,2,2,1,1,1,1,8,1,204
2022,12,17,half_ppr,1,2,2,1,2,0,1,8,1,204
2022,12,17,half_ppr,1,2,3,1,2,1,1,6,1,204
2022,12,17,ppr,1,2,2,1,2,1,1,6,1,204
2022,12,17,ppr,1,2,2,1,2,2,1,6,1,204
2022,12,17,ppr,1,2,3,1,0,0,0,10,1,204
2022,12,17,ppr,1,2,3,1,1,0,0,7,1,204
2022,12,17,ppr,1,2,3,1,1,0,0,9,1,204
2022,12,17,ppr,1,2,3,1,1,0,1,8,1,204
2022,12,17,ppr,1,2,3,1,2,0,1,7,1,204
2022,12,17,ppr,1,3,3,1,2,0,0,7,1,204
2022,12,17,std,1,2,2,1,2,1,1,7,1,204
2022,12,17,std,1,2,3,1,0,1,1,8,1,204
2022,12,17,std,1,2,3,1,1,0,1,8,1,204
2023,12,17,half_ppr,1,1,3,1,2,0,0,8,1,204
2023,12,17,half_ppr,1,2,2,1,0,1,1,7,1,204
2023,12,17,half_ppr,1,2,2,1,3,0,0,8,1,204
2023,12,17,half_ppr,1,2,3,1,2,0,0,8,1,204
2023,12,17,half_ppr,1,2,3,1,2,1,1,6,1,204
2023,12,17,ppr,1,2,2,1,0,1,1,7,1,204
2023,12,17,ppr,1,2,2,1,1,0,0,8,1,204
2023,12,17,ppr,1,2,2,1,1,0,0,10,1,204
2023,12,17,ppr,1,2,2,1,1,1,1,8,1,204
2023,12,17,ppr,1,2,2,1,2,0,0,7,1,204
2023,12,17,ppr,1,2,2,1,2,1,0,8,1,204
2023,12,17,ppr,1,2,2,1,2,2,1,6,1,204
2023,12,17,ppr,1,2,3,1,1,0,1,8,1,204
2023,12,17,ppr,1,2,3,1,1,1,0,0,1,204
2023,12,17,ppr,1,2,3,1,3,1,0,6,1,204
2023,12,17,ppr,1,2,3,1,3,1,1,5,1,204
2023,12,17,ppr,1,3,3,2,2,0,0,6,1,204
2023,12,17,ppr,1,3,4,1,1,0,1,6,1,204
2023,12,17,std,1,2,3,1,3,0,0,7,1,204
2024,12,17,half_ppr,1,2,2,1,1,1,1,8,1,204
2024,12,17,half_ppr,1,2,2,1,2,0,1,8,1,204
2024,12,17,half_ppr,1,2,3,1,2,1,1,6,1,204
2024,12,17,half_ppr,1,2,3,1,3,0,0,7,1,204
2024,12,17,half_ppr,1,2,3,1,3,1,1,5,1,204
2024,12,17,ppr,1,1,2,1,2,1,1,8,1,204
2024,12,17,ppr,1,1,3,1,4,0,0,7,1,204
2024,12,17,ppr,1,2,2,1,2,1,1,0,1,204
2024,12,17,ppr,1,2,2,1,3,0,1,7,1,204
2024,12,17,ppr,1,2,2,2,3,0,0,7,1,204
2024,12,17,ppr,1,2,3,0,4,0,0,7,1,204
2024,12,17,ppr,1,2,3,1,0,1,1,6,1,204
2024,12,17,ppr,1,2,3,1,1,0,0,9,1,204
2024,12,17,std,1,2,3,1,2,1,1,6,1,204
2025,12,17,half_ppr,1,2,2,1,2,0,0,7,1,204
2025,12,17,half_ppr,1,2,3,1,1,1,1,7,1,204
2025,12,17,half_ppr,1,2,3,1,2,0,1,7,1,204
2025,12,17,half_ppr,1,2,3,1,3,0,0,7,1,204
2025,12,17,ppr,1,2,2,1,2,0,0,8,1,204
2025,12,17,ppr,1,2,2,1,2,1,1,5,1,204
2025,12,17,std,1,2,2,1,1,1,1,8,1,204
2025,12,17,std,1,2,3,1,2,0,1,7,1,204
2025,12,17,std,1,2,3,1,3,0,0,7,1,204
2020,10,20,half_ppr,1,2,2,1,3,1,1,9,1,200
2020,10,20,ppr,1,2,2,1,1,1,1,11,1,200
2020,10,20,ppr,1,2,2,1,2,1,1,10,1,200
2020,10,20,ppr,1,2,3,1,2,0,1,10,1,200
2020,10,20,ppr,1,3,2,1,3,1,1,8,1,200
2020,10,20,std,1,3,3,1,2,1,1,8,1,200
2021,8,25,ppr,1,2,2,1,2,1,1,15,1,200
2021,8,25,ppr,1,2,2,1,3,0,0,16,1,200
2021,8,25,ppr,1,2,3,1,3,0,0,15,1,200
2021,8,25,ppr,1,2,3,2,3,1,1,12,1,200
2021,8,25,ppr,1,3,3,2,3,0,0,13,1,200
2021,10,20,half_ppr,1,2,2,1,2,1,1,10,1,200
2021,10,20,half_ppr,1,2,3,1,2,1,1,9,1,200
2021,10,20,ppr,1,2,2,1,1,0,0,13,1,200
2021,10,20,ppr,1,2,2,1,2,0,0,12,1,200
2021,10,20,ppr,1,2,2,1,3,0,1,10,1,200
2021,10,20,ppr,1,2,2,1,4,0,0,10,1,200
2021,10,20,ppr,1,2,3,1,1,0,0,11,1,200
2021,10,20,ppr,1,2,3,1,2,0,0,10,1,200
2021,10,20,ppr,1,2,3,1,4,0,0,9,1,200
2021,10,20,ppr,1,3,2,1,1,0,0,10,1,200
2021,10,20,ppr,1,3,3,1,2,0,0,10,1,200
2022,10,20,half_ppr,1,2,2,1,3,0,0,11,1,200
2022,10,20,half_ppr,1,2,3,1,1,1,1,10,1,200
2022,10,20,ppr,1,2,2,1,2,0,0,10,1,200
2022,10,20,ppr,1,2,2,1,3,0,0,10,1,200
2022,10,20,ppr,1,2,2,1,3,0,1,10,1,200
2022,10,20,ppr,1,2,2,1,3,1,0,10,1,200
2022,10,20,ppr,1,2,2,1,3,1,1,9,1,200
2022,10,20,ppr,1,2,3,1,2,0,1,10,1,200
2022,10,20,ppr,1,2,3,1,3,1,1,8,1,200
2023,10,20,half_ppr,1,2,2,1,2,0,0,12,1,200
2023,10,20,half_ppr,1,2,3,1,2,0,0,11,1,200
2023,10,20,ppr,1,2,2,0,1,0,0,10,1,200
2023,10,20,ppr,1,2,2,1,0,0,0,12,1,200
2023,10,20,ppr,1,2,2,1,1,1,1,10,1,200
2023,10,20,ppr,1,2,2,1,2,0,0,11,1,200
2023,10,20,ppr,1,2,2,1,3,0,1,10,1,200
2023,10,20,ppr,1,2,3,1,1,1,1,10,1,200
2023,10,20,ppr,1,2,3,1,2,1,1,9,1,200
2023,10,20,ppr,1,3,3,1,3,0,0,9,1,200
2023,10,20,ppr,1,3,3,1,3,0,1,8,1,200
2024,10,20,half_ppr,1,2,3,1,2,0,0,11,1,200
2024,10,20,ppr,1,2,3,1,1,1,1,10,1,200
2024,10,20,ppr,1,3,3,1,2,1,1,8,1,200
2025,10,20,half_ppr,1,2,2,1,2,0,0,12,1,200
2025,10,20,half_ppr,1,2,2,1,2,1,1,10,1,200
2025,10,20,ppr,1,1,1,1,2,2,0,10,1,200
2025,10,20,ppr,1,2,3,1,1,0,0,12,1,200
2025,10,20,ppr,1,2,3,1,1,1,1,10,1,200
2025,10,20,ppr,1,2,3,1,2,0,0,10,1,200
2025,10,20,ppr,1,2,3,1,3,0,0,10,1,200
2025,10,20,ppr,1,3,3,1,2,1,1,8,1,200
2025,10,20,std,1,2,2,1,1,0,0,13,1,200
2020,14,14,half_ppr,1,2,3,1,1,0,0,6,1,196
2020,14,14,std,1,2,2,1,1,1,1,5,1,196
2021,14,14,half_ppr,1,1,3,1,1,1,1,5,1,196
2021,14,14,half_ppr,1,2,2,0,1,0,1,5,1,196
2021,14,14,half_ppr,1,2,3,1,1,0,0,6,1,196
2021,14,14,ppr,1,2,2,1,1,0,1,6,1,196
2021,14,14,ppr,1,2,2,1,1,1,1,5,1,196
2021,14,14,ppr,1,2,2,1,2,0,0,6,1,196
2021,14,14,ppr,1,2,2,1,2,0,1,5,1,196
2021,14,14,ppr,1,2,3,1,0,0,0,7,1,196
2021,14,14,ppr,1,2,3,1,0,1,1,5,1,196
2021,14,14,std,1,2,3,1,1,1,1,4,1,196
2022,14,14,half_ppr,1,2,2,0,1,0,1,5,1,196
2022,14,14,half_ppr,1,2,2,1,2,0,1,5,1,196
2022,14,14,half_ppr,1,2,3,1,1,0,0,6,1,196
2022,14,14,half_ppr,1,2,3,1,2,0,0,5,1,196
2022,14,14,ppr,1,1,2,1,2,0,1,6,1,196
2022,14,14,ppr,1,2,2,1,1,1,1,0,1,196
2022,14,14,ppr,1,2,2,1,1,1,1,5,1,196
2022,14,14,ppr,1,2,2,1,2,0,1,5,1,196
2022,14,14,ppr,1,2,2,1,3,0,0,5,1,196
2022,14,14,ppr,1,2,3,1,1,0,0,6,1,196
2023,14,14,half_ppr,1,2,2,1,1,1,1,5,1,196
2023,14,14,half_ppr,1,2,2,1,2,0,0,6,1,196
2023,14,14,half_ppr,1,2,2,1,2,0,1,5,1,196
2023,14,14,half_ppr,1,2,3,1,2,0,0,5,1,196
2023,14,14,ppr,1,2,2,1,2,1,1,4,1,196
2023,14,14,ppr,1,2,3,1,1,0,0,6,1,196
2024,14,14,half_ppr,1,2,2,1,1,1,1,5,1,196
2024,14,14,half_ppr,1,2,2,1,2,0,1,5,1,196
2024,14,14,half_ppr,1,2,2,1,2,1,1,4,1,196
2024,14,14,half_ppr,1,2,2,1,3,0,0,5,1,196
2024,14,14,half_ppr,1,2,3,0,1,0,0,6,1,196
2024,14,14,ppr,1,2,2,1,1,1,1,5,1,196
2024,14,14,ppr,1,2,2,1,3,0,0,5,1,196
2024,14,14,ppr,1,2,3,1,2,0,0,5,1,196
2025,14,14,half_ppr,1,2,2,1,1,1,1,5,1,196
2025,14,14,half_ppr,1,2,2,1,2,0,1,5,1,196
2025,14,14,half_ppr,1,2,2,1,2,1,1,4,1,196
2025,14,14,half_ppr,1,2,3,0,1,0,0,6,1,196
2025,14,14,ppr,1,2,2,1,2,0,1,5,1,196
2025,14,14,ppr,1,2,2,1,2,1,1,4,1,196
2025,14,14,ppr,1,2,3,1,1,0,0,6,1,196
2020,12,16,half_ppr,1,1,3,1,2,0,0,8,1,192
2020,12,16,half_ppr,1,2,2,1,2,0,0,8,1,192
2020,12,16,half_ppr,1,2,2,1,3,0,0,7,1,192
2020,12,16,half_ppr,1,2,2,1,3,1,0,6,1,192
2020,12,16,half_ppr,1,2,3,1,1,0,1,7,1,192
2020,12,16,half_ppr,1,2,3,1,2,0,1,6,1,192
2020,12,16,ppr,1,2,2,1,1,0,0,6,1,192
2020,12,16,ppr,1,2,2,1,1,0,0,7,1,192
2020,12,16,ppr,1,2,2,1,1,0,1,7,1,192
2020,12,16,ppr,1,2,2,1,2,0,0,7,1,192
2020,12,16,ppr,1,2,2,1,4,0,1,5,1,192
2020,12,16,ppr,1,2,2,2,2,0,1,6,1,192
2020,12,16,ppr,1,2,3,1,1,0,0,8,1,192
2020,12,16,ppr,1,2,3,1,3,0,0,6,1,192
2020,12,16,std,1,2,2,1,2,1,1,6,1,192
2021,8,24,ppr,1,2,2,1,2,0,0,16,1,192
2021,8,24,ppr,1,3,4,2,2,0,0,10,1,192
2021,12,16,half_ppr,1,2,2,1,0,1,1,6,1,192
2021,12,16,half_ppr,1,2,2,1,0,1,1,7,1,192
2021,12,16,half_ppr,1,2,2,1,3,1,1,5,1,192
2021,12,16,half_ppr,1,2,3,0,2,0,0,7,1,192
2021,12,16,half_ppr,1,2,3,1,1,0,1,7,1,192
2021,12,16,half_ppr,1,2,3,1,2,0,1,6,1,192
2021,12,16,half_ppr,1,2,3,1,3,0,0,6,1,192
2021,12,16,ppr,1,1,1,1,4,0,1,7,1,192
2021,12,16,ppr,1,2,2,1,0,1,1,6,1,192
2021,12,16,ppr,1,2,2,1,1,0,0,9,1,192
2021,12,16,ppr,1,2,2,1,1,0,1,7,1,192
2021,12,16,ppr,1,2,2,1,1,1,1,0,1,192
2021,12,16,ppr,1,2,2,1,2,1,1,0,1,192
2021,12,16,ppr,1,2,3,1,1,0,1,7,1,192
2021,12,16,ppr,1,2,3,1,1,1,1,0,1,192
2021,12,16,ppr,1,2,3,1,2,1,0,6,1,192
2021,12,16,std,1,2,2,1,2,1,1,6,1,192
2021,12,16,std,1,2,3,1,2,1,1,5,1,192
2022,8,24,ppr,1,2,2,1,3,0,0,15,1,192
2022,12,16,half_ppr,1,2,0,0,1,1,1,0,1,192
2022,12,16,half_ppr,1,2,3,1,1,0,1,7,1,192
2022,12,16,half_ppr,1,2,3,1,3,0,0,6,1,192
2022,12,16,ppr,1,1,1,1,6,0,0,6,1,192
2022,12,16,ppr,1,1,2,1,4,0,0,7,1,192
2022,12,16,ppr,1,2,2,1,1,0,0,8,1,192
2022,12,16,ppr,1,2,2,1,1,1,1,6,1,192
2022,12,16,ppr,1,2,2,1,2,0,0,7,1,192
2022,12,16,ppr,1,2,2,1,2,0,1,0,1,192
2022,12,16,ppr,1,2,2,1,2,1,0,7,1,192
2022,12,16,ppr,1,2,2,1,2,1,1,0,1,192
2022,12,16,ppr,1,2,2,1,2,1,1,1,1,192
2022,12,16,ppr,1,2,2,1,3,0,1,0,1,192
2022,12,16,ppr,1,2,2,1,3,1,1,5,1,192
2022,12,16,ppr,1,2,3,1,1,0,0,8,1,192
2022,12,16,std,1,2,3,1,0,1,1,7,1,192
2023,12,16,half_ppr,1,2,2,1,1,1,1,0,1,192
2023,12,16,half_ppr,1,2,2,1,3,0,1,6,1,192
2023,12,16,half_ppr,1,2,3,0,2,0,1,6,1,192
2023,12,16,half_ppr,1,2,3,1,1,0,0,7,1,192
2023,12,16,half_ppr,1,2,3,1,1,0,1,7,1,192
2023,12,16,half_ppr,1,2,3,1,2,1,1,5,1,192
2023,12,16,ppr,1,1,1,1,4,0,0,8,1,192
2023,12,16,ppr,1,2,2,1,0,0,0,8,1,192
2023,12,16,ppr,1,2,2,1,1,0,0,8,1,192
2023,12,16,ppr,1,2,2,1,3,0,0,0,1,192
2023,12,16,ppr,1,2,3,1,2,0,0,0,1,192
2023,12,16,ppr,1,2,4,1,2,0,0,0,1,192
2023,12,16,ppr,1,3,4,1,1,0,0,6,1,192
2023,12,16,std,1,2,2,1,1,1,1,7,1,192
2024,8,24,ppr,1,2,2,1,2,0,1,15,1,192
2024,12,16,half_ppr,1,1,1,1,3,1,1,7,1,192
2024,12,16,half_ppr,1,2,2,1,4,0,0,6,1,192
2024,12,16,half_ppr,1,2,3,1,1,0,0,6,1,192
2024,12,16,half_ppr,1,2,3,1,1,0,0,7,1,192
2024,12,16,half_ppr,1,2,3,1,2,0,1,6,1,192
2024,12,16,half_ppr,1,2,3,1,3,0,0,6,1,192
2024,12,16,ppr,1,1,2,2,0,0,0,6,1,192
2024,12,16,ppr,1,2,2,1,2,1,0,6,1,192
2024,12,16,ppr,1,2,2,1,4,0,0,6,1,192
2024,12,16,ppr,1,2,3,1,2,0,0,6,1,192
2024,12,16,ppr,1,2,3,1,3,1,0,5,1,192
2024,12,16,ppr,1,3,3,1,3,0,0,5,1,192
2024,12,16,std,1,2,2,1,1,1,1,7,1,192
2024,12,16,std,1,2,2,1,2,1,1,6,1,192
2024,12,16,std,1,2,3,1,0,1,1,7,1,192
2024,12,16,std,1,2,3,1,2,1,1,5,1,192
2025,8,24,ppr,1,2,2,1,2,0,1,15,1,192
2025,12,16,half_ppr,1,2,2,1,0,1,1,7,1,192
2025,12,16,half_ppr,1,2,2,1,2,0,0,0,1,192
2025,12,16,half_ppr,1,2,2,1,2,1,0,7,1,192
2025,12,16,half_ppr,1,2,3,0,2,0,0,7,1,192
2025,12,16,half_ppr,1,2,3,1,2,0,1,6,1,192
2025,12,16,half_ppr,1,2,3,1,3,0,0,6,1,192
2025,12,16,ppr,1,1,3,1,3,0,0,7,1,192
2025,12,16,ppr,1,2,2,0,3,1,1,6,1,192
2025,12,16,ppr,1,2,2,1,0,1,1,6,1,192
2025,12,16,ppr,1,2,2,1,1,0,0,9,1,192
2025,12,16,ppr,1,2,2,1,3,0,1,6,1,192
2025,12,16,ppr,1,2,2,2,2,1,1,5,1,192
2025,12,16,ppr,1,2,3,1,2,0,0,0,1,192
2025,12,16,ppr,1,2,3,1,2,0,0,8,1,192
2025,12,16,std,1,2,2,1,2,1,1,6,1,192
2020,10,19,half_ppr,1,2,2,1,1,0,1,11,1,190
2020,10,19,half_ppr,1,2,2,1,2,0,0,11,1,190
2020,10,19,ppr,1,2,2,1,2,0,0,10,1,190
2020,10,19,ppr,1,2,2,1,3,0,0,10,1,190
2020,10,19,ppr,1,2,3,1,1,1,1,9,1,190
2020,10,19,ppr,1,2,3,1,2,0,1,9,1,190
2021,10,19,half_ppr,1,2,2,1,2,0,0,10,1,190
2021,10,19,half_ppr,1,2,2,1,2,0,0,11,1,190
2021,10,19,half_ppr,1,2,2,1,3,0,0,10,1,190
2021,10,19,ppr,1,2,2,1,2,0,1,10,1,190
2021,10,19,ppr,1,2,2,1,2,1,1,9,1,190
2021,10,19,ppr,1,2,2,1,3,1,1,8,1,190
2021,10,19,ppr,1,2,2,1,4,0,0,9,1,190
2021,10,19,ppr,1,2,3,1,2,1,0,9,1,190
2022,10,19,ppr,1,2,2,1,2,0,1,10,1,190
2022,10,19,ppr,1,2,2,1,2,1,1,9,1,190
2022,10,19,ppr,1,2,3,1,0,1,1,8,1,190
2022,10,19,ppr,1,2,3,1,2,0,0,11,1,190
2022,10,19,ppr,1,2,3,1,4,0,0,8,1,190
2022,10,19,ppr,1,3,3,1,2,1,1,7,1,190
2022,10,19,std,1,2,3,1,1,1,1,9,1,190
2023,10,19,ppr,1,2,2,1,3,1,1,8,1,190
2023,10,19,ppr,1,3,3,2,0,0,0,10,1,190
2024,10,19,ppr,1,1,2,1,2,1,1,10,1,190
2024,10,19,ppr,1,2,2,1,1,1,1,10,1,190
2024,10,19,ppr,1,2,2,1,3,0,1,9,1,190
2024,10,19,ppr,1,2,3,1,2,1,1,8,1,190
2024,10,19,ppr,1,2,3,1,3,0,0,9,1,190
2024,10,19,ppr,1,3,3,2,2,0,0,8,1,190
2025,10,19,ppr,1,2,2,1,4,0,0,9,1,190
2025,10,19,ppr,1,2,2,1,5,0,0,8,1,190
2025,10,19,ppr,1,2,3,1,2,0,0,10,1,190
2022,10,19,ppr,1,2,3,1,1,1,1,9,1,189
2022,12,16,half_ppr,1,2,2,1,1,0,1,8,1,188
2022,12,16,half_ppr,1,2,2,1,1,1,1,1,1,188
2021,8,23,ppr,1,2,2,1,4,0,0,13,1,184
2021,8,23,ppr,1,2,3,1,2,1,1,12,1,184
2023,8,23,ppr,1,2,2,1,2,0,0,15,1,184
2023,8,23,ppr,1,2,3,1,6,1,1,8,1,184
2024,8,23,ppr,1,2,2,1,3,0,0,14,1,184
2025,8,23,ppr,1,3,3,1,3,0,0,12,1,184
2020,14,13,half_ppr,1,2,2,1,1,1,1,4,1,182
2020,14,13,ppr,1,2,2,1,2,0,0,5,1,182
2021,14,13,half_ppr,1,2,2,1,1,1,1,4,1,182
2021,14,13,ppr,1,2,2,1,1,0,0,6,1,182
2021,14,13,ppr,1,2,3,1,1,0,0,5,1,182
2021,14,13,ppr,1,2,3,1,2,0,0,4,1,182
2022,14,13,half_ppr,1,2,2,1,1,1,1,4,1,182
2022,14,13,ppr,1,2,2,1,1,0,1,5,1,182
2022,14,13,ppr,1,2,3,1,1,1,0,4,1,182
2023,14,13,half_ppr,1,2,2,1,1,0,1,5,1,182
2023,14,13,ppr,1,2,2,1,2,0,0,5,1,182
2023,14,13,std,1,2,2,1,2,0,0,5,1,182
2024,14,13,ppr,1,2,2,1,1,0,0,6,1,182
2024,14,13,ppr,1,2,2,1,1,1,1,4,1,182
2024,14,13,std,1,2,2,1,2,0,0,5,1,182
2025,14,13,half_ppr,1,2,2,1,1,0,0,6,1,182
2025,14,13,half_ppr,1,2,2,1,2,0,0,5,1,182
2025,14,13,ppr,1,2,2,1,0,0,0,6,1,182
2025,14,13,ppr,1,2,2,1,1,0,1,5,1,182
2025,14,13,ppr,1,2,2,1,2,0,0,5,1,182
2020,10,18,half_ppr,1,2,2,2,2,0,0,9,1,180
2020,10,18,ppr,1,1,1,1,0,1,1,8,1,180
2020,10,18,ppr,1,2,2,1,2,0,1,9,1,180
2020,10,18,ppr,1,2,2,1,3,0,1,8,1,180
2020,10,18,ppr,1,2,2,1,4,0,0,8,1,180
2020,10,18,ppr,1,2,3,1,1,0,1,9,1,180
2020,10,18,ppr,1,2,3,1,3,0,0,8,1,180
2020,12,15,half_ppr,1,2,2,1,1,1,1,0,1,180
2020,12,15,half_ppr,1,2,2,1,2,1,0,6,1,180
2020,12,15,half_ppr,1,2,2,1,2,1,1,0,1,180
2020,12,15,half_ppr,1,2,2,1,3,0,0,6,1,180
2020,12,15,ppr,1,1,3,1,3,0,0,6,1,180
2020,12,15,ppr,1,2,2,1,0,0,0,6,1,180
2020,12,15,ppr,1,2,2,1,0,1,1,5,1,180
2020,12,15,ppr,1,2,2,1,1,1,1,0,1,180
2020,12,15,ppr,1,2,2,1,1,1,1,5,1,180
2020,12,15,ppr,1,2,3,1,1,0,1,6,1,180
2020,12,15,ppr,1,2,3,1,2,0,1,5,1,180
2020,12,15,std,1,2,2,1,2,1,1,5,1,180
2020,12,15,std,1,2,3,1,0,1,1,6,1,180
2020,12,15,std,1,2,3,1,1,0,1,6,1,180
2020,12,15,std,1,2,3,1,2,0,0,6,1,180
2021,10,18,half_ppr,1,2,2,1,1,1,1,9,1,180
2021,10,18,half_ppr,1,2,2,1,2,1,1,8,1,180
2021,10,18,half_ppr,1,2,2,1,3,0,0,9,1,180
2021,10,18,ppr,1,0,0,0,9,0,0,8,1,180
2021,10,18,ppr,1,2,2,1,0,1,1,8,1,180
2021,10,18,ppr,1,2,2,1,1,1,1,9,1,180
2021,10,18,ppr,1,2,3,1,1,0,0,10,1,180
2021,10,18,ppr,1,2,3,1,1,0,1,9,1,180
2021,10,18,ppr,1,2,3,1,3,0,0,0,1,180
2021,10,18,ppr,1,2,3,1,3,0,1,7,1,180
2021,10,18,ppr,1,3,3,1,2,1,1,6,1,180
2021,10,18,std,1,2,2,1,3,0,0,9,1,180
2021,12,15,half_ppr,1,2,3,1,0,1,1,6,1,180
2021,12,15,half_ppr,1,2,3,1,1,0,0,7,1,180
2021,12,15,half_ppr,1,2,3,1,1,1,1,5,1,180
2021,12,15,ppr,1,2,2,1,0,0,0,6,1,180
2021,12,15,ppr,1,2,2,1,0,1,1,5,1,180
2021,12,15,ppr,1,2,2,1,1,1,0,7,1,180
2021,12,15,ppr,1,2,2,1,2,0,1,0,1,180
2021,12,15,ppr,1,2,2,1,2,0,1,5,1,180
2021,12,15,ppr,1,2,2,1,2,1,1,7,1,180
2021,12,15,ppr,1,2,2,1,3,0,1,0,1,180
2021,12,15,ppr,1,2,2,2,2,2,0,4,1,180
2021,12,15,ppr,1,2,3,1,1,1,1,0,1,180
2021,12,15,ppr,1,2,3,1,3,0,0,5,1,180
2021,12,15,std,1,2,2,1,2,1,1,0,1,180
2021,12,15,std,1,2,3,1,0,1,1,6,1,180
2022,10,18,half_ppr,1,1,1,1,0,1,1,8,1,180
2022,10,18,half_ppr,1,2,2,1,2,0,0,10,1,180
2022,10,18,half_ppr,1,2,3,1,1,0,0,10,1,180
2022,10,18,ppr,1,1,3,1,2,0,0,10,1,180
2022,10,18,ppr,1,2,2,0,3,0,0,10,1,180
2022,10,18,ppr,1,2,2,1,0,0,0,10,1,180
2022,10,18,ppr,1,2,2,1,1,0,0,10,1,180
2022,10,18,ppr,1,2,2,1,1,1,1,0,1,180
2022,10,18,ppr,1,2,2,1,3,0,1,8,1,180
2022,10,18,ppr,1,2,2,1,4,0,0,8,1,180
2022,10,18,ppr,1,2,3,1,0,0,0,9,1,180
2022,10,18,ppr,1,2,3,1,1,1,0,8,1,180
2022,10,18,ppr,1,2,3,1,2,0,1,8,1,180
2022,10,18,ppr,1,2,3,1,3,0,0,10,1,180
2022,10,18,std,1,0,0,0,5,1,1,10,1,180
2022,12,15,half_ppr,1,1,1,1,3,1,1,6,1,180
2022,12,15,half_ppr,1,1,2,0,4,0,1,6,1,180
2022,12,15,half_ppr,1,2,2,1,0,0,1,6,1,180
2022,12,15,half_ppr,1,2,2,1,2,0,1,0,1,180
2022,12,15,half_ppr,1,2,2,1,3,0,1,5,1,180
2022,12,15,half_ppr,1,2,3,1,0,1,1,6,1,180
2022,12,15,half_ppr,1,2,3,1,1,0,0,6,1,180
2022,12,15,half_ppr,1,2,3,1,1,0,0,7,1,180
2022,12,15,ppr,1,2,0,0,2,0,1,7,1,180
2022,12,15,ppr,1,2,2,1,0,0,0,6,1,180
2022,12,15,ppr,1,2,2,1,0,0,0,7,1,180
2022,12,15,ppr,1,2,2,1,1,0,0,6,1,180
2022,12,15,ppr,1,2,2,1,1,0,1,7,1,180
2022,12,15,ppr,1,2,2,1,1,1,1,0,1,180
2022,12,15,ppr,1,2,2,1,2,0,0,6,1,180
2022,12,15,ppr,1,2,2,1,2,0,1,5,1,180
2022,12,15,ppr,1,2,2,1,2,1,1,0,1,180
2022,12,15,ppr,1,2,2,1,2,1,1,10,1,180
2022,12,15,ppr,1,2,2,1,3,0,0,5,1,180
2022,12,15,ppr,1,2,3,1,2,0,0,0,1,180
2022,12,15,ppr,1,2,3,1,2,0,0,1,1,180
2022,12,15,ppr,1,2,3,1,3,0,0,0,1,180
2022,12,15,std,1,2,3,1,2,0,0,6,1,180
2022,12,15,std,1,2,3,1,3,0,0,5,1,180
2023,10,18,half_ppr,1,1,1,1,0,1,1,8,1,180
2023,10,18,half_ppr,1,2,2,1,2,0,0,10,1,180
2023,10,18,half_ppr,1,2,2,1,2,1,1,8,1,180
2023,10,18,half_ppr,1,2,3,1,1,1,1,8,1,180
2023,10,18,half_ppr,1,2,3,1,2,0,1,8,1,180
2023,10,18,half_ppr,1,2,3,1,2,1,1,7,1,180
2023,10,18,ppr,1,2,2,1,3,0,0,9,1,180
2023,10,18,ppr,1,2,2,1,3,0,1,8,1,180
2023,12,15,half_ppr,1,2,2,1,0,1,1,5,1,180
2023,12,15,half_ppr,1,2,2,1,3,1,0,5,1,180
2023,12,15,half_ppr,1,2,3,1,1,0,1,6,1,180
2023,12,15,ppr,1,1,1,1,4,1,0,6,1,180
2023,12,15,ppr,1,1,2,1,1,1,1,6,1,180
2023,12,15,ppr,1,2,0,0,1,0,1,7,1,180
2023,12,15,ppr,1,2,2,1,1,0,0,6,1,180
2023,12,15,ppr,1,2,2,1,1,0,1,6,1,180
2023,12,15,ppr,1,2,2,1,1,1,0,7,1,180
2023,12,15,ppr,1,2,2,1,1,1,1,0,1,180
2023,12,15,ppr,1,2,2,1,2,1,1,6,1,180
2023,12,15,ppr,1,2,2,1,2,1,1,7,1,180
2023,12,15,ppr,1,2,2,1,4,0,0,5,1,180
2023,12,15,ppr,1,2,3,0,2,0,0,7,1,180
2023,12,15,ppr,1,2,3,1,0,0,0,5,1,180
2023,12,15,ppr,1,2,3,1,1,1,0,0,1,180
2023,12,15,ppr,1,2,3,1,2,1,0,5,1,180
2023,12,15,std,1,2,2,1,0,1,1,6,1,180
2023,12,15,std,1,2,2,1,2,0,0,7,1,180
2023,12,15,std,1,2,3,1,2,0,0,6,1,180
2024,10,18,half_ppr,1,1,1,1,0,1,1,8,1,180
2024,10,18,half_ppr,1,2,2,1,1,0,0,11,1,180
2024,10,18,half_ppr,1,2,2,1,2,0,0,10,1,180
2024,10,18,half_ppr,1,2,3,0,2,1,1,8,1,180
2024,10,18,ppr,1,2,2,1,1,1,1,9,1,180
2024,10,18,ppr,1,2,2,1,2,1,1,7,1,180
2024,10,18,ppr,1,2,2,1,3,0,0,9,1,180
2024,10,18,ppr,1,2,2,1,3,0,1,8,1,180
2024,10,18,ppr,1,2,3,1,1,1,1,8,1,180
2024,10,18,ppr,1,2,3,1,2,0,1,8,1,180
2024,10,18,ppr,1,3,3,1,2,1,1,6,1,180
2024,12,15,half_ppr,1,2,2,0,4,0,1,5,1,180
2024,12,15,half_ppr,1,2,2,1,2,1,1,11,1,180
2024,12,15,half_ppr,1,2,3,1,2,0,1,5,1,180
2024,12,15,half_ppr,1,2,3,1,3,0,0,5,1,180
2024,12,15,ppr,1,1,2,1,3,1,1,5,1,180
2024,12,15,ppr,1,2,2,1,0,0,0,6,1,180
2024,12,15,ppr,1,2,2,1,1,1,1,5,1,180
2024,12,15,ppr,1,2,2,1,2,0,0,6,1,180
2024,12,15,ppr,1,2,3,1,2,1,1,1,1,180
2024,12,15,ppr,1,2,3,1,3,0,0,5,1,180
2024,12,15,std,1,2,2,1,2,0,0,7,1,180
2024,12,15,std,1,2,2,1,2,1,1,5,1,180
2024,12,15,std,1,2,2,1,3,0,0,6,1,180
2025,10,18,half_ppr,1,1,1,1,0,1,1,8,1,180
2025,10,18,half_ppr,1,2,2,1,1,1,1,9,1,180
2025,10,18,half_ppr,1,2,3,1,1,1,1,8,1,180
2025,10,18,half_ppr,1,2,3,1,2,1,1,7,1,180
2025,10,18,half_ppr,1,2,3,1,3,1,1,6,1,180
2025,10,18,ppr,1,2,2,1,4,0,0,8,1,180
2025,10,18,ppr,1,2,2,2,2,1,1,7,1,180
2025,10,18,ppr,1,2,3,1,2,0,1,8,1,180
2025,12,15,half_ppr,1,2,2,0,4,0,1,5,1,180
2025,12,15,half_ppr,1,2,2,1,2,0,1,5,1,180
2025,12,15,half_ppr,1,2,2,1,3,0,1,5,1,180
2025,12,15,half_ppr,1,2,3,1,0,0,0,6,1,180
2025,12,15,ppr,1,1,2,1,3,1,1,5,1,180
2025,12,15,ppr,1,2,2,1,1,1,0,6,1,180
2025,12,15,ppr,1,2,2,1,1,1,1,5,1,180
2025,12,15,ppr,1,2,2,1,2,1,1,6,1,180
2025,12,15,ppr,1,2,2,1,2,1,1,7,1,180
2025,12,15,ppr,1,2,2,1,2,1,1,12,1,180
2025,12,15,ppr,1,2,3,0,3,0,0,6,1,180
2025,12,15,std,1,2,2,1,2,1,1,5,1,180
2025,12,15,std,1,2,3,1,1,0,1,6,1,180
2020,10,18,half_ppr,1,2,2,1,2,1,1,8,1,179
2020,8,22,ppr,1,2,2,1,2,1,1,12,1,176
2021,8,22,ppr,1,2,2,1,3,0,1,12,1,176
2021,8,22,ppr,1,2,3,1,3,0,0,12,1,176
2021,8,22,ppr,1,3,3,2,5,0,0,8,1,176
2022,8,22,ppr,1,2,2,1,4,0,0,12,1,176
2022,8,22,ppr,1,2,2,2,4,0,0,11,1,176
2020,10,17,half_ppr,1,2,2,1,1,0,0,6,1,170
2020,10,17,half_ppr,1,2,2,1,2,1,1,7,1,170
2020,10,17,half_ppr,1,2,2,1,3,0,0,8,1,170
2020,10,17,half_ppr,1,2,3,1,1,1,1,7,1,170
2020,10,17,half_ppr,1,2,3,1,2,0,0,8,1,170
2020,10,17,half_ppr,1,2,3,1,2,1,1,6,1,170
2020,10,17,ppr,1,2,2,1,4,0,0,7,1,170
2020,10,17,ppr,1,2,3,1,0,1,1,6,1,170
2020,10,17,ppr,1,3,3,1,3,0,0,6,1,170
2020,10,17,std,1,2,3,1,1,1,1,7,1,170
2021,10,17,half_ppr,1,2,2,1,1,1,1,8,1,170
2021,10,17,half_ppr,1,2,2,1,3,0,0,8,1,170
2021,10,17,half_ppr,1,2,3,1,1,1,1,7,1,170
2021,10,17,half_ppr,1,2,3,1,2,0,0,8,1,170
2021,10,17,half_ppr,1,2,3,1,2,0,1,7,1,170
2021,10,17,ppr,1,2,2,1,1,1,1,8,1,170
2021,10,17,ppr,1,2,2,1,2,0,1,8,1,170
2021,10,17,ppr,1,2,2,1,3,0,1,7,1,170
2021,10,17,ppr,1,2,2,1,3,1,0,7,1,170
2021,10,17,ppr,1,2,2,1,4,0,0,7,1,170
2021,10,17,ppr,1,2,3,1,1,0,0,8,1,170
2021,10,17,ppr,1,2,3,1,1,0,0,9,1,170
2021,10,17,ppr,1,2,3,1,2,0,0,0,1,170
2021,10,17,ppr,1,2,3,1,3,0,0,7,1,170
2021,10,17,ppr,1,3,3,1,2,0,0,7,1,170
2021,10,17,std,1,2,3,1,1,1,1,7,1,170
2021,10,17,std,1,2,3,1,2,0,0,8,1,170
2022,10,17,half_ppr,1,2,2,1,1,1,1,8,1,170
2022,10,17,half_ppr,1,2,2,1,2,1,1,7,1,170
2022,10,17,half_ppr,1,2,3,1,1,1,1,7,1,170
2022,10,17,ppr,1,2,2,0,4,0,0,8,1,170
2022,10,17,ppr,1,2,2,1,2,0,0,8,1,170
2022,10,17,ppr,1,2,2,1,3,1,0,7,1,170
2022,10,17,ppr,1,2,3,1,1,0,1,8,1,170
2022,10,17,ppr,1,2,3,1,2,0,0,0,1,170
2023,10,17,half_ppr,1,2,2,1,2,0,0,9,1,170
2023,10,17,half_ppr,1,2,2,1,3,0,1,7,1,170
2023,10,17,half_ppr,1,2,2,1,3,1,1,6,1,170
2023,10,17,half_ppr,1,2,3,1,2,0,0,8,1,170
2023,10,17,half_ppr,1,2,3,1,2,0,1,0,1,170
2023,10,17,half_ppr,1,2,3,1,2,1,1,6,1,170
2023,10,17,ppr,1,2,2,0,2,0,0,8,1,170
2023,10,17,ppr,1,2,2,1,1,1,1,8,1,170
2023,10,17,ppr,1,2,2,1,2,0,0,0,1,170
2023,10,17,ppr,1,2,2,1,2,0,1,8,1,170
2023,10,17,ppr,1,2,2,1,3,1,0,7,1,170
2023,10,17,ppr,1,2,3,1,1,1,1,7,1,170
2023,10,17,ppr,1,2,3,1,2,0,0,7,1,170
2023,10,17,ppr,1,2,3,1,2,1,0,7,1,170
2023,10,17,std,1,2,2,1,2,1,1,7,1,170
2023,10,17,std,1,2,3,1,0,1,1,8,1,170
2023,10,17,std,1,2,3,1,1,1,1,7,1,170
2024,10,17,half_ppr,1,2,2,1,0,1,1,8,1,170
2024,10,17,half_ppr,1,2,3,1,2,0,1,7,1,170
2024,10,17,ppr,1,2,2,1,0,1,1,8,1,170
2024,10,17,ppr,1,2,2,1,1,0,1,8,1,170
2024,10,17,ppr,1,2,2,1,1,1,1,8,1,170
2024,10,17,ppr,1,2,2,1,2,0,0,8,1,170
2024,10,17,ppr,1,2,2,1,2,0,0,9,1,170
2024,10,17,ppr,1,2,2,1,2,1,0,8,1,170
2024,10,17,ppr,1,2,2,1,3,0,1,7,1,170
2024,10,17,ppr,1,2,2,2,1,1,1,7,1,170
2024,10,17,ppr,1,2,3,1,2,0,0,12,1,170
2024,10,17,ppr,1,2,3,1,2,0,1,7,1,170
2024,10,17,ppr,1,2,3,1,2,1,0,7,1,170
2024,10,17,std,1,2,2,1,2,1,1,7,1,170
2025,10,17,half_ppr,1,2,2,1,1,1,1,8,1,170
2025,10,17,half_ppr,1,2,2,1,2,1,1,7,1,170
2025,10,17,half_ppr,1,2,2,1,3,0,1,7,1,170
2025,10,17,half_ppr,1,2,3,1,2,0,1,7,1,170
2025,10,17,ppr,1,0,0,0,9,0,0,7,1,170
2025,10,17,ppr,1,2,2,1,2,1,0,8,1,170
2025,10,17,ppr,1,2,2,1,2,1,1,8,1,170
2025,10,17,ppr,1,2,3,1,1,1,0,8,1,170
2025,10,17,ppr,1,2,3,1,2,0,1,7,1,170
2025,10,17,ppr,1,2,3,1,2,1,0,7,1,170
2025,10,17,ppr,1,2,3,1,2,1,1,6,1,170
2025,10,17,ppr,1,2,3,1,3,0,1,6,1,170
2025,10,17,ppr,1,3,3,1,3,0,0,6,1,170
2025,10,17,std,1,2,2,1,2,1,1,7,1,170
2020,8,21,half_ppr,1,2,3,1,2,1,1,10,1,168
2020,12,14,half_ppr,1,2,2,0,3,0,0,6,1,168
2020,12,14,half_ppr,1,2,2,1,1,0,0,6,1,168
2020,12,14,half_ppr,1,2,2,1,1,0,0,7,1,168
2020,12,14,half_ppr,1,2,2,1,2,1,0,5,1,168
2020,12,14,ppr,1,2,3,1,1,0,0,6,1,168
2020,12,14,std,1,1,2,1,0,1,1,6,1,168
2020,12,14,std,1,2,2,1,2,0,1,5,1,168
2020,14,12,half_ppr,1,2,2,1,1,0,0,5,1,168
2021,12,14,half_ppr,1,2,2,1,0,1,1,5,1,168
2021,12,14,half_ppr,1,2,2,1,1,0,1,4,1,168
2021,12,14,half_ppr,1,2,2,1,1,0,1,6,1,168
2021,12,14,half_ppr,1,2,2,1,2,0,1,0,1,168
2021,12,14,half_ppr,1,2,2,1,3,0,0,5,1,168
2021,12,14,ppr,1,1,1,1,1,1,1,5,1,168
2021,12,14,ppr,1,2,2,1,0,0,0,5,1,168
2021,12,14,ppr,1,2,2,1,2,0,0,0,1,168
2021,12,14,ppr,1,2,2,1,2,0,0,5,1,168
2021,12,14,std,1,2,2,1,2,0,1,5,1,168
2021,12,14,std,1,2,3,1,0,1,1,5,1,168
2022,8,21,ppr,1,2,2,1,3,1,1,10,1,168
2022,12,14,half_ppr,1,2,2,0,2,0,0,6,1,168
2022,12,14,half_ppr,1,2,2,1,1,0,1,4,1,168
2022,12,14,half_ppr,1,2,2,1,1,1,1,4,1,168
2022,12,14,half_ppr,1,2,2,1,2,0,0,0,1,168
2022,12,14,half_ppr,1,2,2,1,2,0,0,5,1,168
2022,12,14,half_ppr,1,2,2,1,2,1,1,4,1,168
2022,12,14,half_ppr,1,2,2,1,3,0,1,4,1,168
2022,12,14,half_ppr,1,2,3,1,1,0,0,6,1,168
2022,12,14,ppr,1,1,1,1,1,0,0,7,1,168
2022,12,14,ppr,1,1,2,1,2,1,1,5,1,168
2022,12,14,ppr,1,2,2,0,3,0,0,6,1,168
2022,12,14,ppr,1,2,2,1,1,0,0,5,1,168
2022,12,14,ppr,1,2,2,1,1,0,0,7,1,168
2022,12,14,ppr,1,2,2,1,1,1,1,0,1,168
2022,12,14,ppr,1,2,2,1,2,0,1,0,1,168
2022,12,14,ppr,1,2,3,1,0,0,0,5,1,168
2022,12,14,ppr,1,2,3,1,2,0,0,6,1,168
2022,14,12,ppr,1,1,2,1,1,0,0,6,1,168
2023,8,21,ppr,1,2,2,1,2,0,0,10,1,168
2023,8,21,ppr,1,3,3,1,3,0,0,10,1,168
2023,8,21,ppr,1,3,3,2,3,1,0,8,1,168
2023,12,14,half_ppr,1,2,2,1,1,0,1,6,1,168
2023,12,14,half_ppr,1,2,2,1,1,1,1,4,1,168
2023,12,14,half_ppr,1,2,2,1,3,0,0,5,1,168
2023,12,14,half_ppr,1,2,3,0,2,0,1,5,1,168
2023,12,14,half_ppr,1,2,3,1,1,0,1,5,1,168
2023,12,14,ppr,1,1,2,1,1,0,0,6,1,168
2023,12,14,ppr,1,1,2,1,3,0,1,5,1,168
2023,12,14,ppr,1,2,2,1,0,1,1,0,1,168
2023,12,14,ppr,1,2,2,1,0,1,1,6,1,168
2023,12,14,ppr,1,2,2,1,1,0,1,5,1,168
2023,12,14,ppr,1,2,2,1,1,1,0,5,1,168
2023,12,14,ppr,1,2,2,1,1,1,1,0,1,168
2023,12,14,ppr,1,2,3,1,0,0,0,5,1,168
2023,12,14,ppr,1,2,3,1,0,0,1,11,1,168
2023,12,14,ppr,1,2,3,1,1,1,1,4,1,168
2023,12,14,ppr,1,3,3,1,1,0,0,5,1,168
2023,12,14,std,1,2,2,1,1,1,1,5,1,168
2024,8,21,ppr,1,2,2,1,3,0,0,12,1,168
2024,8,21,ppr,1,2,3,2,3,0,0,10,1,168
2024,12,14,half_ppr,1,2,2,1,1,1,0,6,1,168
2024,12,14,half_ppr,1,2,2,1,2,1,1,4,1,168
2024,12,14,half_ppr,1,2,2,1,3,0,0,5,1,168
2024,12,14,half_ppr,1,2,3,1,1,0,0,8,1,168
2024,12,14,half_ppr,1,2,3,1,2,0,0,5,1,168
2024,12,14,ppr,1,2,2,1,1,0,0,6,1,168
2024,12,14,ppr,1,2,2,1,1,0,0,7,1,168
2024,12,14,ppr,1,2,2,1,1,1,0,5,1,168
2024,12,14,ppr,1,2,2,1,1,1,0,6,1,168
2024,12,14,ppr,1,2,2,1,2,0,0,0,1,168
2024,12,14,ppr,1,2,2,1,2,0,0,1,1,168
2024,12,14,std,1,1,1,1,5,0,0,5,1,168
2024,14,12,half_ppr,1,2,2,1,2,0,0,4,1,168
2025,12,14,half_ppr,1,2,2,1,1,0,0,7,1,168
2025,12,14,half_ppr,1,2,2,1,1,0,1,6,1,168
2025,12,14,half_ppr,1,2,3,1,1,0,0,6,1,168
2025,12,14,half_ppr,1,2,3,1,1,0,1,5,1,168
2025,12,14,ppr,1,1,1,1,2,1,1,6,1,168
2025,12,14,ppr,1,1,1,1,3,1,1,5,1,168
2025,12,14,ppr,1,2,2,1,0,0,1,6,1,168
2025,12,14,ppr,1,2,2,1,0,1,1,5,1,168
2025,12,14,ppr,1,2,2,1,0,1,1,6,1,168
2025,12,14,ppr,1,2,2,1,1,0,0,5,1,168
2025,12,14,ppr,1,2,2,1,2,0,0,5,1,168
2025,12,14,ppr,1,2,3,1,0,0,0,5,1,168
2025,12,14,ppr,1,2,3,1,1,1,1,4,1,168
2025,12,14,std,1,2,2,1,2,0,0,6,1,168
2025,14,12,ppr,1,2,2,1,2,0,0,4,1,168
2023,10,16,ppr,1,2,2,1,2,0,0,6,1,161
2020,8,20,ppr,1,2,2,1,2,1,1,8,1,160
2020,8,20,ppr,1,2,2,1,2,1,1,10,1,160
2020,10,16,half_ppr,1,2,3,1,2,0,1,6,1,160
2020,10,16,ppr,1,1,2,1,4,0,0,1,1,160
2020,10,16,ppr,1,2,2,1,1,0,1,7,1,160
2020,10,16,ppr,1,2,2,1,1,1,0,8,1,160
2020,10,16,ppr,1,2,2,1,1,1,1,6,1,160
2020,10,16,ppr,1,2,2,1,4,0,0,6,1,160
2020,10,16,ppr,1,2,2,2,4,0,0,5,1,160
2020,10,16,ppr,1,2,3,1,0,0,1,6,1,160
2020,10,16,ppr,1,2,3,1,2,0,0,7,1,160
2020,10,16,ppr,1,2,3,1,2,1,1,5,1,160
2020,10,16,std,1,2,2,1,2,1,1,6,1,160
2021,8,20,half_ppr,1,2,3,1,3,0,0,10,1,160
2021,8,20,half_ppr,1,3,3,1,3,0,0,9,1,160
2021,8,20,ppr,1,2,2,1,2,1,1,9,1,160
2021,8,20,ppr,1,2,2,1,3,0,0,11,1,160
2021,8,20,ppr,1,2,2,1,3,1,1,9,1,160
2021,8,20,ppr,1,2,2,1,4,0,0,10,1,160
2021,8,20,ppr,1,2,2,2,1,1,1,7,1,160
2021,8,20,ppr,1,2,3,1,2,0,0,11,1,160
2021,8,20,ppr,1,2,3,1,3,0,0,10,1,160
2021,10,16,half_ppr,1,2,2,1,2,0,1,7,1,160
2021,10,16,half_ppr,1,2,3,1,2,0,0,7,1,160
2021,10,16,half_ppr,1,2,3,1,2,0,1,6,1,160
2021,10,16,half_ppr,1,2,3,1,2,1,0,6,1,160
2021,10,16,ppr,1,1,1,1,3,1,1,7,1,160
2021,10,16,ppr,1,2,0,0,2,0,1,8,1,160
2021,10,16,ppr,1,2,2,1,1,1,0,8,1,160
2021,10,16,ppr,1,2,2,1,1,1,1,0,1,160
2021,10,16,ppr,1,2,2,1,2,1,0,7,1,160
2021,10,16,ppr,1,2,2,1,2,1,1,5,1,160
2021,10,16,ppr,1,2,2,1,3,1,0,6,1,160
2021,10,16,ppr,1,2,3,1,1,0,0,6,1,160
2021,10,16,ppr,1,2,3,1,1,0,0,8,1,160
2021,10,16,ppr,1,2,3,1,1,0,1,6,1,160
2021,10,16,ppr,1,2,3,1,1,0,1,7,1,160
2021,10,16,ppr,1,2,3,1,2,0,0,0,1,160
2021,10,16,ppr,1,2,3,1,2,1,1,5,1,160
2021,10,16,std,1,2,2,1,1,1,1,0,1,160
2021,10,16,std,1,2,2,1,2,0,1,7,1,160
2022,8,20,ppr,1,2,2,1,2,1,1,10,1,160
2022,8,20,ppr,1,2,2,1,3,1,1,9,1,160
2022,8,20,ppr,1,2,3,1,1,0,0,12,1,160
2022,10,16,half_ppr,1,1,1,1,3,0,0,9,1,160
2022,10,16,half_ppr,1,2,2,1,2,0,0,8,1,160
2022,10,16,half_ppr,1,2,2,1,2,0,1,6,1,160
2022,10,16,half_ppr,1,2,2,1,2,0,1,7,1,160
2022,10,16,half_ppr,1,2,2,1,3,0,0,7,1,160
2022,10,16,half_ppr,1,2,3,1,2,1,1,5,1,160
2022,10,16,ppr,1,1,1,1,3,1,1,7,1,160
2022,10,16,ppr,1,1,3,1,1,0,0,8,1,160
2022,10,16,ppr,1,2,2,1,0,1,1,8,1,160
2022,10,16,ppr,1,2,2,1,1,0,0,8,1,160
2022,10,16,ppr,1,2,2,1,1,1,0,8,1,160
2022,10,16,ppr,1,2,2,1,1,1,1,6,1,160
2022,10,16,ppr,1,2,2,1,4,0,1,5,1,160
2022,10,16,ppr,1,2,3,1,1,0,1,7,1,160
2022,10,16,ppr,1,2,3,1,2,0,0,0,1,160
2022,10,16,std,1,2,2,1,0,1,1,7,1,160
2022,10,16,std,1,2,2,1,3,0,1,6,1,160
2023,8,20,ppr,1,2,2,1,2,0,0,12,1,160
2023,8,20,ppr,1,2,2,1,2,1,1,10,1,160
2023,8,20,ppr,1,3,3,1,3,1,0,8,1,160
2023,10,16,half_ppr,1,2,2,1,0,1,1,7,1,160
2023,10,16,half_ppr,1,2,3,1,1,0,0,8,1,160
2023,10,16,half_ppr,1,2,3,1,2,0,1,6,1,160
2023,10,16,ppr,1,1,1,1,3,1,1,7,1,160
2023,10,16,ppr,1,1,1,1,5,0,1,6,1,160
2023,10,16,ppr,1,2,2,0,3,1,1,6,1,160
2023,10,16,ppr,1,2,2,1,0,1,1,6,1,160
2023,10,16,ppr,1,2,2,1,1,0,0,8,1,160
2023,10,16,ppr,1,2,2,1,1,1,0,8,1,160
2023,10,16,ppr,1,2,2,1,1,1,1,6,1,160
2023,10,16,ppr,1,2,2,1,4,1,1,4,1,160
2023,10,16,ppr,1,2,3,1,1,0,0,6,1,160
2023,10,16,ppr,1,2,3,1,2,0,0,6,1,160
2023,10,16,ppr,1,2,3,1,2,0,1,6,1,160
2023,10,16,std,1,2,2,1,1,1,1,7,1,160
2024,8,20,ppr,1,2,2,1,2,0,0,12,1,160
2024,8,20,ppr,1,2,3,1,2,0,0,11,1,160
2024,10,16,half_ppr,1,2,2,1,2,1,0,7,1,160
2024,10,16,half_ppr,1,2,2,1,3,0,1,6,1,160
2024,10,16,half_ppr,1,2,3,1,2,0,0,7,1,160
2024,10,16,half_ppr,1,2,3,1,3,0,0,6,1,160
2024,10,16,half_ppr,1,3,1,1,3,0,0,7,1,160
2024,10,16,ppr,1,1,1,1,3,1,1,7,1,160
2024,10,16,ppr,1,2,2,1,0,1,1,6,1,160
2024,10,16,ppr,1,2,2,1,1,0,1,6,1,160
2024,10,16,ppr,1,2,2,1,1,0,1,7,1,160
2024,10,16,ppr,1,2,2,1,1,1,0,8,1,160
2024,10,16,ppr,1,2,2,1,1,2,1,5,1,160
2024,10,16,ppr,1,2,2,1,2,0,0,6,1,160
2024,10,16,ppr,1,2,2,1,2,1,0,7,1,160
2024,10,16,ppr,1,2,2,1,2,1,1,8,1,160
2024,10,16,ppr,1,2,2,1,3,0,1,6,1,160
2024,10,16,ppr,1,2,2,1,3,1,1,5,1,160
2024,10,16,ppr,1,2,2,1,4,0,0,6,1,160
2024,10,16,ppr,1,2,3,1,1,0,0,8,1,160
2024,10,16,ppr,1,2,3,1,2,1,0,6,1,160
2024,10,16,std,1,2,2,1,1,1,1,7,1,160
2025,8,20,half_ppr,1,2,2,1,2,0,0,12,1,160
2025,8,20,ppr,1,2,2,1,2,0,0,12,1,160
2025,8,20,ppr,1,2,2,1,2,1,1,10,1,160
2025,8,20,ppr,1,2,2,1,3,1,1,9,1,160
2025,8,20,ppr,1,2,2,1,4,0,0,10,1,160
2025,10,16,half_ppr,1,2,2,1,2,1,0,7,1,160
2025,10,16,half_ppr,1,2,3,1,1,1,1,6,1,160
2025,10,16,half_ppr,1,2,3,1,2,0,0,7,1,160
2025,10,16,ppr,1,1,1,1,3,1,1,7,1,160
2025,10,16,ppr,1,2,2,1,1,1,0,8,1,160
2025,10,16,ppr,1,2,2,1,1,1,1,5,1,160
2025,10,16,ppr,1,2,2,1,2,1,1,7,1,160
2025,10,16,ppr,1,2,2,1,3,1,0,6,1,160
2025,10,16,ppr,1,2,2,1,3,1,1,5,1,160
2025,10,16,ppr,1,2,3,1,0,1,0,8,1,160
2025,10,16,ppr,1,2,3,1,2,1,0,6,1,160
2025,10,16,ppr,1,2,3,2,2,0,1,5,1,160
2025,10,16,std,1,2,2,1,1,1,1,7,1,160
2025,10,16,std,1,2,3,1,2,0,0,7,1,160
2020,12,13,half_ppr,1,2,2,1,0,1,1,5,1,156
2020,12,13,half_ppr,1,2,2,1,1,0,0,0,1,156
2020,12,13,half_ppr,1,2,3,1,2,1,1,2,1,156
2020,12,13,ppr,1,2,2,1,1,0,0,6,1,156
2020,12,13,ppr,1,2,2,1,2,0,1,4,1,156
2020,12,13,ppr,1,2,2,1,3,0,0,4,1,156
2021,12,13,half_ppr,1,2,2,1,1,0,0,1,1,156
2021,12,13,ppr,1,1,2,1,2,1,0,5,1,156
2021,12,13,ppr,1,2,2,1,1,0,1,5,1,156
2021,12,13,ppr,1,2,2,1,1,1,1,4,1,156
2021,12,13,ppr,1,2,2,1,2,0,0,0,1,156
2021,12,13,std,1,1,2,1,0,1,0,6,1,156
2022,12,13,half_ppr,1,2,2,1,1,0,0,6,1,156
2022,12,13,half_ppr,1,2,2,1,1,1,1,4,1,156
2022,12,13,half_ppr,1,2,3,1,1,0,0,5,1,156
2022,12,13,ppr,1,2,2,1,0,1,1,5,1,156
2022,12,13,ppr,1,2,2,1,1,0,0,5,1,156
2022,12,13,ppr,1,2,2,1,2,0,0,0,1,156
2022,12,13,ppr,1,2,2,1,2,0,1,4,1,156
2022,12,13,ppr,1,2,2,1,2,1,0,4,1,156
2022,12,13,ppr,1,2,3,0,2,0,0,5,1,156
2022,12,13,ppr,1,2,3,1,1,0,0,6,1,156
2022,12,13,ppr,1,2,3,1,2,0,0,4,1,156
2023,12,13,half_ppr,1,2,2,1,1,0,0,6,1,156
2023,12,13,half_ppr,1,2,2,1,2,0,0,0,1,156
2023,12,13,half_ppr,1,2,3,1,1,0,0,5,1,156
2023,12,13,half_ppr,1,2,3,1,2,0,0,4,1,156
2023,12,13,ppr,1,1,2,1,2,0,1,5,1,156
2023,12,13,ppr,1,2,2,1,0,1,1,5,1,156
2023,12,13,ppr,1,2,3,1,2,0,0,4,1,156
2024,12,13,half_ppr,1,2,2,1,1,1,1,4,1,156
2024,12,13,ppr,1,1,2,1,2,0,0,6,1,156
2024,12,13,ppr,1,1,2,1,2,0,1,5,1,156
2024,12,13,ppr,1,1,2,1,3,0,0,5,1,156
2024,12,13,ppr,1,2,2,1,0,1,1,5,1,156
2024,12,13,ppr,1,2,2,1,1,0,1,5,1,156
2024,12,13,ppr,1,2,2,1,1,1,1,4,1,156
2024,12,13,ppr,1,2,2,1,2,0,0,0,1,156
2024,12,13,ppr,1,2,2,1,3,0,0,4,1,156
2025,12,13,half_ppr,1,2,2,1,1,0,1,5,1,156
2025,12,13,half_ppr,1,2,2,1,1,1,1,4,1,156
2025,12,13,half_ppr,1,2,2,1,2,0,0,0,1,156
2025,12,13,ppr,1,1,2,1,2,0,1,5,1,156
2025,12,13,ppr,1,2,2,1,1,0,0,6,1,156
2025,12,13,ppr,1,2,2,1,1,1,0,5,1,156
2025,12,13,ppr,1,2,2,1,2,0,0,0,1,156
2021,12,13,ppr,1,2,2,1,3,0,0,4,1,155
2020,8,19,ppr,1,2,2,1,4,1,1,7,1,152
2020,8,19,ppr,1,2,2,1,5,1,1,6,1,152
2020,8,19,ppr,1,2,3,1,2,0,0,10,1,152
2020,8,19,ppr,1,3,3,1,3,0,1,7,1,152
2020,8,19,ppr,1,3,4,1,2,0,1,7,1,152
2021,8,19,half_ppr,1,2,2,1,2,1,1,9,1,152
2021,8,19,ppr,1,2,2,1,3,0,1,9,1,152
2021,8,19,ppr,1,2,3,1,2,0,0,10,1,152
2022,8,19,ppr,1,2,2,1,3,1,1,8,1,152
2022,8,19,ppr,1,2,3,1,2,0,0,10,1,152
2023,8,19,ppr,1,2,2,1,3,0,0,10,1,152
2023,8,19,ppr,1,3,2,1,2,0,0,8,1,152
2024,8,19,ppr,1,2,3,1,2,0,1,9,1,152
2024,8,19,ppr,1,3,3,1,4,0,0,7,1,152
2025,8,19,half_ppr,1,2,2,1,4,0,0,9,1,152
2025,8,19,ppr,1,2,2,1,2,1,1,9,1,152
2025,8,19,ppr,1,2,2,1,3,0,0,10,1,152
2020,10,15,half_ppr,1,2,2,1,1,0,1,7,1,150
2020,10,15,half_ppr,1,2,2,1,1,1,0,7,1,150
2020,10,15,half_ppr,1,2,3,1,2,0,0,6,1,150
2020,10,15,half_ppr,1,2,3,1,2,0,1,5,1,150
2020,10,15,ppr,1,2,2,1,0,1,1,5,1,150
2020,10,15,ppr,1,2,2,1,2,0,1,5,1,150
2020,10,15,ppr,1,2,2,1,2,1,0,6,1,150
2020,10,15,ppr,1,2,2,1,2,1,1,8,1,150
2020,10,15,ppr,1,2,3,1,2,1,1,4,1,150
2020,10,15,std,1,1,2,1,3,1,1,5,1,150
2020,10,15,std,1,2,2,1,0,1,1,6,1,150
2020,10,15,std,1,2,2,1,1,1,1,6,1,150
2021,10,15,half_ppr,1,2,2,1,1,1,0,7,1,150
2021,10,15,half_ppr,1,2,2,1,2,0,0,7,1,150
2021,10,15,half_ppr,1,2,3,1,1,1,1,0,1,150
2021,10,15,half_ppr,1,2,3,1,2,0,0,6,1,150
2021,10,15,ppr,1,1,1,1,3,0,0,8,1,150
2021,10,15,ppr,1,1,1,1,4,0,0,7,1,150
2021,10,15,ppr,1,2,2,1,0,0,1,6,1,150
2021,10,15,ppr,1,2,2,1,0,1,1,6,1,150
2021,10,15,ppr,1,2,2,1,1,0,0,8,1,150
2021,10,15,ppr,1,2,2,1,1,0,1,6,1,150
2021,10,15,ppr,1,2,2,1,1,0,1,7,1,150
2021,10,15,ppr,1,2,2,1,1,1,1,0,1,150
2021,10,15,ppr,1,2,2,1,2,0,0,6,1,150
2021,10,15,ppr,1,2,2,1,2,0,1,0,1,150
2021,10,15,ppr,1,2,2,1,4,0,0,5,1,150
2021,10,15,ppr,1,2,3,1,1,0,0,7,1,150
2021,10,15,std,1,2,2,1,0,1,1,0,1,150
2021,10,15,std,1,2,2,1,1,1,1,1,1,150
2022,10,15,half_ppr,1,2,0,0,1,1,1,7,1,150
2022,10,15,half_ppr,1,2,2,1,1,0,1,6,1,150
2022,10,15,half_ppr,1,2,2,1,3,0,0,6,1,150
2022,10,15,half_ppr,1,2,3,1,1,1,1,5,1,150
2022,10,15,half_ppr,1,2,3,1,2,0,1,5,1,150
2022,10,15,ppr,1,2,2,1,0,0,0,6,1,150
2022,10,15,ppr,1,2,2,1,0,0,0,7,1,150
2022,10,15,ppr,1,2,2,1,1,0,0,8,1,150
2022,10,15,ppr,1,2,2,1,1,0,1,6,1,150
2022,10,15,ppr,1,2,2,1,1,0,1,7,1,150
2022,10,15,ppr,1,2,2,1,2,1,0,6,1,150
2022,10,15,ppr,1,2,2,1,2,1,1,7,1,150
2022,10,15,ppr,1,2,2,1,3,1,0,5,1,150
2022,10,15,ppr,1,2,2,1,4,0,0,5,1,150
2022,10,15,ppr,1,2,3,1,0,0,0,6,1,150
2022,10,15,ppr,1,2,3,1,1,0,1,6,1,150
2023,10,15,half_ppr,1,2,2,1,1,1,1,5,1,150
2023,10,15,half_ppr,1,2,2,1,2,0,1,6,1,150
2023,10,15,half_ppr,1,2,3,1,1,0,1,6,1,150
2023,10,15,half_ppr,1,2,3,1,2,0,1,5,1,150
2023,10,15,ppr,1,1,2,1,2,1,1,6,1,150
2023,10,15,ppr,1,2,2,1,0,1,1,6,1,150
2023,10,15,ppr,1,2,2,1,1,1,1,5,1,150
2023,10,15,ppr,1,2,2,1,2,1,1,6,1,150
2023,10,15,ppr,1,2,2,1,2,1,1,7,1,150
2023,10,15,ppr,1,2,2,1,2,1,1,8,1,150
2023,10,15,ppr,1,2,2,1,3,1,0,5,1,150
2023,10,15,ppr,1,2,3,1,0,0,0,6,1,150
2023,10,15,ppr,1,2,3,1,1,0,0,0,1,150
2023,10,15,ppr,1,2,3,1,1,0,1,6,1,150
2023,10,15,ppr,1,3,3,1,2,0,0,5,1,150
2023,10,15,std,1,2,2,1,2,1,1,0,1,150
2023,10,15,std,1,2,2,1,2,1,1,5,1,150
2024,10,15,half_ppr,1,2,2,1,1,0,1,6,1,150
2024,10,15,half_ppr,1,2,2,1,3,0,1,5,1,150
2024,10,15,half_ppr,1,2,3,1,1,0,0,7,1,150
2024,10,15,half_ppr,1,2,3,1,2,0,0,6,1,150
2024,10,15,ppr,1,1,2,1,3,1,1,5,1,150
2024,10,15,ppr,1,2,2,0,2,0,0,7,1,150
2024,10,15,ppr,1,2,2,1,2,0,1,5,1,150
2024,10,15,ppr,1,2,2,1,2,1,0,6,1,150
2024,10,15,ppr,1,2,2,1,2,1,1,6,1,150
2024,10,15,ppr,1,2,3,1,1,0,1,6,1,150
2024,10,15,std,1,2,2,1,0,1,1,6,1,150
2024,10,15,std,1,2,2,1,2,1,1,5,1,150
2024,10,15,std,1,2,2,1,3,0,1,5,1,150
2025,8,18,ppr,1,2,2,1,3,1,0,8,1,150
2025,10,15,half_ppr,1,2,2,1,2,1,0,6,1,150
2025,10,15,half_ppr,1,2,2,1,3,0,0,6,1,150
2025,10,15,half_ppr,1,2,3,1,2,0,0,6,1,150
2025,10,15,half_ppr,1,2,3,1,2,0,1,5,1,150
2025,10,15,ppr,1,1,2,1,3,0,0,7,1,150
2025,10,15,ppr,1,2,2,1,1,1,1,0,1,150
2025,10,15,ppr,1,2,2,1,2,0,0,6,1,150
2025,10,15,ppr,1,2,2,1,2,1,1,0,1,150
2025,10,15,ppr,1,2,2,1,2,1,1,9,1,150
2025,10,15,ppr,1,2,2,1,4,0,0,5,1,150
2025,10,15,ppr,1,2,3,1,1,0,0,7,1,150
2025,10,15,ppr,1,2,3,1,1,0,1,6,1,150
2025,10,15,ppr,1,2,3,1,3,0,0,5,1,150
2025,10,15,ppr,1,2,3,2,0,0,0,7,1,150
2025,10,15,std,1,2,2,1,0,1,1,6,1,150
2025,10,15,std,1,2,2,1,2,1,1,5,1,150
2020,10,15,ppr,1,2,2,1,1,0,1,7,1,149
2020,8,18,half_ppr,1,1,1,1,0,1,1,9,1,144
2020,8,18,ppr,1,2,2,1,2,0,0,10,1,144
2020,8,18,ppr,1,2,2,1,2,0,1,8,1,144
2020,8,18,std,1,2,2,1,1,1,1,9,1,144
2021,8,18,ppr,1,2,2,1,1,0,1,8,1,144
2021,8,18,ppr,1,2,2,1,1,1,1,0,1,144
2021,8,18,ppr,1,2,2,1,2,0,0,10,1,144
2021,8,18,ppr,1,2,2,1,3,0,0,9,1,144
2021,8,18,ppr,1,2,2,1,3,1,1,7,1,144
2021,8,18,ppr,1,2,2,1,4,0,0,8,1,144
2021,8,18,ppr,1,2,2,2,2,0,0,8,1,144
2021,8,18,ppr,1,2,3,1,2,1,1,7,1,144
2021,8,18,ppr,1,2,3,1,3,1,1,6,1,144
2021,8,18,ppr,1,3,3,1,3,0,0,7,1,144
2021,8,19,ppr,1,2,2,1,2,1,1,9,1,144
2021,12,12,ppr,1,2,2,1,1,1,1,0,1,144
2021,12,12,ppr,1,2,2,1,2,1,1,2,1,144
2022,8,18,half_ppr,1,2,2,1,2,1,1,8,1,144
2022,8,18,half_ppr,1,2,3,1,0,0,0,9,1,144
2022,8,18,ppr,1,1,1,1,0,0,0,14,1,144
2022,8,18,ppr,1,2,2,1,1,1,0,10,1,144
2022,8,18,ppr,1,2,2,1,2,0,0,10,1,144
2022,8,18,ppr,1,2,2,1,2,1,1,8,1,144
2022,8,18,ppr,1,2,2,2,2,0,0,9,1,144
2022,8,18,ppr,1,2,3,1,3,0,0,8,1,144
2022,8,18,ppr,1,2,3,1,3,1,1,6,1,144
2022,12,12,half_ppr,1,2,3,1,1,0,0,4,1,144
2022,12,12,ppr,1,1,1,1,3,0,0,5,1,144
2022,12,12,ppr,1,2,2,0,2,0,0,5,1,144
2022,12,12,ppr,1,2,2,1,1,0,0,0,1,144
2022,12,12,ppr,1,2,2,1,2,0,0,6,1,144
2023,8,18,ppr,1,2,2,1,2,1,1,8,1,144
2023,8,18,ppr,1,3,3,1,3,0,0,7,1,144
2023,12,12,half_ppr,1,2,2,1,1,0,0,5,1,144
2023,12,12,half_ppr,1,2,3,1,1,0,0,4,1,144
2023,12,12,ppr,1,2,2,1,1,0,0,0,1,144
2023,12,12,ppr,1,2,2,1,2,0,0,0,1,144
2023,12,12,ppr,1,2,2,1,2,0,0,4,1,144
2023,12,12,ppr,1,2,3,1,2,0,0,1,1,144
2023,12,12,std,1,2,2,1,1,0,0,5,1,144
2024,8,18,half_ppr,1,2,2,1,3,1,1,7,1,144
2024,8,18,ppr,1,2,2,1,2,0,0,10,1,144
2024,8,18,ppr,1,2,2,1,2,1,1,10,1,144
2024,8,18,ppr,1,2,2,1,3,1,1,7,1,144
2024,8,18,ppr,1,2,3,1,3,1,1,6,1,144
2024,12,12,half_ppr,1,2,3,1,1,0,0,0,1,144
2024,12,12,ppr,1,2,2,1,1,0,0,5,1,144
2024,12,12,ppr,1,2,2,1,2,1,1,2,1,144
2024,12,12,ppr,1,2,3,1,1,0,1,3,1,144
2024,12,12,ppr,1,2,3,1,3,0,0,2,1,144
2025,8,18,ppr,1,2,2,1,3,1,1,7,1,144
2025,12,12,half_ppr,1,2,2,1,1,0,0,5,1,144
2025,12,12,half_ppr,1,2,2,1,1,1,0,4,1,144
2025,12,12,ppr,1,1,1,1,3,1,0,4,1,144
2025,12,12,ppr,1,2,2,1,1,0,0,5,1,144
2021,12,12,ppr,1,2,2,1,1,1,1,3,1,143
2020,10,14,half_ppr,1,1,2,1,1,0,0,6,1,140
2020,10,14,half_ppr,1,2,2,1,1,0,0,6,1,140
2020,10,14,half_ppr,1,2,2,1,1,0,1,4,1,140
2020,10,14,half_ppr,1,2,2,1,1,0,1,6,1,140
2020,10,14,half_ppr,1,2,3,1,1,0,1,5,1,140
2020,10,14,half_ppr,1,2,3,1,2,0,0,5,1,140
2020,10,14,ppr,1,2,2,0,2,0,1,6,1,140
2020,10,14,ppr,1,2,2,1,1,0,1,6,1,140
2020,10,14,ppr,1,2,3,1,1,0,0,6,1,140
2021,10,14,half_ppr,1,2,2,0,2,1,0,6,1,140
2021,10,14,half_ppr,1,2,2,1,0,1,1,5,1,140
2021,10,14,half_ppr,1,2,2,1,1,0,0,6,1,140
2021,10,14,half_ppr,1,2,2,1,1,0,1,6,1,140
2021,10,14,half_ppr,1,2,2,1,2,1,1,4,1,140
2021,10,14,half_ppr,1,2,3,1,1,0,1,5,1,140
2021,10,14,ppr,1,2,2,0,2,0,0,6,1,140
2021,10,14,ppr,1,2,2,0,3,0,1,5,1,140
2021,10,14,ppr,1,2,2,1,1,0,0,5,1,140
2021,10,14,ppr,1,2,2,1,2,0,0,5,1,140
2021,10,14,ppr,1,2,2,1,2,1,1,4,1,140
2021,10,14,ppr,1,2,3,1,1,0,1,5,1,140
2021,10,14,std,1,2,2,1,2,0,0,6,1,140
2022,10,14,half_ppr,1,2,2,1,1,0,1,6,1,140
2022,10,14,half_ppr,1,2,2,1,3,0,0,5,1,140
2022,10,14,half_ppr,1,2,2,1,3,0,1,4,1,140
2022,10,14,half_ppr,1,2,2,2,2,0,0,5,1,140
2022,10,14,half_ppr,1,2,3,1,2,0,0,5,1,140
2022,10,14,ppr,1,1,1,1,1,0,0,7,1,140
2022,10,14,ppr,1,1,2,1,1,0,0,6,1,140
2022,10,14,ppr,1,1,2,1,2,1,1,5,1,140
2022,10,14,ppr,1,2,2,1,1,0,0,5,1,140
2022,10,14,ppr,1,2,2,1,2,1,0,5,1,140
2022,10,14,ppr,1,2,3,1,1,0,0,6,1,140
2022,10,14,ppr,1,2,3,1,1,0,1,7,1,140
2022,10,14,ppr,1,2,3,1,1,1,1,4,1,140
2023,10,14,half_ppr,1,1,2,1,1,0,0,6,1,140
2023,10,14,half_ppr,1,2,2,2,2,0,0,5,1,140
2023,10,14,ppr,1,1,1,1,1,0,0,7,1,140
2023,10,14,ppr,1,1,2,1,2,0,0,7,1,140
2023,10,14,ppr,1,2,2,1,0,1,1,5,1,140
2023,10,14,ppr,1,2,2,1,1,0,1,6,1,140
2023,10,14,ppr,1,2,2,1,2,0,0,5,1,140
2023,10,14,ppr,1,2,3,1,1,0,1,5,1,140
2023,10,14,ppr,1,2,3,1,1,1,1,4,1,140
2024,10,14,ppr,1,1,2,1,1,0,0,6,1,140
2024,10,14,ppr,1,1,2,1,2,0,0,7,1,140
2024,10,14,ppr,1,2,2,0,2,1,1,5,1,140
2024,10,14,ppr,1,2,2,1,0,0,0,6,1,140
2024,10,14,ppr,1,2,3,1,1,1,1,4,1,140
2024,10,14,std,1,2,2,1,0,1,1,5,1,140
2024,10,14,std,1,2,2,1,1,1,1,5,1,140
2025,10,14,half_ppr,1,2,2,1,2,0,0,6,1,140
2025,10,14,ppr,1,2,2,0,2,1,1,5,1,140
2025,10,14,ppr,1,2,2,1,2,1,1,0,1,140
2025,10,14,ppr,1,2,3,1,1,1,0,5,1,140
2025,10,14,ppr,1,2,3,1,2,0,0,1,1,140
2025,10,14,ppr,1,2,3,2,0,0,0,6,1,140
2020,8,17,ppr,1,2,3,1,2,1,1,6,1,136
2020,8,17,ppr,1,2,3,1,3,0,1,6,1,136
2021,8,17,half_ppr,1,2,3,1,2,0,0,8,1,136
2021,8,17,ppr,1,2,2,1,4,0,0,7,1,136
2021,8,17,ppr,1,2,3,1,2,0,1,7,1,136
2021,8,17,ppr,1,2,3,1,3,0,0,7,1,136
2022,8,17,ppr,1,2,3,1,0,0,0,10,1,136
2023,8,17,half_ppr,1,2,3,1,2,1,1,6,1,136
2023,8,17,ppr,1,2,2,2,2,1,1,6,1,136
2024,8,17,ppr,1,2,2,0,2,1,1,8,1,136
2024,8,17,ppr,1,2,2,1,1,0,0,8,1,136
2024,8,17,ppr,1,2,2,1,4,1,1,5,1,136
2024,8,17,ppr,1,2,3,1,2,0,1,7,1,136
2024,8,17,ppr,1,2,3,1,2,1,0,7,1,136
2024,8,17,ppr,1,2,3,1,2,1,1,6,1,136
2025,8,17,half_ppr,1,2,3,1,2,1,1,6,1,136
2025,8,17,ppr,1,2,2,1,2,0,0,8,1,136
2025,8,17,ppr,1,2,2,1,2,1,1,6,1,136
2025,8,17,ppr,1,2,2,1,3,0,1,7,1,136
2025,8,17,ppr,1,2,2,1,4,0,0,7,1,136
2025,8,17,ppr,1,2,2,2,2,1,1,6,1,136
2025,8,17,ppr,1,2,3,1,3,0,0,7,1,136
2020,10,13,half_ppr,1,2,2,1,1,0,1,5,1,130
2020,10,13,half_ppr,1,2,2,1,2,0,0,5,1,130
2020,10,13,half_ppr,1,2,3,1,1,0,0,5,1,130
2021,10,13,half_ppr,1,2,2,0,1,0,0,0,1,130
2021,10,13,half_ppr,1,2,2,1,1,0,1,5,1,130
2021,10,13,ppr,1,2,2,1,2,1,1,3,1,130
2022,10,13,ppr,1,2,2,0,3,0,0,5,1,130
2022,10,13,ppr,1,2,2,1,1,0,1,5,1,130
2022,10,13,ppr,1,2,2,1,1,1,0,5,1,130
2022,10,13,ppr,1,2,2,1,2,0,0,0,1,130
2023,10,13,ppr,1,2,2,1,1,1,1,4,1,130
2023,10,13,ppr,1,2,3,1,3,0,0,3,1,130
2024,10,13,half_ppr,1,2,2,1,2,0,0,5,1,130
2024,10,13,half_ppr,1,2,2,1,2,1,1,3,1,130
2024,10,13,half_ppr,1,2,3,1,1,0,0,5,1,130
2024,10,13,ppr,1,1,1,1,1,0,0,8,1,130
2024,10,13,ppr,1,2,2,1,1,1,1,4,1,130
2024,10,13,ppr,1,2,2,1,2,0,0,7,1,130
2024,10,13,ppr,1,2,2,1,2,1,1,3,1,130
2024,10,13,ppr,1,2,3,1,1,0,0,5,1,130
2025,10,13,half_ppr,1,2,2,1,1,0,0,6,1,130
2025,10,13,half_ppr,1,2,2,1,2,1,1,3,1,130
2025,10,13,ppr,1,2,2,0,3,1,1,3,1,130
2025,10,13,ppr,1,2,2,1,1,1,1,4,1,130
2020,8,16,ppr,1,0,0,0,15,0,0,0,1,128
2020,8,16,ppr,1,2,2,1,1,1,1,7,1,128
2020,8,16,ppr,1,2,2,1,2,0,1,7,1,128
2020,8,16,ppr,1,2,2,1,3,0,0,7,1,128
2020,8,16,ppr,1,2,2,1,3,0,1,6,1,128
2020,8,16,ppr,1,3,2,1,0,1,0,6,1,128
2020,8,16,std,1,2,2,1,2,1,1,6,1,128
2021,8,16,half_ppr,1,2,2,1,1,1,1,5,1,128
2021,8,16,half_ppr,1,2,2,1,2,1,0,7,1,128
2021,8,16,ppr,1,2,2,1,0,0,0,7,1,128
2021,8,16,ppr,1,2,2,1,1,1,1,7,1,128
2021,8,16,ppr,1,2,2,1,2,0,0,8,1,128
2021,8,16,ppr,1,2,3,1,2,0,0,6,1,128
2021,8,16,ppr,1,2,3,1,2,1,1,5,1,128
2021,8,16,ppr,1,2,3,1,3,0,0,6,1,128
2021,8,16,std,1,2,2,1,2,0,0,8,1,128
2022,8,16,ppr,1,2,3,1,1,1,1,6,1,128
2022,8,16,ppr,1,2,3,1,2,1,1,5,1,128
2022,8,16,std,1,2,2,1,1,1,1,7,1,128
2023,8,16,ppr,1,2,2,1,2,0,0,8,1,128
2023,8,16,ppr,1,2,2,1,3,1,1,5,1,128
2023,8,16,ppr,1,2,2,2,2,1,1,5,1,128
2023,8,16,ppr,1,2,3,1,3,0,0,6,1,128
2024,8,16,ppr,1,2,2,0,2,1,1,7,1,128
2024,8,16,ppr,1,2,2,1,1,1,1,7,1,128
2024,8,16,ppr,1,2,2,1,3,1,1,6,1,128
2024,8,16,ppr,1,2,2,1,4,0,0,6,1,128
2024,8,16,ppr,1,2,3,1,0,1,0,8,1,128
2024,8,16,ppr,1,2,3,1,1,1,2,5,1,128
2024,8,16,ppr,1,2,3,1,2,1,1,5,1,128
2025,8,16,half_ppr,1,2,2,1,3,0,1,6,1,128
2025,8,16,ppr,1,2,2,1,0,1,1,6,1,128
2025,8,16,ppr,1,2,2,1,3,0,0,7,1,128
2025,8,16,ppr,1,2,3,1,1,1,1,6,1,128
2025,8,16,ppr,1,2,3,1,2,1,1,5,1,128
2020,8,15,half_ppr,1,2,2,1,1,1,1,6,1,120
2020,8,15,ppr,1,2,0,0,3,0,1,6,1,120
2020,8,15,ppr,1,2,2,1,1,1,1,6,1,120
2020,8,15,ppr,1,2,2,1,2,0,0,7,1,120
2020,8,15,ppr,1,2,2,1,3,0,0,6,1,120
2020,8,15,ppr,1,2,3,1,2,0,0,6,1,120
2020,8,15,ppr,1,2,3,1,2,0,1,5,1,120
2020,10,12,half_ppr,1,2,2,1,1,0,0,5,1,120
2021,8,15,ppr,1,2,2,0,1,1,1,7,1,120
2021,8,15,ppr,1,2,2,1,1,1,1,6,1,120
2021,8,15,ppr,1,2,2,1,2,1,0,6,1,120
2021,8,15,ppr,1,2,2,1,2,1,1,0,1,120
2021,8,15,ppr,1,2,2,1,2,1,1,7,1,120
2021,8,15,ppr,1,2,2,1,2,1,1,9,1,120
2021,8,15,ppr,1,2,2,1,4,0,0,5,1,120
2021,8,15,ppr,1,2,3,1,2,0,1,5,1,120
2021,8,15,std,1,2,2,1,1,1,1,0,1,120
2021,10,12,ppr,1,2,2,1,2,0,0,4,1,120
2021,10,12,ppr,1,2,3,1,1,0,0,4,1,120
2022,8,15,half_ppr,1,2,2,1,1,1,1,6,1,120
2022,8,15,half_ppr,1,2,2,1,2,1,1,0,1,120
2022,8,15,ppr,1,1,2,1,1,1,1,6,1,120
2022,8,15,ppr,1,2,3,1,2,0,1,5,1,120
2022,10,12,ppr,1,2,2,1,1,0,0,5,1,120
2022,10,12,ppr,1,2,2,1,2,0,0,4,1,120
2022,10,12,std,1,1,1,1,0,1,1,6,1,120
2023,8,15,half_ppr,1,2,2,1,1,1,1,6,1,120
2023,8,15,half_ppr,1,2,2,1,2,0,1,6,1,120
2023,8,15,half_ppr,1,2,2,1,2,1,1,5,1,120
2023,8,15,half_ppr,1,2,2,1,3,0,0,6,1,120
2023,8,15,half_ppr,1,2,3,1,3,0,0,5,1,120
2023,8,15,ppr,1,2,2,1,1,0,1,7,1,120
2023,8,15,ppr,1,2,2,1,2,0,0,7,1,120
2023,8,15,ppr,1,2,2,1,2,0,1,6,1,120
2023,8,15,ppr,1,2,2,1,2,1,1,3,1,120
2023,8,15,ppr,1,2,2,1,3,0,0,6,1,120
2023,8,15,ppr,1,2,3,0,2,0,0,7,1,120
2023,8,15,ppr,1,2,3,1,3,0,0,5,1,120
2023,10,12,ppr,1,1,2,1,2,0,0,5,1,120
2023,10,12,ppr,1,2,2,1,0,0,0,4,1,120
2023,10,12,ppr,1,2,2,1,0,0,0,5,1,120
2023,10,12,ppr,1,2,2,1,1,0,0,0,1,120
2023,10,12,ppr,1,2,2,1,1,1,1,3,1,120
2024,8,15,half_ppr,1,2,2,1,2,1,1,5,1,120
2024,8,15,half_ppr,1,2,2,1,3,0,0,6,1,120
2024,8,15,half_ppr,1,2,2,1,3,0,1,5,1,120
2024,8,15,ppr,1,0,0,0,8,0,0,6,1,120
2024,8,15,ppr,1,2,2,1,2,1,0,6,1,120
2024,8,15,ppr,1,2,2,1,2,1,1,0,1,120
2024,8,15,ppr,1,2,2,1,3,0,0,6,1,120
2024,10,12,ppr,1,2,3,1,1,0,0,1,1,120
2025,8,15,half_ppr,1,2,2,1,2,0,0,7,1,120
2025,8,15,half_ppr,1,2,2,1,2,1,1,5,1,120
2025,8,15,half_ppr,1,2,2,1,3,0,0,6,1,120
2025,8,15,ppr,1,2,2,1,1,0,0,6,1,120
2025,8,15,ppr,1,2,2,1,1,0,1,7,1,120
2025,8,15,ppr,1,2,2,1,2,0,0,7,1,120
2025,8,15,ppr,1,2,2,1,2,1,1,6,1,120
2025,8,15,ppr,1,2,2,1,2,1,1,7,1,120
2025,8,15,ppr,1,2,2,1,3,0,0,6,1,120
2025,8,15,ppr,1,2,2,1,3,0,1,5,1,120
2025,8,15,ppr,1,2,2,1,3,1,1,4,1,120
2025,8,15,std,1,2,2,1,1,1,1,6,1,120
2025,10,12,half_ppr,1,2,2,1,1,0,0,5,1,120
2025,10,12,ppr,1,2,2,1,1,0,0,5,1,120
2020,8,14,half_ppr,1,2,2,1,1,1,1,5,1,112
2020,8,14,ppr,1,2,3,1,1,0,0,6,1,112
2021,8,14,half_ppr,1,2,2,1,1,1,1,5,1,112
2021,8,14,ppr,1,2,2,1,0,0,0,6,1,112
2021,8,14,ppr,1,2,2,1,2,1,1,4,1,112
2021,8,14,ppr,1,2,2,1,3,0,0,5,1,112
2021,8,14,ppr,1,2,3,1,1,0,1,5,1,112
2022,8,14,half_ppr,1,2,2,1,1,1,0,5,1,112
2022,8,14,half_ppr,1,2,2,1,1,1,1,5,1,112
2022,8,14,ppr,1,2,2,1,0,0,0,6,1,112
2022,8,14,ppr,1,2,2,1,2,0,1,5,1,112
2022,8,14,ppr,1,2,3,1,1,0,1,5,1,112
2023,8,14,half_ppr,1,2,2,1,1,1,1,5,1,112
2023,8,14,ppr,1,2,2,1,2,0,1,5,1,112
2023,8,14,ppr,1,2,2,1,3,0,0,5,1,112
2024,8,14,half_ppr,1,2,2,1,2,0,1,5,1,112
2024,8,14,ppr,1,2,2,1,1,0,0,6,1,112
2024,8,14,ppr,1,2,2,1,2,0,0,6,1,112
2024,8,14,ppr,1,2,2,1,3,0,0,5,1,112
2024,8,14,ppr,1,2,3,1,3,0,0,4,1,112
2025,8,14,half_ppr,1,2,2,1,2,0,1,5,1,112
2025,8,14,ppr,1,2,2,1,2,1,0,5,1,112
2025,8,14,ppr,1,2,2,1,3,0,0,5,1,112
2025,8,14,std,1,2,2,1,1,1,1,5,1,112
2020,8,13,ppr,1,2,2,1,0,1,1,5,1,104
2020,8,13,ppr,1,2,2,1,1,0,1,5,1,104
2022,8,13,ppr,1,2,2,1,2,0,0,5,1,104
2023,8,13,ppr,1,2,2,1,2,0,0,0,1,104
2024,8,13,half_ppr,1,2,2,1,1,0,0,6,1,104
2024,8,13,half_ppr,1,2,2,1,3,0,1,5,1,104
2025,8,13,ppr,1,2,2,1,1,0,0,6,1,104
2025,8,13,ppr,1,2,2,1,1,0,1,5,1,104
2025,8,13,ppr,1,2,2,1,1,1,1,4,1,104
2020,8,12,ppr,1,2,2,1,1,1,1,3,1,96
2022,8,12,ppr,1,1,1,1,0,1,1,6,1,96
2022,8,12,ppr,1,2,2,1,0,0,1,5,1,96
2022,8,12,ppr,1,2,2,1,1,1,1,3,1,96
2024,8,12,ppr,1,1,1,1,3,0,0,5,1,96
