season,teams,rounds,scoring_type,slots_qb,slots_rb,slots_wr,slots_te,slots_flex,slots_k,slots_def,slots_bn,fold,strategy,feature,coefficient
2020,8,17,ppr,1,2,3,1,2,0,0,8,50,adp_only,market_rank,11.94209351773182
2020,8,17,ppr,1,2,3,1,2,0,0,8,50,position_baseline,market_rank,11.957890454601683
2020,8,17,ppr,1,2,3,1,2,0,0,8,50,position_baseline,QB,-0.11126047666853524
2020,8,17,ppr,1,2,3,1,2,0,0,8,50,position_baseline,RB,0.07446232482551218
2020,8,17,ppr,1,2,3,1,2,0,0,8,50,position_baseline,WR,0.08189703007502355
2020,8,17,ppr,1,2,3,1,2,0,0,8,50,position_baseline,TE,-0.045098878232484534
2020,8,17,ppr,1,2,3,1,2,0,0,8,50,position_baseline,K,0.0
2020,8,17,ppr,1,2,3,1,2,0,0,8,50,roster_aware,market_rank,11.903238193303341
2020,8,17,ppr,1,2,3,1,2,0,0,8,50,roster_aware,starter_need,0.9699391288433935
2020,8,17,ppr,1,2,3,1,2,0,0,8,50,roster_aware,roster_count,2.364289628877802
2020,8,17,ppr,1,2,3,1,2,0,0,8,50,roster_aware,starter_need_late,0.20720045049641775
2020,8,17,ppr,1,2,3,1,2,0,0,8,50,roster_aware,QB,-0.3915547692030539
2020,8,17,ppr,1,2,3,1,2,0,0,8,50,roster_aware,RB,0.3974908296775092
2020,8,17,ppr,1,2,3,1,2,0,0,8,50,roster_aware,WR,0.35168552238760514
2020,8,17,ppr,1,2,3,1,2,0,0,8,50,roster_aware,TE,-0.3576215828607985
2020,8,17,ppr,1,2,3,1,2,0,0,8,50,roster_aware,K,0.0
2020,8,17,ppr,1,2,3,1,2,0,0,8,50,run_aware,market_rank,12.010652990621725
2020,8,17,ppr,1,2,3,1,2,0,0,8,50,run_aware,recent_position_run,0.763802482489948
2020,8,17,ppr,1,2,3,1,2,0,0,8,50,run_aware,QB,-0.007110472973292247
2020,8,17,ppr,1,2,3,1,2,0,0,8,50,run_aware,RB,-0.02314601001434819
2020,8,17,ppr,1,2,3,1,2,0,0,8,50,run_aware,WR,-0.04332099622797368
2020,8,17,ppr,1,2,3,1,2,0,0,8,50,run_aware,TE,0.07357747921554365
2020,8,17,ppr,1,2,3,1,2,0,0,8,50,run_aware,K,0.0
2020,8,17,ppr,1,2,3,1,2,0,0,8,50,next_turn_aware,market_rank,11.989339938943983
2020,8,17,ppr,1,2,3,1,2,0,0,8,50,next_turn_aware,next_turn_demand,0.10963591802960393
2020,8,17,ppr,1,2,3,1,2,0,0,8,50,next_turn_aware,next_turn_competition,-0.630772139375334
2020,8,17,ppr,1,2,3,1,2,0,0,8,50,next_turn_aware,QB,-0.10435281687765803
2020,8,17,ppr,1,2,3,1,2,0,0,8,50,next_turn_aware,RB,0.044439594120845596
2020,8,17,ppr,1,2,3,1,2,0,0,8,50,next_turn_aware,WR,0.06860948226103439
2020,8,17,ppr,1,2,3,1,2,0,0,8,50,next_turn_aware,TE,-0.008696259504292985
2020,8,17,ppr,1,2,3,1,2,0,0,8,50,next_turn_aware,K,0.0
2020,8,17,ppr,1,2,3,1,2,0,0,8,50,roster_plus_run,market_rank,11.955335029555897
2020,8,17,ppr,1,2,3,1,2,0,0,8,50,roster_plus_run,starter_need,0.9206013071931595
2020,8,17,ppr,1,2,3,1,2,0,0,8,50,roster_plus_run,roster_count,2.263314169483747
2020,8,17,ppr,1,2,3,1,2,0,0,8,50,roster_plus_run,recent_position_run,0.7109140535963216
2020,8,17,ppr,1,2,3,1,2,0,0,8,50,roster_plus_run,starter_need_late,0.27559613118451515
2020,8,17,ppr,1,2,3,1,2,0,0,8,50,roster_plus_run,QB,-0.28730352753653693
2020,8,17,ppr,1,2,3,1,2,0,0,8,50,roster_plus_run,RB,0.2984471783457821
2020,8,17,ppr,1,2,3,1,2,0,0,8,50,roster_plus_run,WR,0.23011279923737576
2020,8,17,ppr,1,2,3,1,2,0,0,8,50,roster_plus_run,TE,-0.2412564500481534
2020,8,17,ppr,1,2,3,1,2,0,0,8,50,roster_plus_run,K,0.0
2020,8,17,ppr,1,2,3,1,2,0,0,8,50,roster_plus_next_turn,market_rank,11.941429621933699
2020,8,17,ppr,1,2,3,1,2,0,0,8,50,roster_plus_next_turn,starter_need,1.0850587497138882
2020,8,17,ppr,1,2,3,1,2,0,0,8,50,roster_plus_next_turn,roster_count,2.3546190940017544
2020,8,17,ppr,1,2,3,1,2,0,0,8,50,roster_plus_next_turn,next_turn_demand,0.02809940701893809
2020,8,17,ppr,1,2,3,1,2,0,0,8,50,roster_plus_next_turn,next_turn_competition,-0.7627412623216764
2020,8,17,ppr,1,2,3,1,2,0,0,8,50,roster_plus_next_turn,starter_need_late,0.06098465265209745
2020,8,17,ppr,1,2,3,1,2,0,0,8,50,roster_plus_next_turn,QB,-0.3847272900950836
2020,8,17,ppr,1,2,3,1,2,0,0,8,50,roster_plus_next_turn,RB,0.35698392989997574
2020,8,17,ppr,1,2,3,1,2,0,0,8,50,roster_plus_next_turn,WR,0.33347580901359886
2020,8,17,ppr,1,2,3,1,2,0,0,8,50,roster_plus_next_turn,TE,-0.3057324488183993
2020,8,17,ppr,1,2,3,1,2,0,0,8,50,roster_plus_next_turn,K,0.0
2020,8,17,ppr,1,2,3,1,2,0,0,8,50,opponent_aware,market_rank,11.99802316840476
2020,8,17,ppr,1,2,3,1,2,0,0,8,50,opponent_aware,starter_need,1.0458524261413393
2020,8,17,ppr,1,2,3,1,2,0,0,8,50,opponent_aware,roster_count,2.249068540248527
2020,8,17,ppr,1,2,3,1,2,0,0,8,50,opponent_aware,recent_position_run,0.7274588167134012
2020,8,17,ppr,1,2,3,1,2,0,0,8,50,opponent_aware,next_turn_demand,0.014356019533771686
2020,8,17,ppr,1,2,3,1,2,0,0,8,50,opponent_aware,next_turn_competition,-0.8158007939452837
2020,8,17,ppr,1,2,3,1,2,0,0,8,50,opponent_aware,starter_need_late,0.1166330194269631
2020,8,17,ppr,1,2,3,1,2,0,0,8,50,opponent_aware,QB,-0.27643255061449784
2020,8,17,ppr,1,2,3,1,2,0,0,8,50,opponent_aware,RB,0.25157160660684985
2020,8,17,ppr,1,2,3,1,2,0,0,8,50,opponent_aware,WR,0.20708282862680402
2020,8,17,ppr,1,2,3,1,2,0,0,8,50,opponent_aware,TE,-0.18222188461900715
2020,8,17,ppr,1,2,3,1,2,0,0,8,50,opponent_aware,K,0.0
2020,10,15,ppr,1,2,2,1,2,1,1,5,50,adp_only,market_rank,5.555278558744873
2020,10,15,ppr,1,2,2,1,2,1,1,5,50,position_baseline,market_rank,5.690028394189647
2020,10,15,ppr,1,2,2,1,2,1,1,5,50,position_baseline,QB,-0.22087089897907244
2020,10,15,ppr,1,2,2,1,2,1,1,5,50,position_baseline,RB,-0.148274571223658
2020,10,15,ppr,1,2,2,1,2,1,1,5,50,position_baseline,WR,-0.06496916804744794
2020,10,15,ppr,1,2,2,1,2,1,1,5,50,position_baseline,TE,-0.12340731804054117
2020,10,15,ppr,1,2,2,1,2,1,1,5,50,position_baseline,K,0.5575219562906331
2020,10,15,ppr,1,2,2,1,2,1,1,5,50,roster_aware,market_rank,5.537559402322173
2020,10,15,ppr,1,2,2,1,2,1,1,5,50,roster_aware,starter_need,-1.591882457425259
2020,10,15,ppr,1,2,2,1,2,1,1,5,50,roster_aware,roster_count,2.6103360586054145
2020,10,15,ppr,1,2,2,1,2,1,1,5,50,roster_aware,starter_need_late,4.428520348483642
2020,10,15,ppr,1,2,2,1,2,1,1,5,50,roster_aware,QB,-0.062164762981100616
2020,10,15,ppr,1,2,2,1,2,1,1,5,50,roster_aware,RB,0.5556912917009829
2020,10,15,ppr,1,2,2,1,2,1,1,5,50,roster_aware,WR,0.578598309083398
2020,10,15,ppr,1,2,2,1,2,1,1,5,50,roster_aware,TE,0.0063055691268753605
2020,10,15,ppr,1,2,2,1,2,1,1,5,50,roster_aware,K,-1.0784304069299044
2020,10,15,ppr,1,2,2,1,2,1,1,5,50,run_aware,market_rank,5.72125693079458
2020,10,15,ppr,1,2,2,1,2,1,1,5,50,run_aware,recent_position_run,1.067614540904876
2020,10,15,ppr,1,2,2,1,2,1,1,5,50,run_aware,QB,-0.11350154780972081
2020,10,15,ppr,1,2,2,1,2,1,1,5,50,run_aware,RB,-0.2922372971387466
2020,10,15,ppr,1,2,2,1,2,1,1,5,50,run_aware,WR,-0.2160947383852966
2020,10,15,ppr,1,2,2,1,2,1,1,5,50,run_aware,TE,0.0008039056929007835
2020,10,15,ppr,1,2,2,1,2,1,1,5,50,run_aware,K,0.6210296776406392
2020,10,15,ppr,1,2,2,1,2,1,1,5,50,next_turn_aware,market_rank,5.782313185715402
2020,10,15,ppr,1,2,2,1,2,1,1,5,50,next_turn_aware,next_turn_demand,-0.6916195434232636
2020,10,15,ppr,1,2,2,1,2,1,1,5,50,next_turn_aware,next_turn_competition,-0.4914462487848359
2020,10,15,ppr,1,2,2,1,2,1,1,5,50,next_turn_aware,QB,-0.4009592529209436
2020,10,15,ppr,1,2,2,1,2,1,1,5,50,next_turn_aware,RB,-0.31800147278296337
2020,10,15,ppr,1,2,2,1,2,1,1,5,50,next_turn_aware,WR,-0.21727490107620043
2020,10,15,ppr,1,2,2,1,2,1,1,5,50,next_turn_aware,TE,-0.1670430579693617
2020,10,15,ppr,1,2,2,1,2,1,1,5,50,next_turn_aware,K,1.1032786847493152
2020,10,15,ppr,1,2,2,1,2,1,1,5,50,roster_plus_run,market_rank,5.5751530072794395
2020,10,15,ppr,1,2,2,1,2,1,1,5,50,roster_plus_run,starter_need,-1.4123677334990565
2020,10,15,ppr,1,2,2,1,2,1,1,5,50,roster_plus_run,roster_count,2.3479659873448515
2020,10,15,ppr,1,2,2,1,2,1,1,5,50,roster_plus_run,recent_position_run,0.9165942624185197
2020,10,15,ppr,1,2,2,1,2,1,1,5,50,roster_plus_run,starter_need_late,4.102920232531819
2020,10,15,ppr,1,2,2,1,2,1,1,5,50,roster_plus_run,QB,0.03165278095344402
2020,10,15,ppr,1,2,2,1,2,1,1,5,50,roster_plus_run,RB,0.38966796885913224
2020,10,15,ppr,1,2,2,1,2,1,1,5,50,roster_plus_run,WR,0.41398317840507465
2020,10,15,ppr,1,2,2,1,2,1,1,5,50,roster_plus_run,TE,0.10860712868775609
2020,10,15,ppr,1,2,2,1,2,1,1,5,50,roster_plus_run,K,-0.9439110569058374
2020,10,15,ppr,1,2,2,1,2,1,1,5,50,roster_plus_next_turn,market_rank,5.634773126157347
2020,10,15,ppr,1,2,2,1,2,1,1,5,50,roster_plus_next_turn,starter_need,-1.058127296315973
2020,10,15,ppr,1,2,2,1,2,1,1,5,50,roster_plus_next_turn,roster_count,2.590407396416645
2020,10,15,ppr,1,2,2,1,2,1,1,5,50,roster_plus_next_turn,next_turn_demand,-0.8961055944427614
2020,10,15,ppr,1,2,2,1,2,1,1,5,50,roster_plus_next_turn,next_turn_competition,-0.4802954285100014
2020,10,15,ppr,1,2,2,1,2,1,1,5,50,roster_plus_next_turn,starter_need_late,3.687597828652307
2020,10,15,ppr,1,2,2,1,2,1,1,5,50,roster_plus_next_turn,QB,-0.27420208608000984
2020,10,15,ppr,1,2,2,1,2,1,1,5,50,roster_plus_next_turn,RB,0.3418699993329223
2020,10,15,ppr,1,2,2,1,2,1,1,5,50,roster_plus_next_turn,WR,0.385036995209509
2020,10,15,ppr,1,2,2,1,2,1,1,5,50,roster_plus_next_turn,TE,-0.06524317479044922
2020,10,15,ppr,1,2,2,1,2,1,1,5,50,roster_plus_next_turn,K,-0.3874617336727622
2020,10,15,ppr,1,2,2,1,2,1,1,5,50,opponent_aware,market_rank,5.6717768800527315
2020,10,15,ppr,1,2,2,1,2,1,1,5,50,opponent_aware,starter_need,-0.9038720651427523
2020,10,15,ppr,1,2,2,1,2,1,1,5,50,opponent_aware,roster_count,2.32642772479565
2020,10,15,ppr,1,2,2,1,2,1,1,5,50,opponent_aware,recent_position_run,0.8969229937914188
2020,10,15,ppr,1,2,2,1,2,1,1,5,50,opponent_aware,next_turn_demand,-0.9210455362205371
2020,10,15,ppr,1,2,2,1,2,1,1,5,50,opponent_aware,next_turn_competition,-0.4386076602698081
2020,10,15,ppr,1,2,2,1,2,1,1,5,50,opponent_aware,starter_need_late,3.4156982636733755
2020,10,15,ppr,1,2,2,1,2,1,1,5,50,opponent_aware,QB,-0.17062561005147653
2020,10,15,ppr,1,2,2,1,2,1,1,5,50,opponent_aware,RB,0.18507342623041043
2020,10,15,ppr,1,2,2,1,2,1,1,5,50,opponent_aware,WR,0.2293897138429588
2020,10,15,ppr,1,2,2,1,2,1,1,5,50,opponent_aware,TE,0.03987416044450272
2020,10,15,ppr,1,2,2,1,2,1,1,5,50,opponent_aware,K,-0.28371169046750444
2020,12,15,ppr,1,2,2,1,2,1,1,5,50,adp_only,market_rank,6.128993237073504
2020,12,15,ppr,1,2,2,1,2,1,1,5,50,position_baseline,market_rank,6.257515992014044
2020,12,15,ppr,1,2,2,1,2,1,1,5,50,position_baseline,QB,-0.22653175041987578
2020,12,15,ppr,1,2,2,1,2,1,1,5,50,position_baseline,RB,-0.13010078546654824
2020,12,15,ppr,1,2,2,1,2,1,1,5,50,position_baseline,WR,-0.053696139879376235
2020,12,15,ppr,1,2,2,1,2,1,1,5,50,position_baseline,TE,-0.1264656406440236
2020,12,15,ppr,1,2,2,1,2,1,1,5,50,position_baseline,K,0.5367943164069316
2020,12,15,ppr,1,2,2,1,2,1,1,5,50,roster_aware,market_rank,6.121465404504569
2020,12,15,ppr,1,2,2,1,2,1,1,5,50,roster_aware,starter_need,-1.3548203782653718
2020,12,15,ppr,1,2,2,1,2,1,1,5,50,roster_aware,roster_count,4.015511780129573
2020,12,15,ppr,1,2,2,1,2,1,1,5,50,roster_aware,starter_need_late,4.013403016721858
2020,12,15,ppr,1,2,2,1,2,1,1,5,50,roster_aware,QB,-0.13050850514092638
2020,12,15,ppr,1,2,2,1,2,1,1,5,50,roster_aware,RB,0.7230173519604686
2020,12,15,ppr,1,2,2,1,2,1,1,5,50,roster_aware,WR,0.7409516638237055
2020,12,15,ppr,1,2,2,1,2,1,1,5,50,roster_aware,TE,-0.046813116016689416
2020,12,15,ppr,1,2,2,1,2,1,1,5,50,roster_aware,K,-1.2866473946282135
2020,12,15,ppr,1,2,2,1,2,1,1,5,50,run_aware,market_rank,6.284884762742831
2020,12,15,ppr,1,2,2,1,2,1,1,5,50,run_aware,recent_position_run,0.847898383424804
2020,12,15,ppr,1,2,2,1,2,1,1,5,50,run_aware,QB,-0.14121921474864846
2020,12,15,ppr,1,2,2,1,2,1,1,5,50,run_aware,RB,-0.23569089788784695
2020,12,15,ppr,1,2,2,1,2,1,1,5,50,run_aware,WR,-0.1752392250175009
2020,12,15,ppr,1,2,2,1,2,1,1,5,50,run_aware,TE,-0.02917674971100718
2020,12,15,ppr,1,2,2,1,2,1,1,5,50,run_aware,K,0.5813260873629019
2020,12,15,ppr,1,2,2,1,2,1,1,5,50,next_turn_aware,market_rank,6.336291931723626
2020,12,15,ppr,1,2,2,1,2,1,1,5,50,next_turn_aware,next_turn_demand,-0.6205888334402908
2020,12,15,ppr,1,2,2,1,2,1,1,5,50,next_turn_aware,next_turn_competition,-0.5238207006151052
2020,12,15,ppr,1,2,2,1,2,1,1,5,50,next_turn_aware,QB,-0.3908933693836731
2020,12,15,ppr,1,2,2,1,2,1,1,5,50,next_turn_aware,RB,-0.2994742572952068
2020,12,15,ppr,1,2,2,1,2,1,1,5,50,next_turn_aware,WR,-0.2205016214225565
2020,12,15,ppr,1,2,2,1,2,1,1,5,50,next_turn_aware,TE,-0.17670067652362906
2020,12,15,ppr,1,2,2,1,2,1,1,5,50,next_turn_aware,K,1.0875699246227408
2020,12,15,ppr,1,2,2,1,2,1,1,5,50,roster_plus_run,market_rank,6.148455940326454
2020,12,15,ppr,1,2,2,1,2,1,1,5,50,roster_plus_run,starter_need,-1.2290188004579747
2020,12,15,ppr,1,2,2,1,2,1,1,5,50,roster_plus_run,roster_count,3.777826594085111
2020,12,15,ppr,1,2,2,1,2,1,1,5,50,roster_plus_run,recent_position_run,0.6656464208154339
2020,12,15,ppr,1,2,2,1,2,1,1,5,50,roster_plus_run,starter_need_late,3.790810941918012
2020,12,15,ppr,1,2,2,1,2,1,1,5,50,roster_plus_run,QB,-0.0632142641867958
2020,12,15,ppr,1,2,2,1,2,1,1,5,50,roster_plus_run,RB,0.6071600277317475
2020,12,15,ppr,1,2,2,1,2,1,1,5,50,roster_plus_run,WR,0.6177742154942554
2020,12,15,ppr,1,2,2,1,2,1,1,5,50,roster_plus_run,TE,0.026077218978963732
2020,12,15,ppr,1,2,2,1,2,1,1,5,50,roster_plus_run,K,-1.1877971980188902
2020,12,15,ppr,1,2,2,1,2,1,1,5,50,roster_plus_next_turn,market_rank,6.2119785109860715
2020,12,15,ppr,1,2,2,1,2,1,1,5,50,roster_plus_next_turn,starter_need,-0.826229516927322
2020,12,15,ppr,1,2,2,1,2,1,1,5,50,roster_plus_next_turn,roster_count,4.06676406458387
2020,12,15,ppr,1,2,2,1,2,1,1,5,50,roster_plus_next_turn,next_turn_demand,-0.7704765504706306
2020,12,15,ppr,1,2,2,1,2,1,1,5,50,roster_plus_next_turn,next_turn_competition,-0.5902641575404833
2020,12,15,ppr,1,2,2,1,2,1,1,5,50,roster_plus_next_turn,starter_need_late,3.2339949388895515
2020,12,15,ppr,1,2,2,1,2,1,1,5,50,roster_plus_next_turn,QB,-0.3408766870212618
2020,12,15,ppr,1,2,2,1,2,1,1,5,50,roster_plus_next_turn,RB,0.5081080002217113
2020,12,15,ppr,1,2,2,1,2,1,1,5,50,roster_plus_next_turn,WR,0.5304950386025618
2020,12,15,ppr,1,2,2,1,2,1,1,5,50,roster_plus_next_turn,TE,-0.1294055179885533
2020,12,15,ppr,1,2,2,1,2,1,1,5,50,roster_plus_next_turn,K,-0.5683208338162858
2020,12,15,ppr,1,2,2,1,2,1,1,5,50,opponent_aware,market_rank,6.2362901608228345
2020,12,15,ppr,1,2,2,1,2,1,1,5,50,opponent_aware,starter_need,-0.7181952032052733
2020,12,15,ppr,1,2,2,1,2,1,1,5,50,opponent_aware,roster_count,3.823376006937997
2020,12,15,ppr,1,2,2,1,2,1,1,5,50,opponent_aware,recent_position_run,0.6402307178654745
2020,12,15,ppr,1,2,2,1,2,1,1,5,50,opponent_aware,next_turn_demand,-0.7657230330184821
2020,12,15,ppr,1,2,2,1,2,1,1,5,50,opponent_aware,next_turn_competition,-0.5708524047681471
2020,12,15,ppr,1,2,2,1,2,1,1,5,50,opponent_aware,starter_need_late,3.047556662366958
2020,12,15,ppr,1,2,2,1,2,1,1,5,50,opponent_aware,QB,-0.266755161810542
2020,12,15,ppr,1,2,2,1,2,1,1,5,50,opponent_aware,RB,0.40069607318465195
2020,12,15,ppr,1,2,2,1,2,1,1,5,50,opponent_aware,WR,0.4160116902586246
2020,12,15,ppr,1,2,2,1,2,1,1,5,50,opponent_aware,TE,-0.05504974178039156
2020,12,15,ppr,1,2,2,1,2,1,1,5,50,opponent_aware,K,-0.49490285985373095
2020,12,16,half_ppr,1,2,2,1,2,0,1,7,50,adp_only,market_rank,8.70775845559955
2020,12,16,half_ppr,1,2,2,1,2,0,1,7,50,position_baseline,market_rank,8.735104614877338
2020,12,16,half_ppr,1,2,2,1,2,0,1,7,50,position_baseline,QB,-0.058358993758261334
2020,12,16,half_ppr,1,2,2,1,2,0,1,7,50,position_baseline,RB,0.040378223924310695
2020,12,16,half_ppr,1,2,2,1,2,0,1,7,50,position_baseline,WR,0.10379063284458598
2020,12,16,half_ppr,1,2,2,1,2,0,1,7,50,position_baseline,TE,-0.08580986301319438
2020,12,16,half_ppr,1,2,2,1,2,0,1,7,50,position_baseline,K,0.0
2020,12,16,half_ppr,1,2,2,1,2,0,1,7,50,roster_aware,market_rank,8.665872532003876
2020,12,16,half_ppr,1,2,2,1,2,0,1,7,50,roster_aware,starter_need,0.46711422233719524
2020,12,16,half_ppr,1,2,2,1,2,0,1,7,50,roster_aware,roster_count,4.748043993349231
2020,12,16,half_ppr,1,2,2,1,2,0,1,7,50,roster_aware,starter_need_late,0.6518983550575354
2020,12,16,half_ppr,1,2,2,1,2,0,1,7,50,roster_aware,QB,-0.5055682548339299
2020,12,16,half_ppr,1,2,2,1,2,0,1,7,50,roster_aware,RB,0.5449623708134037
2020,12,16,half_ppr,1,2,2,1,2,0,1,7,50,roster_aware,WR,0.5379501218335306
2020,12,16,half_ppr,1,2,2,1,2,0,1,7,50,roster_aware,TE,-0.5773442378182277
2020,12,16,half_ppr,1,2,2,1,2,0,1,7,50,roster_aware,K,0.0
2020,12,16,half_ppr,1,2,2,1,2,0,1,7,50,run_aware,market_rank,8.742914860111387
2020,12,16,half_ppr,1,2,2,1,2,0,1,7,50,run_aware,recent_position_run,0.6809186209365297
2020,12,16,half_ppr,1,2,2,1,2,0,1,7,50,run_aware,QB,0.029917633191101772
2020,12,16,half_ppr,1,2,2,1,2,0,1,7,50,run_aware,RB,-0.041395564304567846
2020,12,16,half_ppr,1,2,2,1,2,0,1,7,50,run_aware,WR,0.00901993681229526
2020,12,16,half_ppr,1,2,2,1,2,0,1,7,50,run_aware,TE,0.0024579942994373515
2020,12,16,half_ppr,1,2,2,1,2,0,1,7,50,run_aware,K,0.0
2020,12,16,half_ppr,1,2,2,1,2,0,1,7,50,next_turn_aware,market_rank,8.764374606747996
2020,12,16,half_ppr,1,2,2,1,2,0,1,7,50,next_turn_aware,next_turn_demand,-0.17378149840314253
2020,12,16,half_ppr,1,2,2,1,2,0,1,7,50,next_turn_aware,next_turn_competition,-0.7232648718415434
2020,12,16,half_ppr,1,2,2,1,2,0,1,7,50,next_turn_aware,QB,-0.04918176657938284
2020,12,16,half_ppr,1,2,2,1,2,0,1,7,50,next_turn_aware,RB,-0.005496113304319009
2020,12,16,half_ppr,1,2,2,1,2,0,1,7,50,next_turn_aware,WR,0.062057939518994486
2020,12,16,half_ppr,1,2,2,1,2,0,1,7,50,next_turn_aware,TE,-0.007380059638104077
2020,12,16,half_ppr,1,2,2,1,2,0,1,7,50,next_turn_aware,K,0.0
2020,12,16,half_ppr,1,2,2,1,2,0,1,7,50,roster_plus_run,market_rank,8.674640563236578
2020,12,16,half_ppr,1,2,2,1,2,0,1,7,50,roster_plus_run,starter_need,0.5402081910108079
2020,12,16,half_ppr,1,2,2,1,2,0,1,7,50,roster_plus_run,roster_count,4.521446822675453
2020,12,16,half_ppr,1,2,2,1,2,0,1,7,50,roster_plus_run,recent_position_run,0.571943712388247
2020,12,16,half_ppr,1,2,2,1,2,0,1,7,50,roster_plus_run,starter_need_late,0.5512171337923139
2020,12,16,half_ppr,1,2,2,1,2,0,1,7,50,roster_plus_run,QB,-0.4191475717963965
2020,12,16,half_ppr,1,2,2,1,2,0,1,7,50,roster_plus_run,RB,0.4617743378005144
2020,12,16,half_ppr,1,2,2,1,2,0,1,7,50,roster_plus_run,WR,0.44901479123893767
2020,12,16,half_ppr,1,2,2,1,2,0,1,7,50,roster_plus_run,TE,-0.491641557248323
2020,12,16,half_ppr,1,2,2,1,2,0,1,7,50,roster_plus_run,K,0.0
2020,12,16,half_ppr,1,2,2,1,2,0,1,7,50,roster_plus_next_turn,market_rank,8.720748428663555
2020,12,16,half_ppr,1,2,2,1,2,0,1,7,50,roster_plus_next_turn,starter_need,0.8642147369216107
2020,12,16,half_ppr,1,2,2,1,2,0,1,7,50,roster_plus_next_turn,roster_count,4.762707987325164
2020,12,16,half_ppr,1,2,2,1,2,0,1,7,50,roster_plus_next_turn,next_turn_demand,-0.39338012834116043
2020,12,16,half_ppr,1,2,2,1,2,0,1,7,50,roster_plus_next_turn,next_turn_competition,-1.1961577771421967
2020,12,16,half_ppr,1,2,2,1,2,0,1,7,50,roster_plus_next_turn,starter_need_late,0.2517985087148191
2020,12,16,half_ppr,1,2,2,1,2,0,1,7,50,roster_plus_next_turn,QB,-0.5025363448673187
2020,12,16,half_ppr,1,2,2,1,2,0,1,7,50,roster_plus_next_turn,RB,0.4793708087413815
2020,12,16,half_ppr,1,2,2,1,2,0,1,7,50,roster_plus_next_turn,WR,0.47942022214914776
2020,12,16,half_ppr,1,2,2,1,2,0,1,7,50,roster_plus_next_turn,TE,-0.45625468602737806
2020,12,16,half_ppr,1,2,2,1,2,0,1,7,50,roster_plus_next_turn,K,0.0
2020,12,16,half_ppr,1,2,2,1,2,0,1,7,50,opponent_aware,market_rank,8.730512750820022
2020,12,16,half_ppr,1,2,2,1,2,0,1,7,50,opponent_aware,starter_need,0.9441647289584154
2020,12,16,half_ppr,1,2,2,1,2,0,1,7,50,opponent_aware,roster_count,4.519828500917076
2020,12,16,half_ppr,1,2,2,1,2,0,1,7,50,opponent_aware,recent_position_run,0.5816466642654334
2020,12,16,half_ppr,1,2,2,1,2,0,1,7,50,opponent_aware,next_turn_demand,-0.4116032489860948
2020,12,16,half_ppr,1,2,2,1,2,0,1,7,50,opponent_aware,next_turn_competition,-1.1988103428234964
2020,12,16,half_ppr,1,2,2,1,2,0,1,7,50,opponent_aware,starter_need_late,0.1437851668713823
2020,12,16,half_ppr,1,2,2,1,2,0,1,7,50,opponent_aware,QB,-0.4119487733907097
2020,12,16,half_ppr,1,2,2,1,2,0,1,7,50,opponent_aware,RB,0.3918649022992976
2020,12,16,half_ppr,1,2,2,1,2,0,1,7,50,opponent_aware,WR,0.38680495959504824
2020,12,16,half_ppr,1,2,2,1,2,0,1,7,50,opponent_aware,TE,-0.366721088505256
2020,12,16,half_ppr,1,2,2,1,2,0,1,7,50,opponent_aware,K,0.0
2021,10,14,ppr,1,2,2,1,1,1,1,0,50,adp_only,market_rank,8.124706115470024
2021,10,14,ppr,1,2,2,1,1,1,1,0,50,position_baseline,market_rank,8.595769810508815
2021,10,14,ppr,1,2,2,1,1,1,1,0,50,position_baseline,QB,-0.17300019668893524
2021,10,14,ppr,1,2,2,1,1,1,1,0,50,position_baseline,RB,-0.37639036893095756
2021,10,14,ppr,1,2,2,1,1,1,1,0,50,position_baseline,WR,-0.15713929650572228
2021,10,14,ppr,1,2,2,1,1,1,1,0,50,position_baseline,TE,-0.07391558345541754
2021,10,14,ppr,1,2,2,1,1,1,1,0,50,position_baseline,K,0.7804454455814785
2021,10,14,ppr,1,2,2,1,1,1,1,0,50,roster_aware,market_rank,8.689219452928294
2021,10,14,ppr,1,2,2,1,1,1,1,0,50,roster_aware,starter_need,-1.739154122218222
2021,10,14,ppr,1,2,2,1,1,1,1,0,50,roster_aware,roster_count,3.440962011150173
2021,10,14,ppr,1,2,2,1,1,1,1,0,50,roster_aware,starter_need_late,5.632615918309807
2021,10,14,ppr,1,2,2,1,1,1,1,0,50,roster_aware,QB,0.05357827009937634
2021,10,14,ppr,1,2,2,1,1,1,1,0,50,roster_aware,RB,0.6614138125859
2021,10,14,ppr,1,2,2,1,1,1,1,0,50,roster_aware,WR,0.8200039193061615
2021,10,14,ppr,1,2,2,1,1,1,1,0,50,roster_aware,TE,0.11740450971251702
2021,10,14,ppr,1,2,2,1,1,1,1,0,50,roster_aware,K,-1.6524005117016454
2021,10,14,ppr,1,2,2,1,1,1,1,0,50,run_aware,market_rank,8.692042197597397
2021,10,14,ppr,1,2,2,1,1,1,1,0,50,run_aware,recent_position_run,1.3106174299909412
2021,10,14,ppr,1,2,2,1,1,1,1,0,50,run_aware,QB,-0.019887856884275183
2021,10,14,ppr,1,2,2,1,1,1,1,0,50,run_aware,RB,-0.5525696210310739
2021,10,14,ppr,1,2,2,1,1,1,1,0,50,run_aware,WR,-0.3746144871909784
2021,10,14,ppr,1,2,2,1,1,1,1,0,50,run_aware,TE,0.11107594999893827
2021,10,14,ppr,1,2,2,1,1,1,1,0,50,run_aware,K,0.8359960151074706
2021,10,14,ppr,1,2,2,1,1,1,1,0,50,next_turn_aware,market_rank,8.667603863187868
2021,10,14,ppr,1,2,2,1,1,1,1,0,50,next_turn_aware,next_turn_demand,-0.937393759204311
2021,10,14,ppr,1,2,2,1,1,1,1,0,50,next_turn_aware,next_turn_competition,-0.5248357833141218
2021,10,14,ppr,1,2,2,1,1,1,1,0,50,next_turn_aware,QB,-0.28467970814610455
2021,10,14,ppr,1,2,2,1,1,1,1,0,50,next_turn_aware,RB,-0.6530862721993366
2021,10,14,ppr,1,2,2,1,1,1,1,0,50,next_turn_aware,WR,-0.39063790030731044
2021,10,14,ppr,1,2,2,1,1,1,1,0,50,next_turn_aware,TE,-0.13354942089032223
2021,10,14,ppr,1,2,2,1,1,1,1,0,50,next_turn_aware,K,1.4619533015424326
2021,10,14,ppr,1,2,2,1,1,1,1,0,50,roster_plus_run,market_rank,8.765129138390673
2021,10,14,ppr,1,2,2,1,1,1,1,0,50,roster_plus_run,starter_need,-1.399393759162691
2021,10,14,ppr,1,2,2,1,1,1,1,0,50,roster_plus_run,roster_count,3.0950258068057876
2021,10,14,ppr,1,2,2,1,1,1,1,0,50,roster_plus_run,recent_position_run,1.1028254180768045
2021,10,14,ppr,1,2,2,1,1,1,1,0,50,roster_plus_run,starter_need_late,5.038730495997183
2021,10,14,ppr,1,2,2,1,1,1,1,0,50,roster_plus_run,QB,0.16776166794671568
2021,10,14,ppr,1,2,2,1,1,1,1,0,50,roster_plus_run,RB,0.45723355283044625
2021,10,14,ppr,1,2,2,1,1,1,1,0,50,roster_plus_run,WR,0.5893408788311996
2021,10,14,ppr,1,2,2,1,1,1,1,0,50,roster_plus_run,TE,0.26146217713456327
2021,10,14,ppr,1,2,2,1,1,1,1,0,50,roster_plus_run,K,-1.475798276742459
2021,10,14,ppr,1,2,2,1,1,1,1,0,50,roster_plus_next_turn,market_rank,8.786263499306015
2021,10,14,ppr,1,2,2,1,1,1,1,0,50,roster_plus_next_turn,starter_need,-1.1734623745463606
2021,10,14,ppr,1,2,2,1,1,1,1,0,50,roster_plus_next_turn,roster_count,3.532233477396118
2021,10,14,ppr,1,2,2,1,1,1,1,0,50,roster_plus_next_turn,next_turn_demand,-1.0489823070236768
2021,10,14,ppr,1,2,2,1,1,1,1,0,50,roster_plus_next_turn,next_turn_competition,-0.48908471827518507
2021,10,14,ppr,1,2,2,1,1,1,1,0,50,roster_plus_next_turn,starter_need_late,4.694273441851074
2021,10,14,ppr,1,2,2,1,1,1,1,0,50,roster_plus_next_turn,QB,-0.10897033347424577
2021,10,14,ppr,1,2,2,1,1,1,1,0,50,roster_plus_next_turn,RB,0.3394316047434157
2021,10,14,ppr,1,2,2,1,1,1,1,0,50,roster_plus_next_turn,WR,0.5433834528260912
2021,10,14,ppr,1,2,2,1,1,1,1,0,50,roster_plus_next_turn,TE,0.028435519367393983
2021,10,14,ppr,1,2,2,1,1,1,1,0,50,roster_plus_next_turn,K,-0.8022802434621426
2021,10,14,ppr,1,2,2,1,1,1,1,0,50,opponent_aware,market_rank,8.859452805190186
2021,10,14,ppr,1,2,2,1,1,1,1,0,50,opponent_aware,starter_need,-0.9216310735666055
2021,10,14,ppr,1,2,2,1,1,1,1,0,50,opponent_aware,roster_count,3.1891875427392735
2021,10,14,ppr,1,2,2,1,1,1,1,0,50,opponent_aware,recent_position_run,1.0241080796600188
2021,10,14,ppr,1,2,2,1,1,1,1,0,50,opponent_aware,next_turn_demand,-1.0168589450591312
2021,10,14,ppr,1,2,2,1,1,1,1,0,50,opponent_aware,next_turn_competition,-0.4213395672177894
2021,10,14,ppr,1,2,2,1,1,1,1,0,50,opponent_aware,starter_need_late,4.268669451465542
2021,10,14,ppr,1,2,2,1,1,1,1,0,50,opponent_aware,QB,0.014301299642498889
2021,10,14,ppr,1,2,2,1,1,1,1,0,50,opponent_aware,RB,0.17676079988307947
2021,10,14,ppr,1,2,2,1,1,1,1,0,50,opponent_aware,WR,0.3493720613220929
2021,10,14,ppr,1,2,2,1,1,1,1,0,50,opponent_aware,TE,0.17115883102282103
2021,10,14,ppr,1,2,2,1,1,1,1,0,50,opponent_aware,K,-0.7115929918689847
2021,10,15,ppr,1,2,2,1,2,1,1,5,50,adp_only,market_rank,4.849784193589743
2021,10,15,ppr,1,2,2,1,2,1,1,5,50,position_baseline,market_rank,5.000436351896955
2021,10,15,ppr,1,2,2,1,2,1,1,5,50,position_baseline,QB,-0.13743141991137894
2021,10,15,ppr,1,2,2,1,2,1,1,5,50,position_baseline,RB,-0.1785518650470044
2021,10,15,ppr,1,2,2,1,2,1,1,5,50,position_baseline,WR,-0.13600814934895508
2021,10,15,ppr,1,2,2,1,2,1,1,5,50,position_baseline,TE,-0.07030554307067641
2021,10,15,ppr,1,2,2,1,2,1,1,5,50,position_baseline,K,0.5222969773778763
2021,10,15,ppr,1,2,2,1,2,1,1,5,50,roster_aware,market_rank,4.960467964368032
2021,10,15,ppr,1,2,2,1,2,1,1,5,50,roster_aware,starter_need,-1.322109921991751
2021,10,15,ppr,1,2,2,1,2,1,1,5,50,roster_aware,roster_count,3.3103661888450198
2021,10,15,ppr,1,2,2,1,2,1,1,5,50,roster_aware,starter_need_late,4.350166963685232
2021,10,15,ppr,1,2,2,1,2,1,1,5,50,roster_aware,QB,0.17135644664481345
2021,10,15,ppr,1,2,2,1,2,1,1,5,50,roster_aware,RB,0.6005077017333
2021,10,15,ppr,1,2,2,1,2,1,1,5,50,roster_aware,WR,0.6100990690695004
2021,10,15,ppr,1,2,2,1,2,1,1,5,50,roster_aware,TE,0.06596211634376528
2021,10,15,ppr,1,2,2,1,2,1,1,5,50,roster_aware,K,-1.447925333791406
2021,10,15,ppr,1,2,2,1,2,1,1,5,50,run_aware,market_rank,5.025679686504495
2021,10,15,ppr,1,2,2,1,2,1,1,5,50,run_aware,recent_position_run,1.0390209272062128
2021,10,15,ppr,1,2,2,1,2,1,1,5,50,run_aware,QB,-0.03283252600846597
2021,10,15,ppr,1,2,2,1,2,1,1,5,50,run_aware,RB,-0.29311880552661645
2021,10,15,ppr,1,2,2,1,2,1,1,5,50,run_aware,WR,-0.30152700603200144
2021,10,15,ppr,1,2,2,1,2,1,1,5,50,run_aware,TE,0.03644999130745937
2021,10,15,ppr,1,2,2,1,2,1,1,5,50,run_aware,K,0.5910283462593443
2021,10,15,ppr,1,2,2,1,2,1,1,5,50,next_turn_aware,market_rank,5.018018812584974
2021,10,15,ppr,1,2,2,1,2,1,1,5,50,next_turn_aware,next_turn_demand,-0.7662021656181809
2021,10,15,ppr,1,2,2,1,2,1,1,5,50,next_turn_aware,next_turn_competition,-0.3945896823077645
2021,10,15,ppr,1,2,2,1,2,1,1,5,50,next_turn_aware,QB,-0.39231670889599196
2021,10,15,ppr,1,2,2,1,2,1,1,5,50,next_turn_aware,RB,-0.32323681523888587
2021,10,15,ppr,1,2,2,1,2,1,1,5,50,next_turn_aware,WR,-0.2704835841332941
2021,10,15,ppr,1,2,2,1,2,1,1,5,50,next_turn_aware,TE,-0.12601878220143523
2021,10,15,ppr,1,2,2,1,2,1,1,5,50,next_turn_aware,K,1.1120558904695224
2021,10,15,ppr,1,2,2,1,2,1,1,5,50,roster_plus_run,market_rank,4.984844101160317
2021,10,15,ppr,1,2,2,1,2,1,1,5,50,roster_plus_run,starter_need,-1.0280153880346217
2021,10,15,ppr,1,2,2,1,2,1,1,5,50,roster_plus_run,roster_count,3.04603316372611
2021,10,15,ppr,1,2,2,1,2,1,1,5,50,roster_plus_run,recent_position_run,0.8935629214741746
2021,10,15,ppr,1,2,2,1,2,1,1,5,50,roster_plus_run,starter_need_late,3.850552799828079
2021,10,15,ppr,1,2,2,1,2,1,1,5,50,roster_plus_run,QB,0.2567563542271618
2021,10,15,ppr,1,2,2,1,2,1,1,5,50,roster_plus_run,RB,0.4570008059196364
2021,10,15,ppr,1,2,2,1,2,1,1,5,50,roster_plus_run,WR,0.4296396994976904
2021,10,15,ppr,1,2,2,1,2,1,1,5,50,roster_plus_run,TE,0.14866202053545843
2021,10,15,ppr,1,2,2,1,2,1,1,5,50,roster_plus_run,K,-1.2920588801800574
2021,10,15,ppr,1,2,2,1,2,1,1,5,50,roster_plus_next_turn,market_rank,4.984004158212592
2021,10,15,ppr,1,2,2,1,2,1,1,5,50,roster_plus_next_turn,starter_need,-0.8851963119540412
2021,10,15,ppr,1,2,2,1,2,1,1,5,50,roster_plus_next_turn,roster_count,3.327009728412549
2021,10,15,ppr,1,2,2,1,2,1,1,5,50,roster_plus_next_turn,next_turn_demand,-0.960635096311264
2021,10,15,ppr,1,2,2,1,2,1,1,5,50,roster_plus_next_turn,next_turn_competition,-0.40222182036869736
2021,10,15,ppr,1,2,2,1,2,1,1,5,50,roster_plus_next_turn,starter_need_late,3.68925955594531
2021,10,15,ppr,1,2,2,1,2,1,1,5,50,roster_plus_next_turn,QB,-0.14164588525778377
2021,10,15,ppr,1,2,2,1,2,1,1,5,50,roster_plus_next_turn,RB,0.40447899154410477
2021,10,15,ppr,1,2,2,1,2,1,1,5,50,roster_plus_next_turn,WR,0.4289346697391601
2021,10,15,ppr,1,2,2,1,2,1,1,5,50,roster_plus_next_turn,TE,-0.01873185032185453
2021,10,15,ppr,1,2,2,1,2,1,1,5,50,roster_plus_next_turn,K,-0.6730359257031593
2021,10,15,ppr,1,2,2,1,2,1,1,5,50,opponent_aware,market_rank,5.006610198530501
2021,10,15,ppr,1,2,2,1,2,1,1,5,50,opponent_aware,starter_need,-0.6330081817801141
2021,10,15,ppr,1,2,2,1,2,1,1,5,50,opponent_aware,roster_count,3.0846978068275948
2021,10,15,ppr,1,2,2,1,2,1,1,5,50,opponent_aware,recent_position_run,0.8336374796621201
2021,10,15,ppr,1,2,2,1,2,1,1,5,50,opponent_aware,next_turn_demand,-0.951755181597645
2021,10,15,ppr,1,2,2,1,2,1,1,5,50,opponent_aware,next_turn_competition,-0.3455250414572318
2021,10,15,ppr,1,2,2,1,2,1,1,5,50,opponent_aware,starter_need_late,3.2668460844849276
2021,10,15,ppr,1,2,2,1,2,1,1,5,50,opponent_aware,QB,-0.04254097779038105
2021,10,15,ppr,1,2,2,1,2,1,1,5,50,opponent_aware,RB,0.28399421124567414
2021,10,15,ppr,1,2,2,1,2,1,1,5,50,opponent_aware,WR,0.2734005631272836
2021,10,15,ppr,1,2,2,1,2,1,1,5,50,opponent_aware,TE,0.06359238627681085
2021,10,15,ppr,1,2,2,1,2,1,1,5,50,opponent_aware,K,-0.5784461828585925
2021,10,15,ppr,1,2,2,1,2,1,1,5,150,adp_only,market_rank,5.497498618167991
2021,10,15,ppr,1,2,2,1,2,1,1,5,150,position_baseline,market_rank,5.763454183418799
2021,10,15,ppr,1,2,2,1,2,1,1,5,150,position_baseline,QB,-0.1528394603877205
2021,10,15,ppr,1,2,2,1,2,1,1,5,150,position_baseline,RB,-0.2484708931071902
2021,10,15,ppr,1,2,2,1,2,1,1,5,150,position_baseline,WR,-0.09190886856517783
2021,10,15,ppr,1,2,2,1,2,1,1,5,150,position_baseline,TE,-0.10277670147913988
2021,10,15,ppr,1,2,2,1,2,1,1,5,150,position_baseline,K,0.5959959235401306
2021,10,15,ppr,1,2,2,1,2,1,1,5,150,roster_aware,market_rank,5.7487453740026915
2021,10,15,ppr,1,2,2,1,2,1,1,5,150,roster_aware,starter_need,-1.6279304505057957
2021,10,15,ppr,1,2,2,1,2,1,1,5,150,roster_aware,roster_count,3.6152357064576357
2021,10,15,ppr,1,2,2,1,2,1,1,5,150,roster_aware,starter_need_late,5.096487272111736
2021,10,15,ppr,1,2,2,1,2,1,1,5,150,roster_aware,QB,0.18069050071226525
2021,10,15,ppr,1,2,2,1,2,1,1,5,150,roster_aware,RB,0.6029428114610564
2021,10,15,ppr,1,2,2,1,2,1,1,5,150,roster_aware,WR,0.721381190520931
2021,10,15,ppr,1,2,2,1,2,1,1,5,150,roster_aware,TE,0.07807960384929973
2021,10,15,ppr,1,2,2,1,2,1,1,5,150,roster_aware,K,-1.5830941065432
2021,10,15,ppr,1,2,2,1,2,1,1,5,150,run_aware,market_rank,5.836156418543195
2021,10,15,ppr,1,2,2,1,2,1,1,5,150,run_aware,recent_position_run,1.0691113178109881
2021,10,15,ppr,1,2,2,1,2,1,1,5,150,run_aware,QB,-0.0427924198809007
2021,10,15,ppr,1,2,2,1,2,1,1,5,150,run_aware,RB,-0.3677984979049543
2021,10,15,ppr,1,2,2,1,2,1,1,5,150,run_aware,WR,-0.26843728014757473
2021,10,15,ppr,1,2,2,1,2,1,1,5,150,run_aware,TE,0.015986066932252466
2021,10,15,ppr,1,2,2,1,2,1,1,5,150,run_aware,K,0.663042131003523
2021,10,15,ppr,1,2,2,1,2,1,1,5,150,next_turn_aware,market_rank,5.780245058247821
2021,10,15,ppr,1,2,2,1,2,1,1,5,150,next_turn_aware,next_turn_demand,-0.7919099566825705
2021,10,15,ppr,1,2,2,1,2,1,1,5,150,next_turn_aware,next_turn_competition,-0.3582765751221125
2021,10,15,ppr,1,2,2,1,2,1,1,5,150,next_turn_aware,QB,-0.39667905477087095
2021,10,15,ppr,1,2,2,1,2,1,1,5,150,next_turn_aware,RB,-0.3826965784016378
2021,10,15,ppr,1,2,2,1,2,1,1,5,150,next_turn_aware,WR,-0.21765480381232075
2021,10,15,ppr,1,2,2,1,2,1,1,5,150,next_turn_aware,TE,-0.15809724633717862
2021,10,15,ppr,1,2,2,1,2,1,1,5,150,next_turn_aware,K,1.1551276833241868
2021,10,15,ppr,1,2,2,1,2,1,1,5,150,roster_plus_run,market_rank,5.81430796880771
2021,10,15,ppr,1,2,2,1,2,1,1,5,150,roster_plus_run,starter_need,-1.3362367323054134
2021,10,15,ppr,1,2,2,1,2,1,1,5,150,roster_plus_run,roster_count,3.3858419237253417
2021,10,15,ppr,1,2,2,1,2,1,1,5,150,roster_plus_run,recent_position_run,0.9355664552757935
2021,10,15,ppr,1,2,2,1,2,1,1,5,150,roster_plus_run,starter_need_late,4.597281069335578
2021,10,15,ppr,1,2,2,1,2,1,1,5,150,roster_plus_run,QB,0.27143775350226823
2021,10,15,ppr,1,2,2,1,2,1,1,5,150,roster_plus_run,RB,0.45612854588674184
2021,10,15,ppr,1,2,2,1,2,1,1,5,150,roster_plus_run,WR,0.5327404494892813
2021,10,15,ppr,1,2,2,1,2,1,1,5,150,roster_plus_run,TE,0.1710745885116096
2021,10,15,ppr,1,2,2,1,2,1,1,5,150,roster_plus_run,K,-1.4313813373903304
2021,10,15,ppr,1,2,2,1,2,1,1,5,150,roster_plus_next_turn,market_rank,5.766107232530091
2021,10,15,ppr,1,2,2,1,2,1,1,5,150,roster_plus_next_turn,starter_need,-1.1236564703271466
2021,10,15,ppr,1,2,2,1,2,1,1,5,150,roster_plus_next_turn,roster_count,3.633835907384724
2021,10,15,ppr,1,2,2,1,2,1,1,5,150,roster_plus_next_turn,next_turn_demand,-0.9974714337234108
2021,10,15,ppr,1,2,2,1,2,1,1,5,150,roster_plus_next_turn,next_turn_competition,-0.3631933946018789
2021,10,15,ppr,1,2,2,1,2,1,1,5,150,roster_plus_next_turn,starter_need_late,4.297253375804896
2021,10,15,ppr,1,2,2,1,2,1,1,5,150,roster_plus_next_turn,QB,-0.1280765840147143
2021,10,15,ppr,1,2,2,1,2,1,1,5,150,roster_plus_next_turn,RB,0.40850630862215787
2021,10,15,ppr,1,2,2,1,2,1,1,5,150,roster_plus_next_turn,WR,0.5390356685130483
2021,10,15,ppr,1,2,2,1,2,1,1,5,150,roster_plus_next_turn,TE,-0.014469454640554871
2021,10,15,ppr,1,2,2,1,2,1,1,5,150,roster_plus_next_turn,K,-0.8049959384869413
2021,10,15,ppr,1,2,2,1,2,1,1,5,150,opponent_aware,market_rank,5.826762609054204
2021,10,15,ppr,1,2,2,1,2,1,1,5,150,opponent_aware,starter_need,-0.8759714971873701
2021,10,15,ppr,1,2,2,1,2,1,1,5,150,opponent_aware,roster_count,3.4200557396858504
2021,10,15,ppr,1,2,2,1,2,1,1,5,150,opponent_aware,recent_position_run,0.8827524895428925
2021,10,15,ppr,1,2,2,1,2,1,1,5,150,opponent_aware,next_turn_demand,-0.9900104595042871
2021,10,15,ppr,1,2,2,1,2,1,1,5,150,opponent_aware,next_turn_competition,-0.30834482340328834
2021,10,15,ppr,1,2,2,1,2,1,1,5,150,opponent_aware,starter_need_late,3.882456049216306
2021,10,15,ppr,1,2,2,1,2,1,1,5,150,opponent_aware,QB,-0.023409212776888153
2021,10,15,ppr,1,2,2,1,2,1,1,5,150,opponent_aware,RB,0.28300574317791505
2021,10,15,ppr,1,2,2,1,2,1,1,5,150,opponent_aware,WR,0.3734201337263419
2021,10,15,ppr,1,2,2,1,2,1,1,5,150,opponent_aware,TE,0.07838866683373248
2021,10,15,ppr,1,2,2,1,2,1,1,5,150,opponent_aware,K,-0.7114053309670552
2021,12,15,half_ppr,1,2,2,1,2,0,1,6,50,adp_only,market_rank,9.691670801068875
2021,12,15,half_ppr,1,2,2,1,2,0,1,6,50,position_baseline,market_rank,9.733381710920785
2021,12,15,half_ppr,1,2,2,1,2,0,1,6,50,position_baseline,QB,-0.16088198322022587
2021,12,15,half_ppr,1,2,2,1,2,0,1,6,50,position_baseline,RB,0.13642302713406085
2021,12,15,half_ppr,1,2,2,1,2,0,1,6,50,position_baseline,WR,0.1042958778946941
2021,12,15,half_ppr,1,2,2,1,2,0,1,6,50,position_baseline,TE,-0.07983692181234188
2021,12,15,half_ppr,1,2,2,1,2,0,1,6,50,position_baseline,K,0.0
2021,12,15,half_ppr,1,2,2,1,2,0,1,6,50,roster_aware,market_rank,9.708291970088576
2021,12,15,half_ppr,1,2,2,1,2,0,1,6,50,roster_aware,starter_need,1.1813399772658424
2021,12,15,half_ppr,1,2,2,1,2,0,1,6,50,roster_aware,roster_count,3.2714311590162923
2021,12,15,half_ppr,1,2,2,1,2,0,1,6,50,roster_aware,starter_need_late,0.4266038248057552
2021,12,15,half_ppr,1,2,2,1,2,0,1,6,50,roster_aware,QB,-0.41802483862520146
2021,12,15,half_ppr,1,2,2,1,2,0,1,6,50,roster_aware,RB,0.461524276134906
2021,12,15,half_ppr,1,2,2,1,2,0,1,6,50,roster_aware,WR,0.4541771478400317
2021,12,15,half_ppr,1,2,2,1,2,0,1,6,50,roster_aware,TE,-0.49767658535241116
2021,12,15,half_ppr,1,2,2,1,2,0,1,6,50,roster_aware,K,0.0
2021,12,15,half_ppr,1,2,2,1,2,0,1,6,50,run_aware,market_rank,9.74076607292941
2021,12,15,half_ppr,1,2,2,1,2,0,1,6,50,run_aware,recent_position_run,0.5784357355259586
2021,12,15,half_ppr,1,2,2,1,2,0,1,6,50,run_aware,QB,-0.08121001605425558
2021,12,15,half_ppr,1,2,2,1,2,0,1,6,50,run_aware,RB,0.07288157062110141
2021,12,15,half_ppr,1,2,2,1,2,0,1,6,50,run_aware,WR,0.005541519791826319
2021,12,15,half_ppr,1,2,2,1,2,0,1,6,50,run_aware,TE,0.0027869256383509303
2021,12,15,half_ppr,1,2,2,1,2,0,1,6,50,run_aware,K,0.0
2021,12,15,half_ppr,1,2,2,1,2,0,1,6,50,next_turn_aware,market_rank,9.788036151571314
2021,12,15,half_ppr,1,2,2,1,2,0,1,6,50,next_turn_aware,next_turn_demand,0.01787915462452488
2021,12,15,half_ppr,1,2,2,1,2,0,1,6,50,next_turn_aware,next_turn_competition,-1.2057698304724838
2021,12,15,half_ppr,1,2,2,1,2,0,1,6,50,next_turn_aware,QB,-0.21846716484939133
2021,12,15,half_ppr,1,2,2,1,2,0,1,6,50,next_turn_aware,RB,0.11816730967823913
2021,12,15,half_ppr,1,2,2,1,2,0,1,6,50,next_turn_aware,WR,0.08778893693265667
2021,12,15,half_ppr,1,2,2,1,2,0,1,6,50,next_turn_aware,TE,0.01251091823472886
2021,12,15,half_ppr,1,2,2,1,2,0,1,6,50,next_turn_aware,K,0.0
2021,12,15,half_ppr,1,2,2,1,2,0,1,6,50,roster_plus_run,market_rank,9.7139435271322
2021,12,15,half_ppr,1,2,2,1,2,0,1,6,50,roster_plus_run,starter_need,1.2344141534473638
2021,12,15,half_ppr,1,2,2,1,2,0,1,6,50,roster_plus_run,roster_count,3.14086429338996
2021,12,15,half_ppr,1,2,2,1,2,0,1,6,50,roster_plus_run,recent_position_run,0.5234582713075484
2021,12,15,half_ppr,1,2,2,1,2,0,1,6,50,roster_plus_run,starter_need_late,0.3510700378747468
2021,12,15,half_ppr,1,2,2,1,2,0,1,6,50,roster_plus_run,QB,-0.3388650407196274
2021,12,15,half_ppr,1,2,2,1,2,0,1,6,50,roster_plus_run,RB,0.39583797795297915
2021,12,15,half_ppr,1,2,2,1,2,0,1,6,50,roster_plus_run,WR,0.3593284977476524
2021,12,15,half_ppr,1,2,2,1,2,0,1,6,50,roster_plus_run,TE,-0.41630143498138594
2021,12,15,half_ppr,1,2,2,1,2,0,1,6,50,roster_plus_run,K,0.0
2021,12,15,half_ppr,1,2,2,1,2,0,1,6,50,roster_plus_next_turn,market_rank,9.787007475230217
2021,12,15,half_ppr,1,2,2,1,2,0,1,6,50,roster_plus_next_turn,starter_need,1.3701065168369366
2021,12,15,half_ppr,1,2,2,1,2,0,1,6,50,roster_plus_next_turn,roster_count,3.414298294287321
2021,12,15,half_ppr,1,2,2,1,2,0,1,6,50,roster_plus_next_turn,next_turn_demand,-0.055436959977673284
2021,12,15,half_ppr,1,2,2,1,2,0,1,6,50,roster_plus_next_turn,next_turn_competition,-1.7815072043039162
2021,12,15,half_ppr,1,2,2,1,2,0,1,6,50,roster_plus_next_turn,starter_need_late,0.2897815853014947
2021,12,15,half_ppr,1,2,2,1,2,0,1,6,50,roster_plus_next_turn,QB,-0.526540389317415
2021,12,15,half_ppr,1,2,2,1,2,0,1,6,50,roster_plus_next_turn,RB,0.4456819299974339
2021,12,15,half_ppr,1,2,2,1,2,0,1,6,50,roster_plus_next_turn,WR,0.44461788329834956
2021,12,15,half_ppr,1,2,2,1,2,0,1,6,50,roster_plus_next_turn,TE,-0.36375942398339656
2021,12,15,half_ppr,1,2,2,1,2,0,1,6,50,roster_plus_next_turn,K,0.0
2021,12,15,half_ppr,1,2,2,1,2,0,1,6,50,opponent_aware,market_rank,9.79451511344716
2021,12,15,half_ppr,1,2,2,1,2,0,1,6,50,opponent_aware,starter_need,1.4107545788470917
2021,12,15,half_ppr,1,2,2,1,2,0,1,6,50,opponent_aware,roster_count,3.2827472739186847
2021,12,15,half_ppr,1,2,2,1,2,0,1,6,50,opponent_aware,recent_position_run,0.5230669259986928
2021,12,15,half_ppr,1,2,2,1,2,0,1,6,50,opponent_aware,next_turn_demand,-0.06552399956937581
2021,12,15,half_ppr,1,2,2,1,2,0,1,6,50,opponent_aware,next_turn_competition,-1.7768405022883442
2021,12,15,half_ppr,1,2,2,1,2,0,1,6,50,opponent_aware,starter_need_late,0.23373671280890443
2021,12,15,half_ppr,1,2,2,1,2,0,1,6,50,opponent_aware,QB,-0.4465972489847245
2021,12,15,half_ppr,1,2,2,1,2,0,1,6,50,opponent_aware,RB,0.3804125992662607
2021,12,15,half_ppr,1,2,2,1,2,0,1,6,50,opponent_aware,WR,0.34936088982235547
2021,12,15,half_ppr,1,2,2,1,2,0,1,6,50,opponent_aware,TE,-0.283176240109799
2021,12,15,half_ppr,1,2,2,1,2,0,1,6,50,opponent_aware,K,0.0
2021,12,15,ppr,1,2,2,1,2,1,1,5,50,adp_only,market_rank,5.198051571848247
2021,12,15,ppr,1,2,2,1,2,1,1,5,50,position_baseline,market_rank,5.395654782966928
2021,12,15,ppr,1,2,2,1,2,1,1,5,50,position_baseline,QB,-0.23016440936450752
2021,12,15,ppr,1,2,2,1,2,1,1,5,50,position_baseline,RB,-0.15780063660680055
2021,12,15,ppr,1,2,2,1,2,1,1,5,50,position_baseline,WR,-0.11007769136749457
2021,12,15,ppr,1,2,2,1,2,1,1,5,50,position_baseline,TE,-0.11948276269581157
2021,12,15,ppr,1,2,2,1,2,1,1,5,50,position_baseline,K,0.6175255000343357
2021,12,15,ppr,1,2,2,1,2,1,1,5,50,roster_aware,market_rank,5.373123171764982
2021,12,15,ppr,1,2,2,1,2,1,1,5,50,roster_aware,starter_need,-1.719736237778071
2021,12,15,ppr,1,2,2,1,2,1,1,5,50,roster_aware,roster_count,2.937328634460195
2021,12,15,ppr,1,2,2,1,2,1,1,5,50,roster_aware,starter_need_late,5.077500940772635
2021,12,15,ppr,1,2,2,1,2,1,1,5,50,roster_aware,QB,0.07184432988731135
2021,12,15,ppr,1,2,2,1,2,1,1,5,50,roster_aware,RB,0.6034167686366346
2021,12,15,ppr,1,2,2,1,2,1,1,5,50,roster_aware,WR,0.6471351027763661
2021,12,15,ppr,1,2,2,1,2,1,1,5,50,roster_aware,TE,0.06865395060417842
2021,12,15,ppr,1,2,2,1,2,1,1,5,50,roster_aware,K,-1.391050151905483
2021,12,15,ppr,1,2,2,1,2,1,1,5,50,run_aware,market_rank,5.429098635893569
2021,12,15,ppr,1,2,2,1,2,1,1,5,50,run_aware,recent_position_run,0.9643554614617602
2021,12,15,ppr,1,2,2,1,2,1,1,5,50,run_aware,QB,-0.12577442797065705
2021,12,15,ppr,1,2,2,1,2,1,1,5,50,run_aware,RB,-0.2568739176824002
2021,12,15,ppr,1,2,2,1,2,1,1,5,50,run_aware,WR,-0.2639952171771898
2021,12,15,ppr,1,2,2,1,2,1,1,5,50,run_aware,TE,-0.012121465934235348
2021,12,15,ppr,1,2,2,1,2,1,1,5,50,run_aware,K,0.6587650287643728
2021,12,15,ppr,1,2,2,1,2,1,1,5,50,next_turn_aware,market_rank,5.398912669962329
2021,12,15,ppr,1,2,2,1,2,1,1,5,50,next_turn_aware,next_turn_demand,-0.7025267886738195
2021,12,15,ppr,1,2,2,1,2,1,1,5,50,next_turn_aware,next_turn_competition,-0.3021725615575442
2021,12,15,ppr,1,2,2,1,2,1,1,5,50,next_turn_aware,QB,-0.435639074349401
2021,12,15,ppr,1,2,2,1,2,1,1,5,50,next_turn_aware,RB,-0.28365521048486514
2021,12,15,ppr,1,2,2,1,2,1,1,5,50,next_turn_aware,WR,-0.23739091662423628
2021,12,15,ppr,1,2,2,1,2,1,1,5,50,next_turn_aware,TE,-0.16585086253909015
2021,12,15,ppr,1,2,2,1,2,1,1,5,50,next_turn_aware,K,1.122536063997601
2021,12,15,ppr,1,2,2,1,2,1,1,5,50,roster_plus_run,market_rank,5.4069139682707394
2021,12,15,ppr,1,2,2,1,2,1,1,5,50,roster_plus_run,starter_need,-1.5196077236568852
2021,12,15,ppr,1,2,2,1,2,1,1,5,50,roster_plus_run,roster_count,2.7108371004754894
2021,12,15,ppr,1,2,2,1,2,1,1,5,50,roster_plus_run,recent_position_run,0.8190173538584249
2021,12,15,ppr,1,2,2,1,2,1,1,5,50,roster_plus_run,starter_need_late,4.71965158509446
2021,12,15,ppr,1,2,2,1,2,1,1,5,50,roster_plus_run,QB,0.15594857978718338
2021,12,15,ppr,1,2,2,1,2,1,1,5,50,roster_plus_run,RB,0.48264340431739344
2021,12,15,ppr,1,2,2,1,2,1,1,5,50,roster_plus_run,WR,0.4830258612497796
2021,12,15,ppr,1,2,2,1,2,1,1,5,50,roster_plus_run,TE,0.15071296030006126
2021,12,15,ppr,1,2,2,1,2,1,1,5,50,roster_plus_run,K,-1.2723308056560894
2021,12,15,ppr,1,2,2,1,2,1,1,5,50,roster_plus_next_turn,market_rank,5.384341400365449
2021,12,15,ppr,1,2,2,1,2,1,1,5,50,roster_plus_next_turn,starter_need,-1.2749135833005685
2021,12,15,ppr,1,2,2,1,2,1,1,5,50,roster_plus_next_turn,roster_count,2.943647948934157
2021,12,15,ppr,1,2,2,1,2,1,1,5,50,roster_plus_next_turn,next_turn_demand,-0.8780503808840527
2021,12,15,ppr,1,2,2,1,2,1,1,5,50,roster_plus_next_turn,next_turn_competition,-0.3142263924934596
2021,12,15,ppr,1,2,2,1,2,1,1,5,50,roster_plus_next_turn,starter_need_late,4.408525594767513
2021,12,15,ppr,1,2,2,1,2,1,1,5,50,roster_plus_next_turn,QB,-0.18106436374462687
2021,12,15,ppr,1,2,2,1,2,1,1,5,50,roster_plus_next_turn,RB,0.43084503494910376
2021,12,15,ppr,1,2,2,1,2,1,1,5,50,roster_plus_next_turn,WR,0.4755002056100177
2021,12,15,ppr,1,2,2,1,2,1,1,5,50,roster_plus_next_turn,TE,-0.005959889764653161
2021,12,15,ppr,1,2,2,1,2,1,1,5,50,roster_plus_next_turn,K,-0.7193209870496343
2021,12,15,ppr,1,2,2,1,2,1,1,5,50,opponent_aware,market_rank,5.418519549005395
2021,12,15,ppr,1,2,2,1,2,1,1,5,50,opponent_aware,starter_need,-1.0922392881750382
2021,12,15,ppr,1,2,2,1,2,1,1,5,50,opponent_aware,roster_count,2.719286960963462
2021,12,15,ppr,1,2,2,1,2,1,1,5,50,opponent_aware,recent_position_run,0.8008630854236113
2021,12,15,ppr,1,2,2,1,2,1,1,5,50,opponent_aware,next_turn_demand,-0.8735672684887033
2021,12,15,ppr,1,2,2,1,2,1,1,5,50,opponent_aware,next_turn_competition,-0.29444316459908804
2021,12,15,ppr,1,2,2,1,2,1,1,5,50,opponent_aware,starter_need_late,4.086994067264896
2021,12,15,ppr,1,2,2,1,2,1,1,5,50,opponent_aware,QB,-0.08849512279459433
2021,12,15,ppr,1,2,2,1,2,1,1,5,50,opponent_aware,RB,0.31824775902752944
2021,12,15,ppr,1,2,2,1,2,1,1,5,50,opponent_aware,WR,0.3208376003345265
2021,12,15,ppr,1,2,2,1,2,1,1,5,50,opponent_aware,TE,0.07701120061909225
2021,12,15,ppr,1,2,2,1,2,1,1,5,50,opponent_aware,K,-0.6276014371869764
2021,12,16,ppr,1,2,2,1,2,1,1,6,50,adp_only,market_rank,4.511336986625112
2021,12,16,ppr,1,2,2,1,2,1,1,6,50,position_baseline,market_rank,4.692663234438181
2021,12,16,ppr,1,2,2,1,2,1,1,6,50,position_baseline,QB,-0.12767255766082772
2021,12,16,ppr,1,2,2,1,2,1,1,6,50,position_baseline,RB,-0.2180520435884167
2021,12,16,ppr,1,2,2,1,2,1,1,6,50,position_baseline,WR,-0.06512020184086889
2021,12,16,ppr,1,2,2,1,2,1,1,6,50,position_baseline,TE,-0.08840019998226406
2021,12,16,ppr,1,2,2,1,2,1,1,6,50,position_baseline,K,0.49924500307222774
2021,12,16,ppr,1,2,2,1,2,1,1,6,50,roster_aware,market_rank,4.641166420161329
2021,12,16,ppr,1,2,2,1,2,1,1,6,50,roster_aware,starter_need,-1.0616812670379048
2021,12,16,ppr,1,2,2,1,2,1,1,6,50,roster_aware,roster_count,4.233851543847959
2021,12,16,ppr,1,2,2,1,2,1,1,6,50,roster_aware,starter_need_late,4.542558405969792
2021,12,16,ppr,1,2,2,1,2,1,1,6,50,roster_aware,QB,0.17577678245664227
2021,12,16,ppr,1,2,2,1,2,1,1,6,50,roster_aware,RB,0.695329531045163
2021,12,16,ppr,1,2,2,1,2,1,1,6,50,roster_aware,WR,0.8627413431566918
2021,12,16,ppr,1,2,2,1,2,1,1,6,50,roster_aware,TE,0.10514855716880746
2021,12,16,ppr,1,2,2,1,2,1,1,6,50,roster_aware,K,-1.8389962138292524
2021,12,16,ppr,1,2,2,1,2,1,1,6,50,run_aware,market_rank,4.722761849366988
2021,12,16,ppr,1,2,2,1,2,1,1,6,50,run_aware,recent_position_run,0.7581944640632583
2021,12,16,ppr,1,2,2,1,2,1,1,6,50,run_aware,QB,-0.04738971278857656
2021,12,16,ppr,1,2,2,1,2,1,1,6,50,run_aware,RB,-0.2965575578129746
2021,12,16,ppr,1,2,2,1,2,1,1,6,50,run_aware,WR,-0.1942177468582055
2021,12,16,ppr,1,2,2,1,2,1,1,6,50,run_aware,TE,-0.007785638790517582
2021,12,16,ppr,1,2,2,1,2,1,1,6,50,run_aware,K,0.5459506562500235
2021,12,16,ppr,1,2,2,1,2,1,1,6,50,next_turn_aware,market_rank,4.715536097045777
2021,12,16,ppr,1,2,2,1,2,1,1,6,50,next_turn_aware,next_turn_demand,-0.8799145923230275
2021,12,16,ppr,1,2,2,1,2,1,1,6,50,next_turn_aware,next_turn_competition,-0.10559702548085564
2021,12,16,ppr,1,2,2,1,2,1,1,6,50,next_turn_aware,QB,-0.32260737488084357
2021,12,16,ppr,1,2,2,1,2,1,1,6,50,next_turn_aware,RB,-0.3414559801101957
2021,12,16,ppr,1,2,2,1,2,1,1,6,50,next_turn_aware,WR,-0.18442745424354762
2021,12,16,ppr,1,2,2,1,2,1,1,6,50,next_turn_aware,TE,-0.1385027440738917
2021,12,16,ppr,1,2,2,1,2,1,1,6,50,next_turn_aware,K,0.986993553307935
2021,12,16,ppr,1,2,2,1,2,1,1,6,50,roster_plus_run,market_rank,4.66663763589004
2021,12,16,ppr,1,2,2,1,2,1,1,6,50,roster_plus_run,starter_need,-0.912393362234036
2021,12,16,ppr,1,2,2,1,2,1,1,6,50,roster_plus_run,roster_count,4.056479355863652
2021,12,16,ppr,1,2,2,1,2,1,1,6,50,roster_plus_run,recent_position_run,0.6255991252287378
2021,12,16,ppr,1,2,2,1,2,1,1,6,50,roster_plus_run,starter_need_late,4.281027175430069
2021,12,16,ppr,1,2,2,1,2,1,1,6,50,roster_plus_run,QB,0.23664376798753547
2021,12,16,ppr,1,2,2,1,2,1,1,6,50,roster_plus_run,RB,0.6049235772511319
2021,12,16,ppr,1,2,2,1,2,1,1,6,50,roster_plus_run,WR,0.7333155800896368
2021,12,16,ppr,1,2,2,1,2,1,1,6,50,roster_plus_run,TE,0.16448153925340278
2021,12,16,ppr,1,2,2,1,2,1,1,6,50,roster_plus_run,K,-1.7393644645846325
2021,12,16,ppr,1,2,2,1,2,1,1,6,50,roster_plus_next_turn,market_rank,4.673753972644345
2021,12,16,ppr,1,2,2,1,2,1,1,6,50,roster_plus_next_turn,starter_need,-0.5243519075761568
2021,12,16,ppr,1,2,2,1,2,1,1,6,50,roster_plus_next_turn,roster_count,4.248535021371564
2021,12,16,ppr,1,2,2,1,2,1,1,6,50,roster_plus_next_turn,next_turn_demand,-1.1061351801673702
2021,12,16,ppr,1,2,2,1,2,1,1,6,50,roster_plus_next_turn,next_turn_competition,-0.15790291679592447
2021,12,16,ppr,1,2,2,1,2,1,1,6,50,roster_plus_next_turn,starter_need_late,3.669157821740662
2021,12,16,ppr,1,2,2,1,2,1,1,6,50,roster_plus_next_turn,QB,-0.0946434798369382
2021,12,16,ppr,1,2,2,1,2,1,1,6,50,roster_plus_next_turn,RB,0.5027255174842531
2021,12,16,ppr,1,2,2,1,2,1,1,6,50,roster_plus_next_turn,WR,0.6784154494766201
2021,12,16,ppr,1,2,2,1,2,1,1,6,50,roster_plus_next_turn,TE,0.008063436492548716
2021,12,16,ppr,1,2,2,1,2,1,1,6,50,roster_plus_next_turn,K,-1.0945609236188756
2021,12,16,ppr,1,2,2,1,2,1,1,6,50,opponent_aware,market_rank,4.697574252288291
2021,12,16,ppr,1,2,2,1,2,1,1,6,50,opponent_aware,starter_need,-0.3936557169967678
2021,12,16,ppr,1,2,2,1,2,1,1,6,50,opponent_aware,roster_count,4.077401547707123
2021,12,16,ppr,1,2,2,1,2,1,1,6,50,opponent_aware,recent_position_run,0.6051854468051442
2021,12,16,ppr,1,2,2,1,2,1,1,6,50,opponent_aware,next_turn_demand,-1.1060202941144812
2021,12,16,ppr,1,2,2,1,2,1,1,6,50,opponent_aware,next_turn_competition,-0.1357286896552184
2021,12,16,ppr,1,2,2,1,2,1,1,6,50,opponent_aware,starter_need_late,3.4430921683366336
2021,12,16,ppr,1,2,2,1,2,1,1,6,50,opponent_aware,QB,-0.02884773233985093
2021,12,16,ppr,1,2,2,1,2,1,1,6,50,opponent_aware,RB,0.4205939586688946
2021,12,16,ppr,1,2,2,1,2,1,1,6,50,opponent_aware,WR,0.5581599220653701
2021,12,16,ppr,1,2,2,1,2,1,1,6,50,opponent_aware,TE,0.0678676947407711
2021,12,16,ppr,1,2,2,1,2,1,1,6,50,opponent_aware,K,-1.0177738431371117
2022,10,15,ppr,1,2,2,1,2,1,1,5,50,adp_only,market_rank,9.890852706851867
2022,10,15,ppr,1,2,2,1,2,1,1,5,50,position_baseline,market_rank,10.041500213849874
2022,10,15,ppr,1,2,2,1,2,1,1,5,50,position_baseline,QB,-0.33617930734390955
2022,10,15,ppr,1,2,2,1,2,1,1,5,50,position_baseline,RB,-0.00464568124054851
2022,10,15,ppr,1,2,2,1,2,1,1,5,50,position_baseline,WR,-0.07203219807048394
2022,10,15,ppr,1,2,2,1,2,1,1,5,50,position_baseline,TE,-0.15856133863247962
2022,10,15,ppr,1,2,2,1,2,1,1,5,50,position_baseline,K,0.5714185252875262
2022,10,15,ppr,1,2,2,1,2,1,1,5,50,roster_aware,market_rank,9.959834283048748
2022,10,15,ppr,1,2,2,1,2,1,1,5,50,roster_aware,starter_need,-1.75044684521364
2022,10,15,ppr,1,2,2,1,2,1,1,5,50,roster_aware,roster_count,3.4047789782367928
2022,10,15,ppr,1,2,2,1,2,1,1,5,50,roster_aware,starter_need_late,5.284417113964877
2022,10,15,ppr,1,2,2,1,2,1,1,5,50,roster_aware,QB,0.01832605864882314
2022,10,15,ppr,1,2,2,1,2,1,1,5,50,roster_aware,RB,0.9046622233060556
2022,10,15,ppr,1,2,2,1,2,1,1,5,50,roster_aware,WR,0.8615632005656307
2022,10,15,ppr,1,2,2,1,2,1,1,5,50,roster_aware,TE,0.08857759080601076
2022,10,15,ppr,1,2,2,1,2,1,1,5,50,roster_aware,K,-1.8731290733257233
2022,10,15,ppr,1,2,2,1,2,1,1,5,50,run_aware,market_rank,10.094508399232236
2022,10,15,ppr,1,2,2,1,2,1,1,5,50,run_aware,recent_position_run,0.7644756172544228
2022,10,15,ppr,1,2,2,1,2,1,1,5,50,run_aware,QB,-0.24814033580050107
2022,10,15,ppr,1,2,2,1,2,1,1,5,50,run_aware,RB,-0.09885773611048855
2022,10,15,ppr,1,2,2,1,2,1,1,5,50,run_aware,WR,-0.20653527033061042
2022,10,15,ppr,1,2,2,1,2,1,1,5,50,run_aware,TE,-0.05907030978450275
2022,10,15,ppr,1,2,2,1,2,1,1,5,50,run_aware,K,0.6126036520261681
2022,10,15,ppr,1,2,2,1,2,1,1,5,50,next_turn_aware,market_rank,10.224386777265961
2022,10,15,ppr,1,2,2,1,2,1,1,5,50,next_turn_aware,next_turn_demand,-1.1895905876131279
2022,10,15,ppr,1,2,2,1,2,1,1,5,50,next_turn_aware,next_turn_competition,-0.652052669872268
2022,10,15,ppr,1,2,2,1,2,1,1,5,50,next_turn_aware,QB,-0.7033680193383657
2022,10,15,ppr,1,2,2,1,2,1,1,5,50,next_turn_aware,RB,-0.2509613040471163
2022,10,15,ppr,1,2,2,1,2,1,1,5,50,next_turn_aware,WR,-0.3053718368065705
2022,10,15,ppr,1,2,2,1,2,1,1,5,50,next_turn_aware,TE,-0.2645020475136575
2022,10,15,ppr,1,2,2,1,2,1,1,5,50,next_turn_aware,K,1.5242032077058076
2022,10,15,ppr,1,2,2,1,2,1,1,5,50,roster_plus_run,market_rank,10.00858139527943
2022,10,15,ppr,1,2,2,1,2,1,1,5,50,roster_plus_run,starter_need,-1.5283827932099223
2022,10,15,ppr,1,2,2,1,2,1,1,5,50,roster_plus_run,roster_count,3.3640753274580515
2022,10,15,ppr,1,2,2,1,2,1,1,5,50,roster_plus_run,recent_position_run,0.630498832128943
2022,10,15,ppr,1,2,2,1,2,1,1,5,50,roster_plus_run,starter_need_late,4.874542682883393
2022,10,15,ppr,1,2,2,1,2,1,1,5,50,roster_plus_run,QB,0.07410866583348213
2022,10,15,ppr,1,2,2,1,2,1,1,5,50,roster_plus_run,RB,0.8034319553225027
2022,10,15,ppr,1,2,2,1,2,1,1,5,50,roster_plus_run,WR,0.7282256587135132
2022,10,15,ppr,1,2,2,1,2,1,1,5,50,roster_plus_run,TE,0.15342195537030542
2022,10,15,ppr,1,2,2,1,2,1,1,5,50,roster_plus_run,K,-1.759188235239936
2022,10,15,ppr,1,2,2,1,2,1,1,5,50,roster_plus_next_turn,market_rank,10.15892165924627
2022,10,15,ppr,1,2,2,1,2,1,1,5,50,roster_plus_next_turn,starter_need,-0.971277384045268
2022,10,15,ppr,1,2,2,1,2,1,1,5,50,roster_plus_next_turn,roster_count,3.562897765400545
2022,10,15,ppr,1,2,2,1,2,1,1,5,50,roster_plus_next_turn,next_turn_demand,-1.3052925986133723
2022,10,15,ppr,1,2,2,1,2,1,1,5,50,roster_plus_next_turn,next_turn_competition,-0.6686412353348912
2022,10,15,ppr,1,2,2,1,2,1,1,5,50,roster_plus_next_turn,starter_need_late,3.9455731594919023
2022,10,15,ppr,1,2,2,1,2,1,1,5,50,roster_plus_next_turn,QB,-0.4304834373848219
2022,10,15,ppr,1,2,2,1,2,1,1,5,50,roster_plus_next_turn,RB,0.5873308988704278
2022,10,15,ppr,1,2,2,1,2,1,1,5,50,roster_plus_next_turn,WR,0.5632784765921613
2022,10,15,ppr,1,2,2,1,2,1,1,5,50,roster_plus_next_turn,TE,-0.08012805712854214
2022,10,15,ppr,1,2,2,1,2,1,1,5,50,roster_plus_next_turn,K,-0.6399978809487218
2022,10,15,ppr,1,2,2,1,2,1,1,5,50,opponent_aware,market_rank,10.194488823669028
2022,10,15,ppr,1,2,2,1,2,1,1,5,50,opponent_aware,starter_need,-0.8150571204730451
2022,10,15,ppr,1,2,2,1,2,1,1,5,50,opponent_aware,roster_count,3.5266881615135377
2022,10,15,ppr,1,2,2,1,2,1,1,5,50,opponent_aware,recent_position_run,0.5218365547363021
2022,10,15,ppr,1,2,2,1,2,1,1,5,50,opponent_aware,next_turn_demand,-1.2908867081678888
2022,10,15,ppr,1,2,2,1,2,1,1,5,50,opponent_aware,next_turn_competition,-0.632423678892872
2022,10,15,ppr,1,2,2,1,2,1,1,5,50,opponent_aware,starter_need_late,3.6633159492857166
2022,10,15,ppr,1,2,2,1,2,1,1,5,50,opponent_aware,QB,-0.36898157181499286
2022,10,15,ppr,1,2,2,1,2,1,1,5,50,opponent_aware,RB,0.5149179562933143
2022,10,15,ppr,1,2,2,1,2,1,1,5,50,opponent_aware,WR,0.4644278353766674
2022,10,15,ppr,1,2,2,1,2,1,1,5,50,opponent_aware,TE,-0.019077923502765045
2022,10,15,ppr,1,2,2,1,2,1,1,5,50,opponent_aware,K,-0.5912862963522746
2022,10,15,ppr,1,2,2,1,2,1,1,5,150,adp_only,market_rank,9.718306694771515
2022,10,15,ppr,1,2,2,1,2,1,1,5,150,position_baseline,market_rank,9.907339204628228
2022,10,15,ppr,1,2,2,1,2,1,1,5,150,position_baseline,QB,-0.3653249421792189
2022,10,15,ppr,1,2,2,1,2,1,1,5,150,position_baseline,RB,-0.019865328708262537
2022,10,15,ppr,1,2,2,1,2,1,1,5,150,position_baseline,WR,-0.006638441930748779
2022,10,15,ppr,1,2,2,1,2,1,1,5,150,position_baseline,TE,-0.15085239066949993
2022,10,15,ppr,1,2,2,1,2,1,1,5,150,position_baseline,K,0.5426811034748916
2022,10,15,ppr,1,2,2,1,2,1,1,5,150,roster_aware,market_rank,9.776824949397408
2022,10,15,ppr,1,2,2,1,2,1,1,5,150,roster_aware,starter_need,-2.0334151499396893
2022,10,15,ppr,1,2,2,1,2,1,1,5,150,roster_aware,roster_count,3.42127910951532
2022,10,15,ppr,1,2,2,1,2,1,1,5,150,roster_aware,starter_need_late,5.7522416806874075
2022,10,15,ppr,1,2,2,1,2,1,1,5,150,roster_aware,QB,-0.01911061480714938
2022,10,15,ppr,1,2,2,1,2,1,1,5,150,roster_aware,RB,0.8864232754201345
2022,10,15,ppr,1,2,2,1,2,1,1,5,150,roster_aware,WR,0.9196435097432551
2022,10,15,ppr,1,2,2,1,2,1,1,5,150,roster_aware,TE,0.1241321396479012
2022,10,15,ppr,1,2,2,1,2,1,1,5,150,roster_aware,K,-1.911088310010304
2022,10,15,ppr,1,2,2,1,2,1,1,5,150,run_aware,market_rank,9.968815143822352
2022,10,15,ppr,1,2,2,1,2,1,1,5,150,run_aware,recent_position_run,0.8199980798721305
2022,10,15,ppr,1,2,2,1,2,1,1,5,150,run_aware,QB,-0.27367534496843376
2022,10,15,ppr,1,2,2,1,2,1,1,5,150,run_aware,RB,-0.11402944075991399
2022,10,15,ppr,1,2,2,1,2,1,1,5,150,run_aware,WR,-0.14182580672186978
2022,10,15,ppr,1,2,2,1,2,1,1,5,150,run_aware,TE,-0.04365391650639317
2022,10,15,ppr,1,2,2,1,2,1,1,5,150,run_aware,K,0.5731845089459904
2022,10,15,ppr,1,2,2,1,2,1,1,5,150,next_turn_aware,market_rank,10.076218534651053
2022,10,15,ppr,1,2,2,1,2,1,1,5,150,next_turn_aware,next_turn_demand,-1.1684921769404375
2022,10,15,ppr,1,2,2,1,2,1,1,5,150,next_turn_aware,next_turn_competition,-0.666497985328979
2022,10,15,ppr,1,2,2,1,2,1,1,5,150,next_turn_aware,QB,-0.7221317090014168
2022,10,15,ppr,1,2,2,1,2,1,1,5,150,next_turn_aware,RB,-0.24546188932856278
2022,10,15,ppr,1,2,2,1,2,1,1,5,150,next_turn_aware,WR,-0.22172902919153806
2022,10,15,ppr,1,2,2,1,2,1,1,5,150,next_turn_aware,TE,-0.2490529096838933
2022,10,15,ppr,1,2,2,1,2,1,1,5,150,next_turn_aware,K,1.4383755372003537
2022,10,15,ppr,1,2,2,1,2,1,1,5,150,roster_plus_run,market_rank,9.834775592018154
2022,10,15,ppr,1,2,2,1,2,1,1,5,150,roster_plus_run,starter_need,-1.772042944795407
2022,10,15,ppr,1,2,2,1,2,1,1,5,150,roster_plus_run,roster_count,3.3132947328424986
2022,10,15,ppr,1,2,2,1,2,1,1,5,150,roster_plus_run,recent_position_run,0.6800352140731822
2022,10,15,ppr,1,2,2,1,2,1,1,5,150,roster_plus_run,starter_need_late,5.2892349044752835
2022,10,15,ppr,1,2,2,1,2,1,1,5,150,roster_plus_run,QB,0.042524339254105266
2022,10,15,ppr,1,2,2,1,2,1,1,5,150,roster_plus_run,RB,0.7767051586212977
2022,10,15,ppr,1,2,2,1,2,1,1,5,150,roster_plus_run,WR,0.776015415488733
2022,10,15,ppr,1,2,2,1,2,1,1,5,150,roster_plus_run,TE,0.19459551545697557
2022,10,15,ppr,1,2,2,1,2,1,1,5,150,roster_plus_run,K,-1.789840428824993
2022,10,15,ppr,1,2,2,1,2,1,1,5,150,roster_plus_next_turn,market_rank,9.958326343553756
2022,10,15,ppr,1,2,2,1,2,1,1,5,150,roster_plus_next_turn,starter_need,-1.2056526035311872
2022,10,15,ppr,1,2,2,1,2,1,1,5,150,roster_plus_next_turn,roster_count,3.5201642200703946
2022,10,15,ppr,1,2,2,1,2,1,1,5,150,roster_plus_next_turn,next_turn_demand,-1.325726688223827
2022,10,15,ppr,1,2,2,1,2,1,1,5,150,roster_plus_next_turn,next_turn_competition,-0.6978313477467796
2022,10,15,ppr,1,2,2,1,2,1,1,5,150,roster_plus_next_turn,starter_need_late,4.353667594908382
2022,10,15,ppr,1,2,2,1,2,1,1,5,150,roster_plus_next_turn,QB,-0.4681874456474783
2022,10,15,ppr,1,2,2,1,2,1,1,5,150,roster_plus_next_turn,RB,0.5739443495913176
2022,10,15,ppr,1,2,2,1,2,1,1,5,150,roster_plus_next_turn,WR,0.6221034624022245
2022,10,15,ppr,1,2,2,1,2,1,1,5,150,roster_plus_next_turn,TE,-0.047708422133844214
2022,10,15,ppr,1,2,2,1,2,1,1,5,150,roster_plus_next_turn,K,-0.6801519442309308
2022,10,15,ppr,1,2,2,1,2,1,1,5,150,opponent_aware,market_rank,10.003727146415802
2022,10,15,ppr,1,2,2,1,2,1,1,5,150,opponent_aware,starter_need,-1.0299650943750382
2022,10,15,ppr,1,2,2,1,2,1,1,5,150,opponent_aware,roster_count,3.431349464035772
2022,10,15,ppr,1,2,2,1,2,1,1,5,150,opponent_aware,recent_position_run,0.5735357502259755
2022,10,15,ppr,1,2,2,1,2,1,1,5,150,opponent_aware,next_turn_demand,-1.3188784677056635
2022,10,15,ppr,1,2,2,1,2,1,1,5,150,opponent_aware,next_turn_competition,-0.6521256559491566
2022,10,15,ppr,1,2,2,1,2,1,1,5,150,opponent_aware,starter_need_late,4.053936250968673
2022,10,15,ppr,1,2,2,1,2,1,1,5,150,opponent_aware,QB,-0.39908889510428774
2022,10,15,ppr,1,2,2,1,2,1,1,5,150,opponent_aware,RB,0.4952361728081396
2022,10,15,ppr,1,2,2,1,2,1,1,5,150,opponent_aware,WR,0.5152366985203365
2022,10,15,ppr,1,2,2,1,2,1,1,5,150,opponent_aware,TE,0.020012032257591725
2022,10,15,ppr,1,2,2,1,2,1,1,5,150,opponent_aware,K,-0.63139600849995
2022,10,15,ppr,1,2,2,1,3,0,0,6,50,adp_only,market_rank,10.960649078068746
2022,10,15,ppr,1,2,2,1,3,0,0,6,50,position_baseline,market_rank,11.033946055036187
2022,10,15,ppr,1,2,2,1,3,0,0,6,50,position_baseline,QB,-0.22136261539744445
2022,10,15,ppr,1,2,2,1,3,0,0,6,50,position_baseline,RB,0.10232051751804479
2022,10,15,ppr,1,2,2,1,3,0,0,6,50,position_baseline,WR,0.15026875300166115
2022,10,15,ppr,1,2,2,1,3,0,0,6,50,position_baseline,TE,-0.031226655122855464
2022,10,15,ppr,1,2,2,1,3,0,0,6,50,position_baseline,K,0.0
2022,10,15,ppr,1,2,2,1,3,0,0,6,50,roster_aware,market_rank,10.977925396752692
2022,10,15,ppr,1,2,2,1,3,0,0,6,50,roster_aware,starter_need,1.188730831393701
2022,10,15,ppr,1,2,2,1,3,0,0,6,50,roster_aware,roster_count,2.6585599437068255
2022,10,15,ppr,1,2,2,1,3,0,0,6,50,roster_aware,starter_need_late,0.24911591067398134
2022,10,15,ppr,1,2,2,1,3,0,0,6,50,roster_aware,QB,-0.49288626379134304
2022,10,15,ppr,1,2,2,1,3,0,0,6,50,roster_aware,RB,0.37878880678237303
2022,10,15,ppr,1,2,2,1,3,0,0,6,50,roster_aware,WR,0.4572170378212922
2022,10,15,ppr,1,2,2,1,3,0,0,6,50,roster_aware,TE,-0.34311958081327076
2022,10,15,ppr,1,2,2,1,3,0,0,6,50,roster_aware,K,0.0
2022,10,15,ppr,1,2,2,1,3,0,0,6,50,run_aware,market_rank,11.067396628599807
2022,10,15,ppr,1,2,2,1,3,0,0,6,50,run_aware,recent_position_run,0.49869136988047813
2022,10,15,ppr,1,2,2,1,3,0,0,6,50,run_aware,QB,-0.14888895251502102
2022,10,15,ppr,1,2,2,1,3,0,0,6,50,run_aware,RB,0.040010007418390225
2022,10,15,ppr,1,2,2,1,3,0,0,6,50,run_aware,WR,0.05661578281472247
2022,10,15,ppr,1,2,2,1,3,0,0,6,50,run_aware,TE,0.05226316228184488
2022,10,15,ppr,1,2,2,1,3,0,0,6,50,run_aware,K,0.0
2022,10,15,ppr,1,2,2,1,3,0,0,6,50,next_turn_aware,market_rank,11.13339804434613
2022,10,15,ppr,1,2,2,1,3,0,0,6,50,next_turn_aware,next_turn_demand,0.14687462507010254
2022,10,15,ppr,1,2,2,1,3,0,0,6,50,next_turn_aware,next_turn_competition,-1.5864799107083116
2022,10,15,ppr,1,2,2,1,3,0,0,6,50,next_turn_aware,QB,-0.2737462133628111
2022,10,15,ppr,1,2,2,1,3,0,0,6,50,next_turn_aware,RB,0.08697675741428851
2022,10,15,ppr,1,2,2,1,3,0,0,6,50,next_turn_aware,WR,0.13922282898644173
2022,10,15,ppr,1,2,2,1,3,0,0,6,50,next_turn_aware,TE,0.047546626960983863
2022,10,15,ppr,1,2,2,1,3,0,0,6,50,next_turn_aware,K,0.0
2022,10,15,ppr,1,2,2,1,3,0,0,6,50,roster_plus_run,market_rank,11.008522693316266
2022,10,15,ppr,1,2,2,1,3,0,0,6,50,roster_plus_run,starter_need,1.2014625108236543
2022,10,15,ppr,1,2,2,1,3,0,0,6,50,roster_plus_run,roster_count,2.670587852658487
2022,10,15,ppr,1,2,2,1,3,0,0,6,50,roster_plus_run,recent_position_run,0.46668826955958936
2022,10,15,ppr,1,2,2,1,3,0,0,6,50,roster_plus_run,starter_need_late,0.19888884036481067
2022,10,15,ppr,1,2,2,1,3,0,0,6,50,roster_plus_run,QB,-0.42736814877598145
2022,10,15,ppr,1,2,2,1,3,0,0,6,50,roster_plus_run,RB,0.3219232543806458
2022,10,15,ppr,1,2,2,1,3,0,0,6,50,roster_plus_run,WR,0.37151641594831364
2022,10,15,ppr,1,2,2,1,3,0,0,6,50,roster_plus_run,TE,-0.26607152154945474
2022,10,15,ppr,1,2,2,1,3,0,0,6,50,roster_plus_run,K,0.0
2022,10,15,ppr,1,2,2,1,3,0,0,6,50,roster_plus_next_turn,market_rank,11.095820412756593
2022,10,15,ppr,1,2,2,1,3,0,0,6,50,roster_plus_next_turn,starter_need,1.2834796181219081
2022,10,15,ppr,1,2,2,1,3,0,0,6,50,roster_plus_next_turn,roster_count,2.7746034339270436
2022,10,15,ppr,1,2,2,1,3,0,0,6,50,roster_plus_next_turn,next_turn_demand,-0.007565802425365924
2022,10,15,ppr,1,2,2,1,3,0,0,6,50,roster_plus_next_turn,next_turn_competition,-1.8711063035607836
2022,10,15,ppr,1,2,2,1,3,0,0,6,50,roster_plus_next_turn,starter_need_late,0.191899921056408
2022,10,15,ppr,1,2,2,1,3,0,0,6,50,roster_plus_next_turn,QB,-0.576656337713174
2022,10,15,ppr,1,2,2,1,3,0,0,6,50,roster_plus_next_turn,RB,0.36964817683383
2022,10,15,ppr,1,2,2,1,3,0,0,6,50,roster_plus_next_turn,WR,0.454302771206958
2022,10,15,ppr,1,2,2,1,3,0,0,6,50,roster_plus_next_turn,TE,-0.2472946103279559
2022,10,15,ppr,1,2,2,1,3,0,0,6,50,roster_plus_next_turn,K,0.0
2022,10,15,ppr,1,2,2,1,3,0,0,6,50,opponent_aware,market_rank,11.13180282356512
2022,10,15,ppr,1,2,2,1,3,0,0,6,50,opponent_aware,starter_need,1.2948636674551124
2022,10,15,ppr,1,2,2,1,3,0,0,6,50,opponent_aware,roster_count,2.7850063243202094
2022,10,15,ppr,1,2,2,1,3,0,0,6,50,opponent_aware,recent_position_run,0.4860069329907625
2022,10,15,ppr,1,2,2,1,3,0,0,6,50,opponent_aware,next_turn_demand,-0.031890143913901464
2022,10,15,ppr,1,2,2,1,3,0,0,6,50,opponent_aware,next_turn_competition,-1.8683363196976903
2022,10,15,ppr,1,2,2,1,3,0,0,6,50,opponent_aware,starter_need_late,0.14170460372513266
2022,10,15,ppr,1,2,2,1,3,0,0,6,50,opponent_aware,QB,-0.5084775731041792
2022,10,15,ppr,1,2,2,1,3,0,0,6,50,opponent_aware,RB,0.30933168570143144
2022,10,15,ppr,1,2,2,1,3,0,0,6,50,opponent_aware,WR,0.3647037658173935
2022,10,15,ppr,1,2,2,1,3,0,0,6,50,opponent_aware,TE,-0.1655578784179261
2022,10,15,ppr,1,2,2,1,3,0,0,6,50,opponent_aware,K,0.0
2022,12,14,ppr,1,2,2,1,2,0,0,6,50,adp_only,market_rank,8.316090662292629
2022,12,14,ppr,1,2,2,1,2,0,0,6,50,position_baseline,market_rank,8.305662710872559
2022,12,14,ppr,1,2,2,1,2,0,0,6,50,position_baseline,QB,-0.1806391467993918
2022,12,14,ppr,1,2,2,1,2,0,0,6,50,position_baseline,RB,0.07644205344371208
2022,12,14,ppr,1,2,2,1,2,0,0,6,50,position_baseline,WR,0.0745245938356109
2022,12,14,ppr,1,2,2,1,2,0,0,6,50,position_baseline,TE,0.029672499520755874
2022,12,14,ppr,1,2,2,1,2,0,0,6,50,position_baseline,K,0.0
2022,12,14,ppr,1,2,2,1,2,0,0,6,50,roster_aware,market_rank,8.265316728368386
2022,12,14,ppr,1,2,2,1,2,0,0,6,50,roster_aware,starter_need,0.6053198321366129
2022,12,14,ppr,1,2,2,1,2,0,0,6,50,roster_aware,roster_count,2.3279995623276157
2022,12,14,ppr,1,2,2,1,2,0,0,6,50,roster_aware,starter_need_late,1.206570753858904
2022,12,14,ppr,1,2,2,1,2,0,0,6,50,roster_aware,QB,-0.4117391800731762
2022,12,14,ppr,1,2,2,1,2,0,0,6,50,roster_aware,RB,0.3239372201201225
2022,12,14,ppr,1,2,2,1,2,0,0,6,50,roster_aware,WR,0.37432863002783573
2022,12,14,ppr,1,2,2,1,2,0,0,6,50,roster_aware,TE,-0.28652667007407867
2022,12,14,ppr,1,2,2,1,2,0,0,6,50,roster_aware,K,0.0
2022,12,14,ppr,1,2,2,1,2,0,0,6,50,run_aware,market_rank,8.32616125176335
2022,12,14,ppr,1,2,2,1,2,0,0,6,50,run_aware,recent_position_run,0.33206232704116956
2022,12,14,ppr,1,2,2,1,2,0,0,6,50,run_aware,QB,-0.13481770271012192
2022,12,14,ppr,1,2,2,1,2,0,0,6,50,run_aware,RB,0.03908254925773044
2022,12,14,ppr,1,2,2,1,2,0,0,6,50,run_aware,WR,0.015388708827789166
2022,12,14,ppr,1,2,2,1,2,0,0,6,50,run_aware,TE,0.08034644462568007
2022,12,14,ppr,1,2,2,1,2,0,0,6,50,run_aware,K,0.0
2022,12,14,ppr,1,2,2,1,2,0,0,6,50,next_turn_aware,market_rank,8.355001785979228
2022,12,14,ppr,1,2,2,1,2,0,0,6,50,next_turn_aware,next_turn_demand,0.12236438888007597
2022,12,14,ppr,1,2,2,1,2,0,0,6,50,next_turn_aware,next_turn_competition,-1.1019040064918646
2022,12,14,ppr,1,2,2,1,2,0,0,6,50,next_turn_aware,QB,-0.2064703665149643
2022,12,14,ppr,1,2,2,1,2,0,0,6,50,next_turn_aware,RB,0.06104110785920957
2022,12,14,ppr,1,2,2,1,2,0,0,6,50,next_turn_aware,WR,0.04992962737268827
2022,12,14,ppr,1,2,2,1,2,0,0,6,50,next_turn_aware,TE,0.09549963128324471
2022,12,14,ppr,1,2,2,1,2,0,0,6,50,next_turn_aware,K,0.0
2022,12,14,ppr,1,2,2,1,2,0,0,6,50,roster_plus_run,market_rank,8.284708744043055
2022,12,14,ppr,1,2,2,1,2,0,0,6,50,roster_plus_run,starter_need,0.6180399484723225
2022,12,14,ppr,1,2,2,1,2,0,0,6,50,roster_plus_run,roster_count,2.329052660998951
2022,12,14,ppr,1,2,2,1,2,0,0,6,50,roster_plus_run,recent_position_run,0.3219935120887078
2022,12,14,ppr,1,2,2,1,2,0,0,6,50,roster_plus_run,starter_need_late,1.1758615894610571
2022,12,14,ppr,1,2,2,1,2,0,0,6,50,roster_plus_run,QB,-0.3679176682285825
2022,12,14,ppr,1,2,2,1,2,0,0,6,50,roster_plus_run,RB,0.28839817740620444
2022,12,14,ppr,1,2,2,1,2,0,0,6,50,roster_plus_run,WR,0.3176644641276442
2022,12,14,ppr,1,2,2,1,2,0,0,6,50,roster_plus_run,TE,-0.23814497330538165
2022,12,14,ppr,1,2,2,1,2,0,0,6,50,roster_plus_run,K,0.0
2022,12,14,ppr,1,2,2,1,2,0,0,6,50,roster_plus_next_turn,market_rank,8.329949235037088
2022,12,14,ppr,1,2,2,1,2,0,0,6,50,roster_plus_next_turn,starter_need,0.7177111786127331
2022,12,14,ppr,1,2,2,1,2,0,0,6,50,roster_plus_next_turn,roster_count,2.3866951279605
2022,12,14,ppr,1,2,2,1,2,0,0,6,50,roster_plus_next_turn,next_turn_demand,0.04185050604006215
2022,12,14,ppr,1,2,2,1,2,0,0,6,50,roster_plus_next_turn,next_turn_competition,-1.4626603599623036
2022,12,14,ppr,1,2,2,1,2,0,0,6,50,roster_plus_next_turn,starter_need_late,1.1190905889591918
2022,12,14,ppr,1,2,2,1,2,0,0,6,50,roster_plus_next_turn,QB,-0.46144318535058537
2022,12,14,ppr,1,2,2,1,2,0,0,6,50,roster_plus_next_turn,RB,0.30864101013065637
2022,12,14,ppr,1,2,2,1,2,0,0,6,50,roster_plus_next_turn,WR,0.3475778763449482
2022,12,14,ppr,1,2,2,1,2,0,0,6,50,roster_plus_next_turn,TE,-0.19477570112426273
2022,12,14,ppr,1,2,2,1,2,0,0,6,50,roster_plus_next_turn,K,0.0
2022,12,14,ppr,1,2,2,1,2,0,0,6,50,opponent_aware,market_rank,8.34988254614613
2022,12,14,ppr,1,2,2,1,2,0,0,6,50,opponent_aware,starter_need,0.7297977770623745
2022,12,14,ppr,1,2,2,1,2,0,0,6,50,opponent_aware,roster_count,2.3882182775468723
2022,12,14,ppr,1,2,2,1,2,0,0,6,50,opponent_aware,recent_position_run,0.3228011217194885
2022,12,14,ppr,1,2,2,1,2,0,0,6,50,opponent_aware,next_turn_demand,0.026122692055142914
2022,12,14,ppr,1,2,2,1,2,0,0,6,50,opponent_aware,next_turn_competition,-1.44952084301395
2022,12,14,ppr,1,2,2,1,2,0,0,6,50,opponent_aware,starter_need_late,1.0890432224924025
2022,12,14,ppr,1,2,2,1,2,0,0,6,50,opponent_aware,QB,-0.4174679915124912
2022,12,14,ppr,1,2,2,1,2,0,0,6,50,opponent_aware,RB,0.27262231986517305
2022,12,14,ppr,1,2,2,1,2,0,0,6,50,opponent_aware,WR,0.29079313588803346
2022,12,14,ppr,1,2,2,1,2,0,0,6,50,opponent_aware,TE,-0.1459474642401172
2022,12,14,ppr,1,2,2,1,2,0,0,6,50,opponent_aware,K,0.0
2022,12,15,ppr,1,2,2,1,2,1,1,5,50,adp_only,market_rank,7.977613528018181
2022,12,15,ppr,1,2,2,1,2,1,1,5,50,position_baseline,market_rank,8.135043829694649
2022,12,15,ppr,1,2,2,1,2,1,1,5,50,position_baseline,QB,-0.31135143288286393
2022,12,15,ppr,1,2,2,1,2,1,1,5,50,position_baseline,RB,-0.0412869267115093
2022,12,15,ppr,1,2,2,1,2,1,1,5,50,position_baseline,WR,-0.018070605246168873
2022,12,15,ppr,1,2,2,1,2,1,1,5,50,position_baseline,TE,-0.16973628284694214
2022,12,15,ppr,1,2,2,1,2,1,1,5,50,position_baseline,K,0.540445247684462
2022,12,15,ppr,1,2,2,1,2,1,1,5,50,roster_aware,market_rank,8.02749928644897
2022,12,15,ppr,1,2,2,1,2,1,1,5,50,roster_aware,starter_need,-1.5266677471711736
2022,12,15,ppr,1,2,2,1,2,1,1,5,50,roster_aware,roster_count,3.7647743601721877
2022,12,15,ppr,1,2,2,1,2,1,1,5,50,roster_aware,starter_need_late,4.7349784049368475
2022,12,15,ppr,1,2,2,1,2,1,1,5,50,roster_aware,QB,-0.03374645842443005
2022,12,15,ppr,1,2,2,1,2,1,1,5,50,roster_aware,RB,0.7888422283124589
2022,12,15,ppr,1,2,2,1,2,1,1,5,50,roster_aware,WR,0.8691916504831807
2022,12,15,ppr,1,2,2,1,2,1,1,5,50,roster_aware,TE,6.690728221226571e-07
2022,12,15,ppr,1,2,2,1,2,1,1,5,50,roster_aware,K,-1.624288089443807
2022,12,15,ppr,1,2,2,1,2,1,1,5,50,run_aware,market_rank,8.186066665795462
2022,12,15,ppr,1,2,2,1,2,1,1,5,50,run_aware,recent_position_run,0.7668528117354027
2022,12,15,ppr,1,2,2,1,2,1,1,5,50,run_aware,QB,-0.22784179292698734
2022,12,15,ppr,1,2,2,1,2,1,1,5,50,run_aware,RB,-0.12833398606237365
2022,12,15,ppr,1,2,2,1,2,1,1,5,50,run_aware,WR,-0.14355443967009468
2022,12,15,ppr,1,2,2,1,2,1,1,5,50,run_aware,TE,-0.07896450918374744
2022,12,15,ppr,1,2,2,1,2,1,1,5,50,run_aware,K,0.5786947278405791
2022,12,15,ppr,1,2,2,1,2,1,1,5,50,next_turn_aware,market_rank,8.232121198054216
2022,12,15,ppr,1,2,2,1,2,1,1,5,50,next_turn_aware,next_turn_demand,-0.89960402944282
2022,12,15,ppr,1,2,2,1,2,1,1,5,50,next_turn_aware,next_turn_competition,-0.6397489606930279
2022,12,15,ppr,1,2,2,1,2,1,1,5,50,next_turn_aware,QB,-0.6066584698276923
2022,12,15,ppr,1,2,2,1,2,1,1,5,50,next_turn_aware,RB,-0.23592163808877673
2022,12,15,ppr,1,2,2,1,2,1,1,5,50,next_turn_aware,WR,-0.22382886663354729
2022,12,15,ppr,1,2,2,1,2,1,1,5,50,next_turn_aware,TE,-0.25264104368064444
2022,12,15,ppr,1,2,2,1,2,1,1,5,50,next_turn_aware,K,1.3190500182288438
2022,12,15,ppr,1,2,2,1,2,1,1,5,50,roster_plus_run,market_rank,8.073439170859299
2022,12,15,ppr,1,2,2,1,2,1,1,5,50,roster_plus_run,starter_need,-1.358043364059205
2022,12,15,ppr,1,2,2,1,2,1,1,5,50,roster_plus_run,roster_count,3.6560514992269884
2022,12,15,ppr,1,2,2,1,2,1,1,5,50,roster_plus_run,recent_position_run,0.6268074377948476
2022,12,15,ppr,1,2,2,1,2,1,1,5,50,roster_plus_run,starter_need_late,4.426659340575926
2022,12,15,ppr,1,2,2,1,2,1,1,5,50,roster_plus_run,QB,0.024352596195087933
2022,12,15,ppr,1,2,2,1,2,1,1,5,50,roster_plus_run,RB,0.6952982900578966
2022,12,15,ppr,1,2,2,1,2,1,1,5,50,roster_plus_run,WR,0.7429508707165718
2022,12,15,ppr,1,2,2,1,2,1,1,5,50,roster_plus_run,TE,0.06273311631995221
2022,12,15,ppr,1,2,2,1,2,1,1,5,50,roster_plus_run,K,-1.5253348732903604
2022,12,15,ppr,1,2,2,1,2,1,1,5,50,roster_plus_next_turn,market_rank,8.13580807754416
2022,12,15,ppr,1,2,2,1,2,1,1,5,50,roster_plus_next_turn,starter_need,-0.8294571376110229
2022,12,15,ppr,1,2,2,1,2,1,1,5,50,roster_plus_next_turn,roster_count,3.813608508250902
2022,12,15,ppr,1,2,2,1,2,1,1,5,50,roster_plus_next_turn,next_turn_demand,-1.0471515679237695
2022,12,15,ppr,1,2,2,1,2,1,1,5,50,roster_plus_next_turn,next_turn_competition,-0.671755377040594
2022,12,15,ppr,1,2,2,1,2,1,1,5,50,roster_plus_next_turn,starter_need_late,3.5970021643369354
2022,12,15,ppr,1,2,2,1,2,1,1,5,50,roster_plus_next_turn,QB,-0.3980135118266112
2022,12,15,ppr,1,2,2,1,2,1,1,5,50,roster_plus_next_turn,RB,0.528759375866394
2022,12,15,ppr,1,2,2,1,2,1,1,5,50,roster_plus_next_turn,WR,0.5989742213349234
2022,12,15,ppr,1,2,2,1,2,1,1,5,50,roster_plus_next_turn,TE,-0.1320945881049381
2022,12,15,ppr,1,2,2,1,2,1,1,5,50,roster_plus_next_turn,K,-0.5976254972713748
2022,12,15,ppr,1,2,2,1,2,1,1,5,50,opponent_aware,market_rank,8.175314828292398
2022,12,15,ppr,1,2,2,1,2,1,1,5,50,opponent_aware,starter_need,-0.7056699755902534
2022,12,15,ppr,1,2,2,1,2,1,1,5,50,opponent_aware,roster_count,3.7208477600112206
2022,12,15,ppr,1,2,2,1,2,1,1,5,50,opponent_aware,recent_position_run,0.5616318659402086
2022,12,15,ppr,1,2,2,1,2,1,1,5,50,opponent_aware,next_turn_demand,-1.0221377279007762
2022,12,15,ppr,1,2,2,1,2,1,1,5,50,opponent_aware,next_turn_competition,-0.6544906117632387
2022,12,15,ppr,1,2,2,1,2,1,1,5,50,opponent_aware,starter_need_late,3.3706420356416245
2022,12,15,ppr,1,2,2,1,2,1,1,5,50,opponent_aware,QB,-0.33284020082642113
2022,12,15,ppr,1,2,2,1,2,1,1,5,50,opponent_aware,RB,0.4533388224377207
2022,12,15,ppr,1,2,2,1,2,1,1,5,50,opponent_aware,WR,0.49528776118322065
2022,12,15,ppr,1,2,2,1,2,1,1,5,50,opponent_aware,TE,-0.07014161482033478
2022,12,15,ppr,1,2,2,1,2,1,1,5,50,opponent_aware,K,-0.5456447679758331
2022,12,15,ppr,1,2,2,1,2,1,1,5,150,adp_only,market_rank,7.395583874327507
2022,12,15,ppr,1,2,2,1,2,1,1,5,150,position_baseline,market_rank,7.544496709059726
2022,12,15,ppr,1,2,2,1,2,1,1,5,150,position_baseline,QB,-0.3141844807931717
2022,12,15,ppr,1,2,2,1,2,1,1,5,150,position_baseline,RB,-0.0005282342026357807
2022,12,15,ppr,1,2,2,1,2,1,1,5,150,position_baseline,WR,-0.002901401933515444
2022,12,15,ppr,1,2,2,1,2,1,1,5,150,position_baseline,TE,-0.14646593329217789
2022,12,15,ppr,1,2,2,1,2,1,1,5,150,position_baseline,K,0.46408005021721627
2022,12,15,ppr,1,2,2,1,2,1,1,5,150,roster_aware,market_rank,7.420528603435666
2022,12,15,ppr,1,2,2,1,2,1,1,5,150,roster_aware,starter_need,-1.6286464898337696
2022,12,15,ppr,1,2,2,1,2,1,1,5,150,roster_aware,roster_count,4.014996554838405
2022,12,15,ppr,1,2,2,1,2,1,1,5,150,roster_aware,starter_need_late,5.016639520689993
2022,12,15,ppr,1,2,2,1,2,1,1,5,150,roster_aware,QB,-0.04810438031920539
2022,12,15,ppr,1,2,2,1,2,1,1,5,150,roster_aware,RB,0.8423756880730777
2022,12,15,ppr,1,2,2,1,2,1,1,5,150,roster_aware,WR,0.8964177833623505
2022,12,15,ppr,1,2,2,1,2,1,1,5,150,roster_aware,TE,0.017432375996930725
2022,12,15,ppr,1,2,2,1,2,1,1,5,150,roster_aware,K,-1.7081214671136757
2022,12,15,ppr,1,2,2,1,2,1,1,5,150,run_aware,market_rank,7.583658006508431
2022,12,15,ppr,1,2,2,1,2,1,1,5,150,run_aware,recent_position_run,0.7377376830475905
2022,12,15,ppr,1,2,2,1,2,1,1,5,150,run_aware,QB,-0.23208302216453663
2022,12,15,ppr,1,2,2,1,2,1,1,5,150,run_aware,RB,-0.08287224790612867
2022,12,15,ppr,1,2,2,1,2,1,1,5,150,run_aware,WR,-0.12424861077675803
2022,12,15,ppr,1,2,2,1,2,1,1,5,150,run_aware,TE,-0.05851490960906474
2022,12,15,ppr,1,2,2,1,2,1,1,5,150,run_aware,K,0.49771879045344775
2022,12,15,ppr,1,2,2,1,2,1,1,5,150,next_turn_aware,market_rank,7.637126964812546
2022,12,15,ppr,1,2,2,1,2,1,1,5,150,next_turn_aware,next_turn_demand,-0.7877910968897694
2022,12,15,ppr,1,2,2,1,2,1,1,5,150,next_turn_aware,next_turn_competition,-0.6388779360272193
2022,12,15,ppr,1,2,2,1,2,1,1,5,150,next_turn_aware,QB,-0.6024770531934178
2022,12,15,ppr,1,2,2,1,2,1,1,5,150,next_turn_aware,RB,-0.16364746454201407
2022,12,15,ppr,1,2,2,1,2,1,1,5,150,next_turn_aware,WR,-0.17354066630968565
2022,12,15,ppr,1,2,2,1,2,1,1,5,150,next_turn_aware,TE,-0.2165232027983028
2022,12,15,ppr,1,2,2,1,2,1,1,5,150,next_turn_aware,K,1.1561883868404714
2022,12,15,ppr,1,2,2,1,2,1,1,5,150,roster_plus_run,market_rank,7.457938797545098
2022,12,15,ppr,1,2,2,1,2,1,1,5,150,roster_plus_run,starter_need,-1.4640258978861023
2022,12,15,ppr,1,2,2,1,2,1,1,5,150,roster_plus_run,roster_count,3.9082035128444135
2022,12,15,ppr,1,2,2,1,2,1,1,5,150,roster_plus_run,recent_position_run,0.6064240127297329
2022,12,15,ppr,1,2,2,1,2,1,1,5,150,roster_plus_run,starter_need_late,4.7254592500051675
2022,12,15,ppr,1,2,2,1,2,1,1,5,150,roster_plus_run,QB,0.012798286934934587
2022,12,15,ppr,1,2,2,1,2,1,1,5,150,roster_plus_run,RB,0.7548828481776155
2022,12,15,ppr,1,2,2,1,2,1,1,5,150,roster_plus_run,WR,0.7760319866042329
2022,12,15,ppr,1,2,2,1,2,1,1,5,150,roster_plus_run,TE,0.0795170254759991
2022,12,15,ppr,1,2,2,1,2,1,1,5,150,roster_plus_run,K,-1.6232301471954913
2022,12,15,ppr,1,2,2,1,2,1,1,5,150,roster_plus_next_turn,market_rank,7.52435597963209
2022,12,15,ppr,1,2,2,1,2,1,1,5,150,roster_plus_next_turn,starter_need,-0.9114968951152786
2022,12,15,ppr,1,2,2,1,2,1,1,5,150,roster_plus_next_turn,roster_count,4.043285286196375
2022,12,15,ppr,1,2,2,1,2,1,1,5,150,roster_plus_next_turn,next_turn_demand,-0.9670655889568809
2022,12,15,ppr,1,2,2,1,2,1,1,5,150,roster_plus_next_turn,next_turn_competition,-0.7074029593705112
2022,12,15,ppr,1,2,2,1,2,1,1,5,150,roster_plus_next_turn,starter_need_late,3.860888790620727
2022,12,15,ppr,1,2,2,1,2,1,1,5,150,roster_plus_next_turn,QB,-0.41722608669441696
2022,12,15,ppr,1,2,2,1,2,1,1,5,150,roster_plus_next_turn,RB,0.6067961809652104
2022,12,15,ppr,1,2,2,1,2,1,1,5,150,roster_plus_next_turn,WR,0.6530781367717999
2022,12,15,ppr,1,2,2,1,2,1,1,5,150,roster_plus_next_turn,TE,-0.10437006224733286
2022,12,15,ppr,1,2,2,1,2,1,1,5,150,roster_plus_next_turn,K,-0.7382781687996278
2022,12,15,ppr,1,2,2,1,2,1,1,5,150,opponent_aware,market_rank,7.557208356892241
2022,12,15,ppr,1,2,2,1,2,1,1,5,150,opponent_aware,starter_need,-0.7857727417161761
2022,12,15,ppr,1,2,2,1,2,1,1,5,150,opponent_aware,roster_count,3.944632113321008
2022,12,15,ppr,1,2,2,1,2,1,1,5,150,opponent_aware,recent_position_run,0.557315924643177
2022,12,15,ppr,1,2,2,1,2,1,1,5,150,opponent_aware,next_turn_demand,-0.9514213278205735
2022,12,15,ppr,1,2,2,1,2,1,1,5,150,opponent_aware,next_turn_competition,-0.6912614101946526
2022,12,15,ppr,1,2,2,1,2,1,1,5,150,opponent_aware,starter_need_late,3.642488490830729
2022,12,15,ppr,1,2,2,1,2,1,1,5,150,opponent_aware,QB,-0.3507019396908719
2022,12,15,ppr,1,2,2,1,2,1,1,5,150,opponent_aware,RB,0.5335069402934831
2022,12,15,ppr,1,2,2,1,2,1,1,5,150,opponent_aware,WR,0.5499867100642016
2022,12,15,ppr,1,2,2,1,2,1,1,5,150,opponent_aware,TE,-0.04282517227079807
2022,12,15,ppr,1,2,2,1,2,1,1,5,150,opponent_aware,K,-0.689966538399306
2022,12,15,ppr,1,2,2,1,3,0,0,6,50,adp_only,market_rank,8.957523235761455
2022,12,15,ppr,1,2,2,1,3,0,0,6,50,position_baseline,market_rank,8.996307882756154
2022,12,15,ppr,1,2,2,1,3,0,0,6,50,position_baseline,QB,-0.19261822428626327
2022,12,15,ppr,1,2,2,1,3,0,0,6,50,position_baseline,RB,0.10137646191479764
2022,12,15,ppr,1,2,2,1,3,0,0,6,50,position_baseline,WR,0.08460197364576062
2022,12,15,ppr,1,2,2,1,3,0,0,6,50,position_baseline,TE,0.006639788717673945
2022,12,15,ppr,1,2,2,1,3,0,0,6,50,position_baseline,K,0.0
2022,12,15,ppr,1,2,2,1,3,0,0,6,50,roster_aware,market_rank,8.963637708789856
2022,12,15,ppr,1,2,2,1,3,0,0,6,50,roster_aware,starter_need,1.2860352100714727
2022,12,15,ppr,1,2,2,1,3,0,0,6,50,roster_aware,roster_count,2.563923990258584
2022,12,15,ppr,1,2,2,1,3,0,0,6,50,roster_aware,starter_need_late,0.08328286520161152
2022,12,15,ppr,1,2,2,1,3,0,0,6,50,roster_aware,QB,-0.39994923399281246
2022,12,15,ppr,1,2,2,1,3,0,0,6,50,roster_aware,RB,0.31771513103406224
2022,12,15,ppr,1,2,2,1,3,0,0,6,50,roster_aware,WR,0.36935880743946287
2022,12,15,ppr,1,2,2,1,3,0,0,6,50,roster_aware,TE,-0.2871247044866148
2022,12,15,ppr,1,2,2,1,3,0,0,6,50,roster_aware,K,0.0
2022,12,15,ppr,1,2,2,1,3,0,0,6,50,run_aware,market_rank,9.013708839897808
2022,12,15,ppr,1,2,2,1,3,0,0,6,50,run_aware,recent_position_run,0.3604580194631944
2022,12,15,ppr,1,2,2,1,3,0,0,6,50,run_aware,QB,-0.1378009816928944
2022,12,15,ppr,1,2,2,1,3,0,0,6,50,run_aware,RB,0.06152034328075689
2022,12,15,ppr,1,2,2,1,3,0,0,6,50,run_aware,WR,0.018221795287377933
2022,12,15,ppr,1,2,2,1,3,0,0,6,50,run_aware,TE,0.05805884311720994
2022,12,15,ppr,1,2,2,1,3,0,0,6,50,run_aware,K,0.0
2022,12,15,ppr,1,2,2,1,3,0,0,6,50,next_turn_aware,market_rank,9.060147573536641
2022,12,15,ppr,1,2,2,1,3,0,0,6,50,next_turn_aware,next_turn_demand,0.16992278274404335
2022,12,15,ppr,1,2,2,1,3,0,0,6,50,next_turn_aware,next_turn_competition,-1.3033238155971822
2022,12,15,ppr,1,2,2,1,3,0,0,6,50,next_turn_aware,QB,-0.2679612211693123
2022,12,15,ppr,1,2,2,1,3,0,0,6,50,next_turn_aware,RB,0.10932383593027763
2022,12,15,ppr,1,2,2,1,3,0,0,6,50,next_turn_aware,WR,0.08700781480312829
2022,12,15,ppr,1,2,2,1,3,0,0,6,50,next_turn_aware,TE,0.07162957042892872
2022,12,15,ppr,1,2,2,1,3,0,0,6,50,next_turn_aware,K,0.0
2022,12,15,ppr,1,2,2,1,3,0,0,6,50,roster_plus_run,market_rank,8.978542767678448
2022,12,15,ppr,1,2,2,1,3,0,0,6,50,roster_plus_run,starter_need,1.3002902182944065
2022,12,15,ppr,1,2,2,1,3,0,0,6,50,roster_plus_run,roster_count,2.525681623134504
2022,12,15,ppr,1,2,2,1,3,0,0,6,50,roster_plus_run,recent_position_run,0.32354711303079686
2022,12,15,ppr,1,2,2,1,3,0,0,6,50,roster_plus_run,starter_need_late,0.05948105883676093
2022,12,15,ppr,1,2,2,1,3,0,0,6,50,roster_plus_run,QB,-0.34793189009817993
2022,12,15,ppr,1,2,2,1,3,0,0,6,50,roster_plus_run,RB,0.27987448172470175
2022,12,15,ppr,1,2,2,1,3,0,0,6,50,roster_plus_run,WR,0.3071003391573743
2022,12,15,ppr,1,2,2,1,3,0,0,6,50,roster_plus_run,TE,-0.23904293079022235
2022,12,15,ppr,1,2,2,1,3,0,0,6,50,roster_plus_run,K,0.0
2022,12,15,ppr,1,2,2,1,3,0,0,6,50,roster_plus_next_turn,market_rank,9.044307907496737
2022,12,15,ppr,1,2,2,1,3,0,0,6,50,roster_plus_next_turn,starter_need,1.3650202788079238
2022,12,15,ppr,1,2,2,1,3,0,0,6,50,roster_plus_next_turn,roster_count,2.650456110375939
2022,12,15,ppr,1,2,2,1,3,0,0,6,50,roster_plus_next_turn,next_turn_demand,-0.05658573146671653
2022,12,15,ppr,1,2,2,1,3,0,0,6,50,roster_plus_next_turn,next_turn_competition,-1.55209303364709
2022,12,15,ppr,1,2,2,1,3,0,0,6,50,roster_plus_next_turn,starter_need_late,0.039715350436824705
2022,12,15,ppr,1,2,2,1,3,0,0,6,50,roster_plus_next_turn,QB,-0.5111784862731127
2022,12,15,ppr,1,2,2,1,3,0,0,6,50,roster_plus_next_turn,RB,0.33425087019015054
2022,12,15,ppr,1,2,2,1,3,0,0,6,50,roster_plus_next_turn,WR,0.38044816257069447
2022,12,15,ppr,1,2,2,1,3,0,0,6,50,roster_plus_next_turn,TE,-0.2035205464945956
2022,12,15,ppr,1,2,2,1,3,0,0,6,50,roster_plus_next_turn,K,0.0
2022,12,15,ppr,1,2,2,1,3,0,0,6,50,opponent_aware,market_rank,9.058091971497916
2022,12,15,ppr,1,2,2,1,3,0,0,6,50,opponent_aware,starter_need,1.3752059688732485
2022,12,15,ppr,1,2,2,1,3,0,0,6,50,opponent_aware,roster_count,2.6118392046879286
2022,12,15,ppr,1,2,2,1,3,0,0,6,50,opponent_aware,recent_position_run,0.316140263880455
2022,12,15,ppr,1,2,2,1,3,0,0,6,50,opponent_aware,next_turn_demand,-0.06120163615954938
2022,12,15,ppr,1,2,2,1,3,0,0,6,50,opponent_aware,next_turn_competition,-1.539112259165276
2022,12,15,ppr,1,2,2,1,3,0,0,6,50,opponent_aware,starter_need_late,0.02260585202448325
2022,12,15,ppr,1,2,2,1,3,0,0,6,50,opponent_aware,QB,-0.4597728431397324
2022,12,15,ppr,1,2,2,1,3,0,0,6,50,opponent_aware,RB,0.2970999826095815
2022,12,15,ppr,1,2,2,1,3,0,0,6,50,opponent_aware,WR,0.31958537339668297
2022,12,15,ppr,1,2,2,1,3,0,0,6,50,opponent_aware,TE,-0.15691251287186195
2022,12,15,ppr,1,2,2,1,3,0,0,6,50,opponent_aware,K,0.0
2022,12,16,half_ppr,1,2,3,1,2,0,1,6,50,adp_only,market_rank,11.100167258875022
2022,12,16,half_ppr,1,2,3,1,2,0,1,6,50,position_baseline,market_rank,11.181407494895366
2022,12,16,half_ppr,1,2,3,1,2,0,1,6,50,position_baseline,QB,-0.19597713167595654
2022,12,16,half_ppr,1,2,3,1,2,0,1,6,50,position_baseline,RB,0.1725074102852835
2022,12,16,half_ppr,1,2,3,1,2,0,1,6,50,position_baseline,WR,0.1213769279252912
2022,12,16,half_ppr,1,2,3,1,2,0,1,6,50,position_baseline,TE,-0.09790720654644852
2022,12,16,half_ppr,1,2,3,1,2,0,1,6,50,position_baseline,K,0.0
2022,12,16,half_ppr,1,2,3,1,2,0,1,6,50,roster_aware,market_rank,11.156546127879738
2022,12,16,half_ppr,1,2,3,1,2,0,1,6,50,roster_aware,starter_need,1.4183933716410833
2022,12,16,half_ppr,1,2,3,1,2,0,1,6,50,roster_aware,roster_count,3.3207284021896086
2022,12,16,half_ppr,1,2,3,1,2,0,1,6,50,roster_aware,starter_need_late,0.23631842799599562
2022,12,16,half_ppr,1,2,3,1,2,0,1,6,50,roster_aware,QB,-0.367580859378951
2022,12,16,half_ppr,1,2,3,1,2,0,1,6,50,roster_aware,RB,0.45445028013475575
2022,12,16,half_ppr,1,2,3,1,2,0,1,6,50,roster_aware,WR,0.4400834950172115
2022,12,16,half_ppr,1,2,3,1,2,0,1,6,50,roster_aware,TE,-0.52695291578223
2022,12,16,half_ppr,1,2,3,1,2,0,1,6,50,roster_aware,K,0.0
2022,12,16,half_ppr,1,2,3,1,2,0,1,6,50,run_aware,market_rank,11.213248627842795
2022,12,16,half_ppr,1,2,3,1,2,0,1,6,50,run_aware,recent_position_run,0.47545848467683133
2022,12,16,half_ppr,1,2,3,1,2,0,1,6,50,run_aware,QB,-0.12680834617293818
2022,12,16,half_ppr,1,2,3,1,2,0,1,6,50,run_aware,RB,0.1197695471425871
2022,12,16,half_ppr,1,2,3,1,2,0,1,6,50,run_aware,WR,0.03750604401607914
2022,12,16,half_ppr,1,2,3,1,2,0,1,6,50,run_aware,TE,-0.030467244997505923
2022,12,16,half_ppr,1,2,3,1,2,0,1,6,50,run_aware,K,0.0
2022,12,16,half_ppr,1,2,3,1,2,0,1,6,50,next_turn_aware,market_rank,11.239977677021283
2022,12,16,half_ppr,1,2,3,1,2,0,1,6,50,next_turn_aware,next_turn_demand,0.10508392102699764
2022,12,16,half_ppr,1,2,3,1,2,0,1,6,50,next_turn_aware,next_turn_competition,-1.1219554458360363
2022,12,16,half_ppr,1,2,3,1,2,0,1,6,50,next_turn_aware,QB,-0.31336459344564843
2022,12,16,half_ppr,1,2,3,1,2,0,1,6,50,next_turn_aware,RB,0.18020211120958732
2022,12,16,half_ppr,1,2,3,1,2,0,1,6,50,next_turn_aware,WR,0.14281655544157895
2022,12,16,half_ppr,1,2,3,1,2,0,1,6,50,next_turn_aware,TE,-0.009654073216145826
2022,12,16,half_ppr,1,2,3,1,2,0,1,6,50,next_turn_aware,K,0.0
2022,12,16,half_ppr,1,2,3,1,2,0,1,6,50,roster_plus_run,market_rank,11.182085493732416
2022,12,16,half_ppr,1,2,3,1,2,0,1,6,50,roster_plus_run,starter_need,1.4238513068439813
2022,12,16,half_ppr,1,2,3,1,2,0,1,6,50,roster_plus_run,roster_count,3.2576340681680325
2022,12,16,half_ppr,1,2,3,1,2,0,1,6,50,roster_plus_run,recent_position_run,0.4059028504252831
2022,12,16,half_ppr,1,2,3,1,2,0,1,6,50,roster_plus_run,starter_need_late,0.21753015608206983
2022,12,16,half_ppr,1,2,3,1,2,0,1,6,50,roster_plus_run,QB,-0.30402715530179464
2022,12,16,half_ppr,1,2,3,1,2,0,1,6,50,roster_plus_run,RB,0.4058449283697603
2022,12,16,half_ppr,1,2,3,1,2,0,1,6,50,roster_plus_run,WR,0.36474504640825983
2022,12,16,half_ppr,1,2,3,1,2,0,1,6,50,roster_plus_run,TE,-0.46656281948590345
2022,12,16,half_ppr,1,2,3,1,2,0,1,6,50,roster_plus_run,K,0.0
2022,12,16,half_ppr,1,2,3,1,2,0,1,6,50,roster_plus_next_turn,market_rank,11.236612162720025
2022,12,16,half_ppr,1,2,3,1,2,0,1,6,50,roster_plus_next_turn,starter_need,1.6039474200225823
2022,12,16,half_ppr,1,2,3,1,2,0,1,6,50,roster_plus_next_turn,roster_count,3.4100445834203974
2022,12,16,half_ppr,1,2,3,1,2,0,1,6,50,roster_plus_next_turn,next_turn_demand,-0.15359294407500798
2022,12,16,half_ppr,1,2,3,1,2,0,1,6,50,roster_plus_next_turn,next_turn_competition,-1.3943420717465378
2022,12,16,half_ppr,1,2,3,1,2,0,1,6,50,roster_plus_next_turn,starter_need_late,0.008852695943745104
2022,12,16,half_ppr,1,2,3,1,2,0,1,6,50,roster_plus_next_turn,QB,-0.5387081518213785
2022,12,16,half_ppr,1,2,3,1,2,0,1,6,50,roster_plus_next_turn,RB,0.4668221235308032
2022,12,16,half_ppr,1,2,3,1,2,0,1,6,50,roster_plus_next_turn,WR,0.47463232614059503
2022,12,16,half_ppr,1,2,3,1,2,0,1,6,50,roster_plus_next_turn,TE,-0.40274629785890725
2022,12,16,half_ppr,1,2,3,1,2,0,1,6,50,roster_plus_next_turn,K,0.0
2022,12,16,half_ppr,1,2,3,1,2,0,1,6,50,opponent_aware,market_rank,11.265108572132077
2022,12,16,half_ppr,1,2,3,1,2,0,1,6,50,opponent_aware,starter_need,1.605020474034812
2022,12,16,half_ppr,1,2,3,1,2,0,1,6,50,opponent_aware,roster_count,3.3450936913557068
2022,12,16,half_ppr,1,2,3,1,2,0,1,6,50,opponent_aware,recent_position_run,0.41871247108243587
2022,12,16,half_ppr,1,2,3,1,2,0,1,6,50,opponent_aware,next_turn_demand,-0.16106537816642014
2022,12,16,half_ppr,1,2,3,1,2,0,1,6,50,opponent_aware,next_turn_competition,-1.3965734936586436
2022,12,16,half_ppr,1,2,3,1,2,0,1,6,50,opponent_aware,starter_need_late,-0.002392849518470774
2022,12,16,half_ppr,1,2,3,1,2,0,1,6,50,opponent_aware,QB,-0.4743553525461175
2022,12,16,half_ppr,1,2,3,1,2,0,1,6,50,opponent_aware,RB,0.4168641888622797
2022,12,16,half_ppr,1,2,3,1,2,0,1,6,50,opponent_aware,WR,0.3972878169278257
2022,12,16,half_ppr,1,2,3,1,2,0,1,6,50,opponent_aware,TE,-0.33979665325186426
2022,12,16,half_ppr,1,2,3,1,2,0,1,6,50,opponent_aware,K,0.0
2022,12,16,ppr,1,2,2,1,2,1,1,6,50,adp_only,market_rank,7.985352729833862
2022,12,16,ppr,1,2,2,1,2,1,1,6,50,position_baseline,market_rank,8.135163260379079
2022,12,16,ppr,1,2,2,1,2,1,1,6,50,position_baseline,QB,-0.34853417388814767
2022,12,16,ppr,1,2,2,1,2,1,1,6,50,position_baseline,RB,0.09050345904045476
2022,12,16,ppr,1,2,2,1,2,1,1,6,50,position_baseline,WR,0.05214147520671289
2022,12,16,ppr,1,2,2,1,2,1,1,6,50,position_baseline,TE,-0.14624078358218412
2022,12,16,ppr,1,2,2,1,2,1,1,6,50,position_baseline,K,0.35213002321927567
2022,12,16,ppr,1,2,2,1,2,1,1,6,50,roster_aware,market_rank,8.010523089859621
2022,12,16,ppr,1,2,2,1,2,1,1,6,50,roster_aware,starter_need,-0.8403336707718616
2022,12,16,ppr,1,2,2,1,2,1,1,6,50,roster_aware,roster_count,3.178256042296678
2022,12,16,ppr,1,2,2,1,2,1,1,6,50,roster_aware,starter_need_late,3.9627757905184793
2022,12,16,ppr,1,2,2,1,2,1,1,6,50,roster_aware,QB,-0.10398086465207829
2022,12,16,ppr,1,2,2,1,2,1,1,6,50,roster_aware,RB,0.8140236986358597
2022,12,16,ppr,1,2,2,1,2,1,1,6,50,roster_aware,WR,0.8299735194010833
2022,12,16,ppr,1,2,2,1,2,1,1,6,50,roster_aware,TE,0.016610958274579663
2022,12,16,ppr,1,2,2,1,2,1,1,6,50,roster_aware,K,-1.5566273116620986
2022,12,16,ppr,1,2,2,1,2,1,1,6,50,run_aware,market_rank,8.156805768676453
2022,12,16,ppr,1,2,2,1,2,1,1,6,50,run_aware,recent_position_run,0.6307518725052972
2022,12,16,ppr,1,2,2,1,2,1,1,6,50,run_aware,QB,-0.2767475306723038
2022,12,16,ppr,1,2,2,1,2,1,1,6,50,run_aware,RB,0.0198467429199839
2022,12,16,ppr,1,2,2,1,2,1,1,6,50,run_aware,WR,-0.054649124732451634
2022,12,16,ppr,1,2,2,1,2,1,1,6,50,run_aware,TE,-0.07145099683005827
2022,12,16,ppr,1,2,2,1,2,1,1,6,50,run_aware,K,0.38300090931153835
2022,12,16,ppr,1,2,2,1,2,1,1,6,50,next_turn_aware,market_rank,8.262691723230411
2022,12,16,ppr,1,2,2,1,2,1,1,6,50,next_turn_aware,next_turn_demand,-1.0010598896225178
2022,12,16,ppr,1,2,2,1,2,1,1,6,50,next_turn_aware,next_turn_competition,-0.6978779750125248
2022,12,16,ppr,1,2,2,1,2,1,1,6,50,next_turn_aware,QB,-0.6504896384913855
2022,12,16,ppr,1,2,2,1,2,1,1,6,50,next_turn_aware,RB,-0.10166079322547372
2022,12,16,ppr,1,2,2,1,2,1,1,6,50,next_turn_aware,WR,-0.1510358133333706
2022,12,16,ppr,1,2,2,1,2,1,1,6,50,next_turn_aware,TE,-0.22914404698023116
2022,12,16,ppr,1,2,2,1,2,1,1,6,50,next_turn_aware,K,1.1323302920280347
2022,12,16,ppr,1,2,2,1,2,1,1,6,50,roster_plus_run,market_rank,8.035231842073024
2022,12,16,ppr,1,2,2,1,2,1,1,6,50,roster_plus_run,starter_need,-0.7312989749633554
2022,12,16,ppr,1,2,2,1,2,1,1,6,50,roster_plus_run,roster_count,3.0663371743327748
2022,12,16,ppr,1,2,2,1,2,1,1,6,50,roster_plus_run,recent_position_run,0.5446307661010221
2022,12,16,ppr,1,2,2,1,2,1,1,6,50,roster_plus_run,starter_need_late,3.7755082690583976
2022,12,16,ppr,1,2,2,1,2,1,1,6,50,roster_plus_run,QB,-0.044066211642914854
2022,12,16,ppr,1,2,2,1,2,1,1,6,50,roster_plus_run,RB,0.7382491960243911
2022,12,16,ppr,1,2,2,1,2,1,1,6,50,roster_plus_run,WR,0.7214701322226795
2022,12,16,ppr,1,2,2,1,2,1,1,6,50,roster_plus_run,TE,0.07451291212153713
2022,12,16,ppr,1,2,2,1,2,1,1,6,50,roster_plus_run,K,-1.4901660287282417
2022,12,16,ppr,1,2,2,1,2,1,1,6,50,roster_plus_next_turn,market_rank,8.164859395618532
2022,12,16,ppr,1,2,2,1,2,1,1,6,50,roster_plus_next_turn,starter_need,-0.07037317594022031
2022,12,16,ppr,1,2,2,1,2,1,1,6,50,roster_plus_next_turn,roster_count,3.1872676946305196
2022,12,16,ppr,1,2,2,1,2,1,1,6,50,roster_plus_next_turn,next_turn_demand,-1.2939266320681508
2022,12,16,ppr,1,2,2,1,2,1,1,6,50,roster_plus_next_turn,next_turn_competition,-0.8056772392820989
2022,12,16,ppr,1,2,2,1,2,1,1,6,50,roster_plus_next_turn,starter_need_late,2.7933972012534403
2022,12,16,ppr,1,2,2,1,2,1,1,6,50,roster_plus_next_turn,QB,-0.5111437983597665
2022,12,16,ppr,1,2,2,1,2,1,1,6,50,roster_plus_next_turn,RB,0.5452046718773306
2022,12,16,ppr,1,2,2,1,2,1,1,6,50,roster_plus_next_turn,WR,0.5494022549056718
2022,12,16,ppr,1,2,2,1,2,1,1,6,50,roster_plus_next_turn,TE,-0.1259033810860471
2022,12,16,ppr,1,2,2,1,2,1,1,6,50,roster_plus_next_turn,K,-0.4575597473409248
2022,12,16,ppr,1,2,2,1,2,1,1,6,50,opponent_aware,market_rank,8.183805022228059
2022,12,16,ppr,1,2,2,1,2,1,1,6,50,opponent_aware,starter_need,-0.0016310851606147533
2022,12,16,ppr,1,2,2,1,2,1,1,6,50,opponent_aware,roster_count,3.084908308303807
2022,12,16,ppr,1,2,2,1,2,1,1,6,50,opponent_aware,recent_position_run,0.47552451599662077
2022,12,16,ppr,1,2,2,1,2,1,1,6,50,opponent_aware,next_turn_demand,-1.2762176772089107
2022,12,16,ppr,1,2,2,1,2,1,1,6,50,opponent_aware,next_turn_competition,-0.7918807867934257
2022,12,16,ppr,1,2,2,1,2,1,1,6,50,opponent_aware,starter_need_late,2.681970664244757
2022,12,16,ppr,1,2,2,1,2,1,1,6,50,opponent_aware,QB,-0.44936122950731083
2022,12,16,ppr,1,2,2,1,2,1,1,6,50,opponent_aware,RB,0.4851561177122897
2022,12,16,ppr,1,2,2,1,2,1,1,6,50,opponent_aware,WR,0.4609842848237939
2022,12,16,ppr,1,2,2,1,2,1,1,6,50,opponent_aware,TE,-0.0698699612102959
2022,12,16,ppr,1,2,2,1,2,1,1,6,50,opponent_aware,K,-0.4269092118218293
2023,10,15,ppr,1,2,2,1,2,1,1,5,50,adp_only,market_rank,9.127787102688037
2023,10,15,ppr,1,2,2,1,2,1,1,5,50,position_baseline,market_rank,9.234939550908477
2023,10,15,ppr,1,2,2,1,2,1,1,5,50,position_baseline,QB,-0.3298945896896605
2023,10,15,ppr,1,2,2,1,2,1,1,5,50,position_baseline,RB,-0.08990859266018836
2023,10,15,ppr,1,2,2,1,2,1,1,5,50,position_baseline,WR,0.009706255081990328
2023,10,15,ppr,1,2,2,1,2,1,1,5,50,position_baseline,TE,-0.08329220563888584
2023,10,15,ppr,1,2,2,1,2,1,1,5,50,position_baseline,K,0.4933891329058935
2023,10,15,ppr,1,2,2,1,2,1,1,5,50,roster_aware,market_rank,9.148222434480019
2023,10,15,ppr,1,2,2,1,2,1,1,5,50,roster_aware,starter_need,-1.4314773947121415
2023,10,15,ppr,1,2,2,1,2,1,1,5,50,roster_aware,roster_count,3.448839458878185
2023,10,15,ppr,1,2,2,1,2,1,1,5,50,roster_aware,starter_need_late,4.899092033981116
2023,10,15,ppr,1,2,2,1,2,1,1,5,50,roster_aware,QB,0.04067626383335589
2023,10,15,ppr,1,2,2,1,2,1,1,5,50,roster_aware,RB,0.7144580495732972
2023,10,15,ppr,1,2,2,1,2,1,1,5,50,roster_aware,WR,0.9098992555550202
2023,10,15,ppr,1,2,2,1,2,1,1,5,50,roster_aware,TE,0.09759162610864631
2023,10,15,ppr,1,2,2,1,2,1,1,5,50,roster_aware,K,-1.7626251950708065
2023,10,15,ppr,1,2,2,1,2,1,1,5,50,run_aware,market_rank,9.306585570867732
2023,10,15,ppr,1,2,2,1,2,1,1,5,50,run_aware,recent_position_run,0.799325649377353
2023,10,15,ppr,1,2,2,1,2,1,1,5,50,run_aware,QB,-0.2568953579011312
2023,10,15,ppr,1,2,2,1,2,1,1,5,50,run_aware,RB,-0.16655965528062475
2023,10,15,ppr,1,2,2,1,2,1,1,5,50,run_aware,WR,-0.12285734741933847
2023,10,15,ppr,1,2,2,1,2,1,1,5,50,run_aware,TE,0.007454739413500793
2023,10,15,ppr,1,2,2,1,2,1,1,5,50,run_aware,K,0.5388576211863663
2023,10,15,ppr,1,2,2,1,2,1,1,5,50,next_turn_aware,market_rank,9.30246169721607
2023,10,15,ppr,1,2,2,1,2,1,1,5,50,next_turn_aware,next_turn_demand,-1.02959520384584
2023,10,15,ppr,1,2,2,1,2,1,1,5,50,next_turn_aware,next_turn_competition,-0.421991768574776
2023,10,15,ppr,1,2,2,1,2,1,1,5,50,next_turn_aware,QB,-0.6608323640074418
2023,10,15,ppr,1,2,2,1,2,1,1,5,50,next_turn_aware,RB,-0.2494851105270975
2023,10,15,ppr,1,2,2,1,2,1,1,5,50,next_turn_aware,WR,-0.16820737652201678
2023,10,15,ppr,1,2,2,1,2,1,1,5,50,next_turn_aware,TE,-0.146906584822042
2023,10,15,ppr,1,2,2,1,2,1,1,5,50,next_turn_aware,K,1.2254314358777525
2023,10,15,ppr,1,2,2,1,2,1,1,5,50,roster_plus_run,market_rank,9.218290170327373
2023,10,15,ppr,1,2,2,1,2,1,1,5,50,roster_plus_run,starter_need,-1.2483417353427535
2023,10,15,ppr,1,2,2,1,2,1,1,5,50,roster_plus_run,roster_count,3.2743738599113414
2023,10,15,ppr,1,2,2,1,2,1,1,5,50,roster_plus_run,recent_position_run,0.6694656780233463
2023,10,15,ppr,1,2,2,1,2,1,1,5,50,roster_plus_run,starter_need_late,4.604190236397603
2023,10,15,ppr,1,2,2,1,2,1,1,5,50,roster_plus_run,QB,0.10142049762292946
2023,10,15,ppr,1,2,2,1,2,1,1,5,50,roster_plus_run,RB,0.6264561135333507
2023,10,15,ppr,1,2,2,1,2,1,1,5,50,roster_plus_run,WR,0.7713620727395298
2023,10,15,ppr,1,2,2,1,2,1,1,5,50,roster_plus_run,TE,0.16906401372949817
2023,10,15,ppr,1,2,2,1,2,1,1,5,50,roster_plus_run,K,-1.6683026976260809
2023,10,15,ppr,1,2,2,1,2,1,1,5,50,roster_plus_next_turn,market_rank,9.235990550851298
2023,10,15,ppr,1,2,2,1,2,1,1,5,50,roster_plus_next_turn,starter_need,-0.6589418215415241
2023,10,15,ppr,1,2,2,1,2,1,1,5,50,roster_plus_next_turn,roster_count,3.565817424583892
2023,10,15,ppr,1,2,2,1,2,1,1,5,50,roster_plus_next_turn,next_turn_demand,-1.2546266231988383
2023,10,15,ppr,1,2,2,1,2,1,1,5,50,roster_plus_next_turn,next_turn_competition,-0.495693973667802
2023,10,15,ppr,1,2,2,1,2,1,1,5,50,roster_plus_next_turn,starter_need_late,3.668014420083529
2023,10,15,ppr,1,2,2,1,2,1,1,5,50,roster_plus_next_turn,QB,-0.3710231971415361
2023,10,15,ppr,1,2,2,1,2,1,1,5,50,roster_plus_next_turn,RB,0.4785764733799975
2023,10,15,ppr,1,2,2,1,2,1,1,5,50,roster_plus_next_turn,WR,0.6591951480740785
2023,10,15,ppr,1,2,2,1,2,1,1,5,50,roster_plus_next_turn,TE,-0.03328459741111363
2023,10,15,ppr,1,2,2,1,2,1,1,5,50,roster_plus_next_turn,K,-0.7334638269020354
2023,10,15,ppr,1,2,2,1,2,1,1,5,50,opponent_aware,market_rank,9.29714166377825
2023,10,15,ppr,1,2,2,1,2,1,1,5,50,opponent_aware,starter_need,-0.4993867718415779
2023,10,15,ppr,1,2,2,1,2,1,1,5,50,opponent_aware,roster_count,3.408510126667147
2023,10,15,ppr,1,2,2,1,2,1,1,5,50,opponent_aware,recent_position_run,0.6037527281244303
2023,10,15,ppr,1,2,2,1,2,1,1,5,50,opponent_aware,next_turn_demand,-1.2649910704016953
2023,10,15,ppr,1,2,2,1,2,1,1,5,50,opponent_aware,next_turn_competition,-0.4540415018721711
2023,10,15,ppr,1,2,2,1,2,1,1,5,50,opponent_aware,starter_need_late,3.4193697509490963
2023,10,15,ppr,1,2,2,1,2,1,1,5,50,opponent_aware,QB,-0.30510576311871546
2023,10,15,ppr,1,2,2,1,2,1,1,5,50,opponent_aware,RB,0.40609001171829173
2023,10,15,ppr,1,2,2,1,2,1,1,5,50,opponent_aware,WR,0.5400243577769936
2023,10,15,ppr,1,2,2,1,2,1,1,5,50,opponent_aware,TE,0.03346589966548263
2023,10,15,ppr,1,2,2,1,2,1,1,5,50,opponent_aware,K,-0.6744745060432639
2023,10,15,ppr,1,2,2,1,2,1,1,5,150,adp_only,market_rank,9.635055282134928
2023,10,15,ppr,1,2,2,1,2,1,1,5,150,position_baseline,market_rank,9.804776027268048
2023,10,15,ppr,1,2,2,1,2,1,1,5,150,position_baseline,QB,-0.2925657436889599
2023,10,15,ppr,1,2,2,1,2,1,1,5,150,position_baseline,RB,-0.0798399958539669
2023,10,15,ppr,1,2,2,1,2,1,1,5,150,position_baseline,WR,0.002515751338186366
2023,10,15,ppr,1,2,2,1,2,1,1,5,150,position_baseline,TE,-0.15107471187380284
2023,10,15,ppr,1,2,2,1,2,1,1,5,150,position_baseline,K,0.5209647000716062
2023,10,15,ppr,1,2,2,1,2,1,1,5,150,roster_aware,market_rank,9.716150566737465
2023,10,15,ppr,1,2,2,1,2,1,1,5,150,roster_aware,starter_need,-1.3135090926683235
2023,10,15,ppr,1,2,2,1,2,1,1,5,150,roster_aware,roster_count,4.133180313567609
2023,10,15,ppr,1,2,2,1,2,1,1,5,150,roster_aware,starter_need_late,4.582256998664465
2023,10,15,ppr,1,2,2,1,2,1,1,5,150,roster_aware,QB,0.02335625590134655
2023,10,15,ppr,1,2,2,1,2,1,1,5,150,roster_aware,RB,0.744011714024113
2023,10,15,ppr,1,2,2,1,2,1,1,5,150,roster_aware,WR,0.9540510723090226
2023,10,15,ppr,1,2,2,1,2,1,1,5,150,roster_aware,TE,-0.004620406679881335
2023,10,15,ppr,1,2,2,1,2,1,1,5,150,roster_aware,K,-1.7167986355563427
2023,10,15,ppr,1,2,2,1,2,1,1,5,150,run_aware,market_rank,9.849315391590354
2023,10,15,ppr,1,2,2,1,2,1,1,5,150,run_aware,recent_position_run,0.6614856605834063
2023,10,15,ppr,1,2,2,1,2,1,1,5,150,run_aware,QB,-0.2274017137709829
2023,10,15,ppr,1,2,2,1,2,1,1,5,150,run_aware,RB,-0.14149857110211533
2023,10,15,ppr,1,2,2,1,2,1,1,5,150,run_aware,WR,-0.10710540047628034
2023,10,15,ppr,1,2,2,1,2,1,1,5,150,run_aware,TE,-0.07403149399924877
2023,10,15,ppr,1,2,2,1,2,1,1,5,150,run_aware,K,0.5500371793457831
2023,10,15,ppr,1,2,2,1,2,1,1,5,150,next_turn_aware,market_rank,9.888700161883234
2023,10,15,ppr,1,2,2,1,2,1,1,5,150,next_turn_aware,next_turn_demand,-0.9281795873136701
2023,10,15,ppr,1,2,2,1,2,1,1,5,150,next_turn_aware,next_turn_competition,-0.4516426072439057
2023,10,15,ppr,1,2,2,1,2,1,1,5,150,next_turn_aware,QB,-0.6039114328178913
2023,10,15,ppr,1,2,2,1,2,1,1,5,150,next_turn_aware,RB,-0.21791951382612118
2023,10,15,ppr,1,2,2,1,2,1,1,5,150,next_turn_aware,WR,-0.15450675408509418
2023,10,15,ppr,1,2,2,1,2,1,1,5,150,next_turn_aware,TE,-0.20007083981109489
2023,10,15,ppr,1,2,2,1,2,1,1,5,150,next_turn_aware,K,1.1764085405370925
2023,10,15,ppr,1,2,2,1,2,1,1,5,150,roster_plus_run,market_rank,9.759653188434294
2023,10,15,ppr,1,2,2,1,2,1,1,5,150,roster_plus_run,starter_need,-1.163331925032072
2023,10,15,ppr,1,2,2,1,2,1,1,5,150,roster_plus_run,roster_count,3.9810257757425314
2023,10,15,ppr,1,2,2,1,2,1,1,5,150,roster_plus_run,recent_position_run,0.5352374659808968
2023,10,15,ppr,1,2,2,1,2,1,1,5,150,roster_plus_run,starter_need_late,4.347865301771318
2023,10,15,ppr,1,2,2,1,2,1,1,5,150,roster_plus_run,QB,0.07663147887734727
2023,10,15,ppr,1,2,2,1,2,1,1,5,150,roster_plus_run,RB,0.6741782451486601
2023,10,15,ppr,1,2,2,1,2,1,1,5,150,roster_plus_run,WR,0.8417454957759231
2023,10,15,ppr,1,2,2,1,2,1,1,5,150,roster_plus_run,TE,0.053771501609511094
2023,10,15,ppr,1,2,2,1,2,1,1,5,150,roster_plus_run,K,-1.646326721413907
2023,10,15,ppr,1,2,2,1,2,1,1,5,150,roster_plus_next_turn,market_rank,9.82811841641238
2023,10,15,ppr,1,2,2,1,2,1,1,5,150,roster_plus_next_turn,starter_need,-0.4950399794230546
2023,10,15,ppr,1,2,2,1,2,1,1,5,150,roster_plus_next_turn,roster_count,4.213766979630146
2023,10,15,ppr,1,2,2,1,2,1,1,5,150,roster_plus_next_turn,next_turn_demand,-1.188624524009793
2023,10,15,ppr,1,2,2,1,2,1,1,5,150,roster_plus_next_turn,next_turn_competition,-0.5394149598361107
2023,10,15,ppr,1,2,2,1,2,1,1,5,150,roster_plus_next_turn,starter_need_late,3.32463437808691
2023,10,15,ppr,1,2,2,1,2,1,1,5,150,roster_plus_next_turn,QB,-0.37254116363346845
2023,10,15,ppr,1,2,2,1,2,1,1,5,150,roster_plus_next_turn,RB,0.5251435257365825
2023,10,15,ppr,1,2,2,1,2,1,1,5,150,roster_plus_next_turn,WR,0.720118982878628
2023,10,15,ppr,1,2,2,1,2,1,1,5,150,roster_plus_next_turn,TE,-0.12623808311475743
2023,10,15,ppr,1,2,2,1,2,1,1,5,150,roster_plus_next_turn,K,-0.746483261876528
2023,10,15,ppr,1,2,2,1,2,1,1,5,150,opponent_aware,market_rank,9.862842954385417
2023,10,15,ppr,1,2,2,1,2,1,1,5,150,opponent_aware,starter_need,-0.3832289247186989
2023,10,15,ppr,1,2,2,1,2,1,1,5,150,opponent_aware,roster_count,4.083144934357849
2023,10,15,ppr,1,2,2,1,2,1,1,5,150,opponent_aware,recent_position_run,0.45651487508658123
2023,10,15,ppr,1,2,2,1,2,1,1,5,150,opponent_aware,next_turn_demand,-1.1870962127104712
2023,10,15,ppr,1,2,2,1,2,1,1,5,150,opponent_aware,next_turn_competition,-0.5135686290566217
2023,10,15,ppr,1,2,2,1,2,1,1,5,150,opponent_aware,starter_need_late,3.1607841514764394
2023,10,15,ppr,1,2,2,1,2,1,1,5,150,opponent_aware,QB,-0.3172121845021351
2023,10,15,ppr,1,2,2,1,2,1,1,5,150,opponent_aware,RB,0.472407318733717
2023,10,15,ppr,1,2,2,1,2,1,1,5,150,opponent_aware,WR,0.6302680760253815
2023,10,15,ppr,1,2,2,1,2,1,1,5,150,opponent_aware,TE,-0.07294173708916121
2023,10,15,ppr,1,2,2,1,2,1,1,5,150,opponent_aware,K,-0.7125214731730293
2023,10,15,ppr,1,2,2,1,3,0,0,6,50,adp_only,market_rank,11.556589334615925
2023,10,15,ppr,1,2,2,1,3,0,0,6,50,position_baseline,market_rank,11.606107420144568
2023,10,15,ppr,1,2,2,1,3,0,0,6,50,position_baseline,QB,-0.17461841038384016
2023,10,15,ppr,1,2,2,1,3,0,0,6,50,position_baseline,RB,0.07078104424585027
2023,10,15,ppr,1,2,2,1,3,0,0,6,50,position_baseline,WR,0.12058694053144152
2023,10,15,ppr,1,2,2,1,3,0,0,6,50,position_baseline,TE,-0.01674957439505623
2023,10,15,ppr,1,2,2,1,3,0,0,6,50,position_baseline,K,0.0
2023,10,15,ppr,1,2,2,1,3,0,0,6,50,roster_aware,market_rank,11.620033060095036
2023,10,15,ppr,1,2,2,1,3,0,0,6,50,roster_aware,starter_need,1.4044538170596
2023,10,15,ppr,1,2,2,1,3,0,0,6,50,roster_aware,roster_count,3.3033507499034926
2023,10,15,ppr,1,2,2,1,3,0,0,6,50,roster_aware,starter_need_late,-0.34164759399184735
2023,10,15,ppr,1,2,2,1,3,0,0,6,50,roster_aware,QB,-0.35691621442157906
2023,10,15,ppr,1,2,2,1,3,0,0,6,50,roster_aware,RB,0.299614770109601
2023,10,15,ppr,1,2,2,1,3,0,0,6,50,roster_aware,WR,0.484311010327827
2023,10,15,ppr,1,2,2,1,3,0,0,6,50,roster_aware,TE,-0.42700956601638784
2023,10,15,ppr,1,2,2,1,3,0,0,6,50,roster_aware,K,0.0
2023,10,15,ppr,1,2,2,1,3,0,0,6,50,run_aware,market_rank,11.660205763537025
2023,10,15,ppr,1,2,2,1,3,0,0,6,50,run_aware,recent_position_run,0.43081331787593297
2023,10,15,ppr,1,2,2,1,3,0,0,6,50,run_aware,QB,-0.1197377411066073
2023,10,15,ppr,1,2,2,1,3,0,0,6,50,run_aware,RB,0.03366838867927697
2023,10,15,ppr,1,2,2,1,3,0,0,6,50,run_aware,WR,0.04733676955216833
2023,10,15,ppr,1,2,2,1,3,0,0,6,50,run_aware,TE,0.03873258287417092
2023,10,15,ppr,1,2,2,1,3,0,0,6,50,run_aware,K,0.0
2023,10,15,ppr,1,2,2,1,3,0,0,6,50,next_turn_aware,market_rank,11.611280178601833
2023,10,15,ppr,1,2,2,1,3,0,0,6,50,next_turn_aware,next_turn_demand,0.11105847819596143
2023,10,15,ppr,1,2,2,1,3,0,0,6,50,next_turn_aware,next_turn_competition,-0.8000830916657176
2023,10,15,ppr,1,2,2,1,3,0,0,6,50,next_turn_aware,QB,-0.24687801758883227
2023,10,15,ppr,1,2,2,1,3,0,0,6,50,next_turn_aware,RB,0.07952250325398569
2023,10,15,ppr,1,2,2,1,3,0,0,6,50,next_turn_aware,WR,0.12558799513240673
2023,10,15,ppr,1,2,2,1,3,0,0,6,50,next_turn_aware,TE,0.041767519200714115
2023,10,15,ppr,1,2,2,1,3,0,0,6,50,next_turn_aware,K,0.0
2023,10,15,ppr,1,2,2,1,3,0,0,6,50,roster_plus_run,market_rank,11.664254071619585
2023,10,15,ppr,1,2,2,1,3,0,0,6,50,roster_plus_run,starter_need,1.4248491829061942
2023,10,15,ppr,1,2,2,1,3,0,0,6,50,roster_plus_run,roster_count,3.207388396985677
2023,10,15,ppr,1,2,2,1,3,0,0,6,50,roster_plus_run,recent_position_run,0.3585300980502887
2023,10,15,ppr,1,2,2,1,3,0,0,6,50,roster_plus_run,starter_need_late,-0.35427281235702635
2023,10,15,ppr,1,2,2,1,3,0,0,6,50,roster_plus_run,QB,-0.3051057065114306
2023,10,15,ppr,1,2,2,1,3,0,0,6,50,roster_plus_run,RB,0.2642219224100076
2023,10,15,ppr,1,2,2,1,3,0,0,6,50,roster_plus_run,WR,0.4148188109171515
2023,10,15,ppr,1,2,2,1,3,0,0,6,50,roster_plus_run,TE,-0.37393502681723134
2023,10,15,ppr,1,2,2,1,3,0,0,6,50,roster_plus_run,K,0.0
2023,10,15,ppr,1,2,2,1,3,0,0,6,50,roster_plus_next_turn,market_rank,11.647877610912875
2023,10,15,ppr,1,2,2,1,3,0,0,6,50,roster_plus_next_turn,starter_need,1.8642264173350669
2023,10,15,ppr,1,2,2,1,3,0,0,6,50,roster_plus_next_turn,roster_count,3.449836899769331
2023,10,15,ppr,1,2,2,1,3,0,0,6,50,roster_plus_next_turn,next_turn_demand,-0.03973042000238162
2023,10,15,ppr,1,2,2,1,3,0,0,6,50,roster_plus_next_turn,next_turn_competition,-1.3575264532611713
2023,10,15,ppr,1,2,2,1,3,0,0,6,50,roster_plus_next_turn,starter_need_late,-0.9088021845473889
2023,10,15,ppr,1,2,2,1,3,0,0,6,50,roster_plus_next_turn,QB,-0.4866711936489595
2023,10,15,ppr,1,2,2,1,3,0,0,6,50,roster_plus_next_turn,RB,0.32106419913358425
2023,10,15,ppr,1,2,2,1,3,0,0,6,50,roster_plus_next_turn,WR,0.504866750485104
2023,10,15,ppr,1,2,2,1,3,0,0,6,50,roster_plus_next_turn,TE,-0.3392597559720048
2023,10,15,ppr,1,2,2,1,3,0,0,6,50,roster_plus_next_turn,K,0.0
2023,10,15,ppr,1,2,2,1,3,0,0,6,50,opponent_aware,market_rank,11.691900946199112
2023,10,15,ppr,1,2,2,1,3,0,0,6,50,opponent_aware,starter_need,1.8851414008398737
2023,10,15,ppr,1,2,2,1,3,0,0,6,50,opponent_aware,roster_count,3.356762756145437
2023,10,15,ppr,1,2,2,1,3,0,0,6,50,opponent_aware,recent_position_run,0.36519236401617
2023,10,15,ppr,1,2,2,1,3,0,0,6,50,opponent_aware,next_turn_demand,-0.057843616972152616
2023,10,15,ppr,1,2,2,1,3,0,0,6,50,opponent_aware,next_turn_competition,-1.347900334610328
2023,10,15,ppr,1,2,2,1,3,0,0,6,50,opponent_aware,starter_need_late,-0.9202248568860381
2023,10,15,ppr,1,2,2,1,3,0,0,6,50,opponent_aware,QB,-0.4346081343717968
2023,10,15,ppr,1,2,2,1,3,0,0,6,50,opponent_aware,RB,0.28565620161357475
2023,10,15,ppr,1,2,2,1,3,0,0,6,50,opponent_aware,WR,0.434608420422649
2023,10,15,ppr,1,2,2,1,3,0,0,6,50,opponent_aware,TE,-0.2856564876659809
2023,10,15,ppr,1,2,2,1,3,0,0,6,50,opponent_aware,K,0.0
2023,12,14,ppr,1,2,2,1,2,0,0,6,50,adp_only,market_rank,11.627107905112334
2023,12,14,ppr,1,2,2,1,2,0,0,6,50,position_baseline,market_rank,11.698727093341324
2023,12,14,ppr,1,2,2,1,2,0,0,6,50,position_baseline,QB,-0.16677113549051156
2023,12,14,ppr,1,2,2,1,2,0,0,6,50,position_baseline,RB,0.08604473306758272
2023,12,14,ppr,1,2,2,1,2,0,0,6,50,position_baseline,WR,0.1412470199239652
2023,12,14,ppr,1,2,2,1,2,0,0,6,50,position_baseline,TE,-0.060520617513846985
2023,12,14,ppr,1,2,2,1,2,0,0,6,50,position_baseline,K,0.0
2023,12,14,ppr,1,2,2,1,2,0,0,6,50,roster_aware,market_rank,11.688642967174545
2023,12,14,ppr,1,2,2,1,2,0,0,6,50,roster_aware,starter_need,1.3823964161767757
2023,12,14,ppr,1,2,2,1,2,0,0,6,50,roster_aware,roster_count,3.647846113130777
2023,12,14,ppr,1,2,2,1,2,0,0,6,50,roster_aware,starter_need_late,-0.33926834107064546
2023,12,14,ppr,1,2,2,1,2,0,0,6,50,roster_aware,QB,-0.39609028363768684
2023,12,14,ppr,1,2,2,1,2,0,0,6,50,roster_aware,RB,0.34236875133681055
2023,12,14,ppr,1,2,2,1,2,0,0,6,50,roster_aware,WR,0.5358494127214583
2023,12,14,ppr,1,2,2,1,2,0,0,6,50,roster_aware,TE,-0.48212788043480526
2023,12,14,ppr,1,2,2,1,2,0,0,6,50,roster_aware,K,0.0
2023,12,14,ppr,1,2,2,1,2,0,0,6,50,run_aware,market_rank,11.737487906334385
2023,12,14,ppr,1,2,2,1,2,0,0,6,50,run_aware,recent_position_run,0.43129828877758747
2023,12,14,ppr,1,2,2,1,2,0,0,6,50,run_aware,QB,-0.11250142853531706
2023,12,14,ppr,1,2,2,1,2,0,0,6,50,run_aware,RB,0.04923930883548742
2023,12,14,ppr,1,2,2,1,2,0,0,6,50,run_aware,WR,0.07091187116576639
2023,12,14,ppr,1,2,2,1,2,0,0,6,50,run_aware,TE,-0.007649751476763293
2023,12,14,ppr,1,2,2,1,2,0,0,6,50,run_aware,K,0.0
2023,12,14,ppr,1,2,2,1,2,0,0,6,50,next_turn_aware,market_rank,11.736862846608426
2023,12,14,ppr,1,2,2,1,2,0,0,6,50,next_turn_aware,next_turn_demand,-0.03421112503437523
2023,12,14,ppr,1,2,2,1,2,0,0,6,50,next_turn_aware,next_turn_competition,-0.9426682098181114
2023,12,14,ppr,1,2,2,1,2,0,0,6,50,next_turn_aware,QB,-0.23759613366566473
2023,12,14,ppr,1,2,2,1,2,0,0,6,50,next_turn_aware,RB,0.08775072755399214
2023,12,14,ppr,1,2,2,1,2,0,0,6,50,next_turn_aware,WR,0.13046934515455233
2023,12,14,ppr,1,2,2,1,2,0,0,6,50,next_turn_aware,TE,0.01937606094527457
2023,12,14,ppr,1,2,2,1,2,0,0,6,50,next_turn_aware,K,0.0
2023,12,14,ppr,1,2,2,1,2,0,0,6,50,roster_plus_run,market_rank,11.724519212739462
2023,12,14,ppr,1,2,2,1,2,0,0,6,50,roster_plus_run,starter_need,1.4311791300098191
2023,12,14,ppr,1,2,2,1,2,0,0,6,50,roster_plus_run,roster_count,3.553742311826165
2023,12,14,ppr,1,2,2,1,2,0,0,6,50,roster_plus_run,recent_position_run,0.3785436691129939
2023,12,14,ppr,1,2,2,1,2,0,0,6,50,roster_plus_run,starter_need_late,-0.3932953779736572
2023,12,14,ppr,1,2,2,1,2,0,0,6,50,roster_plus_run,QB,-0.34272357447223406
2023,12,14,ppr,1,2,2,1,2,0,0,6,50,roster_plus_run,RB,0.30625191336182744
2023,12,14,ppr,1,2,2,1,2,0,0,6,50,roster_plus_run,WR,0.4671592349112489
2023,12,14,ppr,1,2,2,1,2,0,0,6,50,roster_plus_run,TE,-0.4306875738121648
2023,12,14,ppr,1,2,2,1,2,0,0,6,50,roster_plus_run,K,0.0
2023,12,14,ppr,1,2,2,1,2,0,0,6,50,roster_plus_next_turn,market_rank,11.761359612429155
2023,12,14,ppr,1,2,2,1,2,0,0,6,50,roster_plus_next_turn,starter_need,1.6427773352832247
2023,12,14,ppr,1,2,2,1,2,0,0,6,50,roster_plus_next_turn,roster_count,3.7754629082966535
2023,12,14,ppr,1,2,2,1,2,0,0,6,50,roster_plus_next_turn,next_turn_demand,-0.10525447529944942
2023,12,14,ppr,1,2,2,1,2,0,0,6,50,roster_plus_next_turn,next_turn_competition,-1.4526255539738886
2023,12,14,ppr,1,2,2,1,2,0,0,6,50,roster_plus_next_turn,starter_need_late,-0.6737143893949941
2023,12,14,ppr,1,2,2,1,2,0,0,6,50,roster_plus_next_turn,QB,-0.5068796319312435
2023,12,14,ppr,1,2,2,1,2,0,0,6,50,roster_plus_next_turn,RB,0.349853957302377
2023,12,14,ppr,1,2,2,1,2,0,0,6,50,roster_plus_next_turn,WR,0.5304272411554022
2023,12,14,ppr,1,2,2,1,2,0,0,6,50,roster_plus_next_turn,TE,-0.37340156653858253
2023,12,14,ppr,1,2,2,1,2,0,0,6,50,roster_plus_next_turn,K,0.0
2023,12,14,ppr,1,2,2,1,2,0,0,6,50,opponent_aware,market_rank,11.79791046326005
2023,12,14,ppr,1,2,2,1,2,0,0,6,50,opponent_aware,starter_need,1.6929063877602808
2023,12,14,ppr,1,2,2,1,2,0,0,6,50,opponent_aware,roster_count,3.683278036976393
2023,12,14,ppr,1,2,2,1,2,0,0,6,50,opponent_aware,recent_position_run,0.3854229852192958
2023,12,14,ppr,1,2,2,1,2,0,0,6,50,opponent_aware,next_turn_demand,-0.11892835097958815
2023,12,14,ppr,1,2,2,1,2,0,0,6,50,opponent_aware,next_turn_competition,-1.447132396009545
2023,12,14,ppr,1,2,2,1,2,0,0,6,50,opponent_aware,starter_need_late,-0.7282758113876195
2023,12,14,ppr,1,2,2,1,2,0,0,6,50,opponent_aware,QB,-0.45327749029389164
2023,12,14,ppr,1,2,2,1,2,0,0,6,50,opponent_aware,RB,0.31358584482826607
2023,12,14,ppr,1,2,2,1,2,0,0,6,50,opponent_aware,WR,0.4605026640375574
2023,12,14,ppr,1,2,2,1,2,0,0,6,50,opponent_aware,TE,-0.32081101858121724
2023,12,14,ppr,1,2,2,1,2,0,0,6,50,opponent_aware,K,0.0
2023,12,15,ppr,1,2,2,1,2,0,0,7,50,adp_only,market_rank,8.496103135339283
2023,12,15,ppr,1,2,2,1,2,0,0,7,50,position_baseline,market_rank,8.534775847788303
2023,12,15,ppr,1,2,2,1,2,0,0,7,50,position_baseline,QB,-0.12799242010008946
2023,12,15,ppr,1,2,2,1,2,0,0,7,50,position_baseline,RB,0.10055412265540849
2023,12,15,ppr,1,2,2,1,2,0,0,7,50,position_baseline,WR,0.08049106858063053
2023,12,15,ppr,1,2,2,1,2,0,0,7,50,position_baseline,TE,-0.05305277114545497
2023,12,15,ppr,1,2,2,1,2,0,0,7,50,position_baseline,K,0.0
2023,12,15,ppr,1,2,2,1,2,0,0,7,50,roster_aware,market_rank,8.459791553261404
2023,12,15,ppr,1,2,2,1,2,0,0,7,50,roster_aware,starter_need,1.100146025325789
2023,12,15,ppr,1,2,2,1,2,0,0,7,50,roster_aware,roster_count,3.872523646960856
2023,12,15,ppr,1,2,2,1,2,0,0,7,50,roster_aware,starter_need_late,-0.11579090120265549
2023,12,15,ppr,1,2,2,1,2,0,0,7,50,roster_aware,QB,-0.3858672960177885
2023,12,15,ppr,1,2,2,1,2,0,0,7,50,roster_aware,RB,0.3640856002764507
2023,12,15,ppr,1,2,2,1,2,0,0,7,50,roster_aware,WR,0.4937786066164292
2023,12,15,ppr,1,2,2,1,2,0,0,7,50,roster_aware,TE,-0.4719969108868559
2023,12,15,ppr,1,2,2,1,2,0,0,7,50,roster_aware,K,0.0
2023,12,15,ppr,1,2,2,1,2,0,0,7,50,run_aware,market_rank,8.543747783858905
2023,12,15,ppr,1,2,2,1,2,0,0,7,50,run_aware,recent_position_run,0.13210246239635473
2023,12,15,ppr,1,2,2,1,2,0,0,7,50,run_aware,QB,-0.11081836394826058
2023,12,15,ppr,1,2,2,1,2,0,0,7,50,run_aware,RB,0.08854338209852007
2023,12,15,ppr,1,2,2,1,2,0,0,7,50,run_aware,WR,0.05869095747560516
2023,12,15,ppr,1,2,2,1,2,0,0,7,50,run_aware,TE,-0.03641597563439815
2023,12,15,ppr,1,2,2,1,2,0,0,7,50,run_aware,K,0.0
2023,12,15,ppr,1,2,2,1,2,0,0,7,50,next_turn_aware,market_rank,8.592349462091686
2023,12,15,ppr,1,2,2,1,2,0,0,7,50,next_turn_aware,next_turn_demand,-0.018522885902923735
2023,12,15,ppr,1,2,2,1,2,0,0,7,50,next_turn_aware,next_turn_competition,-1.1033346160322675
2023,12,15,ppr,1,2,2,1,2,0,0,7,50,next_turn_aware,QB,-0.19591656583151673
2023,12,15,ppr,1,2,2,1,2,0,0,7,50,next_turn_aware,RB,0.09899230647569235
2023,12,15,ppr,1,2,2,1,2,0,0,7,50,next_turn_aware,WR,0.0691700841967389
2023,12,15,ppr,1,2,2,1,2,0,0,7,50,next_turn_aware,TE,0.02775417515069191
2023,12,15,ppr,1,2,2,1,2,0,0,7,50,next_turn_aware,K,0.0
2023,12,15,ppr,1,2,2,1,2,0,0,7,50,roster_plus_run,market_rank,8.465510997419559
2023,12,15,ppr,1,2,2,1,2,0,0,7,50,roster_plus_run,starter_need,1.1072676378868143
2023,12,15,ppr,1,2,2,1,2,0,0,7,50,roster_plus_run,roster_count,3.8537678325343347
2023,12,15,ppr,1,2,2,1,2,0,0,7,50,roster_plus_run,recent_position_run,0.07984909577045665
2023,12,15,ppr,1,2,2,1,2,0,0,7,50,roster_plus_run,starter_need_late,-0.12246681973628591
2023,12,15,ppr,1,2,2,1,2,0,0,7,50,roster_plus_run,QB,-0.374405485121531
2023,12,15,ppr,1,2,2,1,2,0,0,7,50,roster_plus_run,RB,0.35612826517815854
2023,12,15,ppr,1,2,2,1,2,0,0,7,50,roster_plus_run,WR,0.4791662225543681
2023,12,15,ppr,1,2,2,1,2,0,0,7,50,roster_plus_run,TE,-0.4608890026203509
2023,12,15,ppr,1,2,2,1,2,0,0,7,50,roster_plus_run,K,0.0
2023,12,15,ppr,1,2,2,1,2,0,0,7,50,roster_plus_next_turn,market_rank,8.542516074343045
2023,12,15,ppr,1,2,2,1,2,0,0,7,50,roster_plus_next_turn,starter_need,1.3924432244640406
2023,12,15,ppr,1,2,2,1,2,0,0,7,50,roster_plus_next_turn,roster_count,3.9882365091599654
2023,12,15,ppr,1,2,2,1,2,0,0,7,50,roster_plus_next_turn,next_turn_demand,-0.12859868364878616
2023,12,15,ppr,1,2,2,1,2,0,0,7,50,roster_plus_next_turn,next_turn_competition,-1.5505169805759935
2023,12,15,ppr,1,2,2,1,2,0,0,7,50,roster_plus_next_turn,starter_need_late,-0.487002132117403
2023,12,15,ppr,1,2,2,1,2,0,0,7,50,roster_plus_next_turn,QB,-0.48286088737962385
2023,12,15,ppr,1,2,2,1,2,0,0,7,50,roster_plus_next_turn,RB,0.366125796354987
2023,12,15,ppr,1,2,2,1,2,0,0,7,50,roster_plus_next_turn,WR,0.4877997723741627
2023,12,15,ppr,1,2,2,1,2,0,0,7,50,roster_plus_next_turn,TE,-0.3710646813598538
2023,12,15,ppr,1,2,2,1,2,0,0,7,50,roster_plus_next_turn,K,0.0
2023,12,15,ppr,1,2,2,1,2,0,0,7,50,opponent_aware,market_rank,8.548008756460565
2023,12,15,ppr,1,2,2,1,2,0,0,7,50,opponent_aware,starter_need,1.3966898762785194
2023,12,15,ppr,1,2,2,1,2,0,0,7,50,opponent_aware,roster_count,3.971234070979523
2023,12,15,ppr,1,2,2,1,2,0,0,7,50,opponent_aware,recent_position_run,0.07652691626642674
2023,12,15,ppr,1,2,2,1,2,0,0,7,50,opponent_aware,next_turn_demand,-0.13005337435789888
2023,12,15,ppr,1,2,2,1,2,0,0,7,50,opponent_aware,next_turn_competition,-1.5491402413982625
2023,12,15,ppr,1,2,2,1,2,0,0,7,50,opponent_aware,starter_need_late,-0.48939179234206803
2023,12,15,ppr,1,2,2,1,2,0,0,7,50,opponent_aware,QB,-0.471987610507193
2023,12,15,ppr,1,2,2,1,2,0,0,7,50,opponent_aware,RB,0.3585127045287108
2023,12,15,ppr,1,2,2,1,2,0,0,7,50,opponent_aware,WR,0.47376990354061577
2023,12,15,ppr,1,2,2,1,2,0,0,7,50,opponent_aware,TE,-0.3602949975708364
2023,12,15,ppr,1,2,2,1,2,0,0,7,50,opponent_aware,K,0.0
2023,12,15,ppr,1,2,2,1,2,1,1,5,50,adp_only,market_rank,9.094268097345694
2023,12,15,ppr,1,2,2,1,2,1,1,5,50,position_baseline,market_rank,9.233826231821613
2023,12,15,ppr,1,2,2,1,2,1,1,5,50,position_baseline,QB,-0.2925486248967715
2023,12,15,ppr,1,2,2,1,2,1,1,5,50,position_baseline,RB,-0.1008199546983852
2023,12,15,ppr,1,2,2,1,2,1,1,5,50,position_baseline,WR,-0.01597171123027492
2023,12,15,ppr,1,2,2,1,2,1,1,5,50,position_baseline,TE,-0.10274032816145494
2023,12,15,ppr,1,2,2,1,2,1,1,5,50,position_baseline,K,0.5120806189829449
2023,12,15,ppr,1,2,2,1,2,1,1,5,50,roster_aware,market_rank,9.187299531612464
2023,12,15,ppr,1,2,2,1,2,1,1,5,50,roster_aware,starter_need,-1.4430231302986258
2023,12,15,ppr,1,2,2,1,2,1,1,5,50,roster_aware,roster_count,4.699425275127833
2023,12,15,ppr,1,2,2,1,2,1,1,5,50,roster_aware,starter_need_late,5.117180278152388
2023,12,15,ppr,1,2,2,1,2,1,1,5,50,roster_aware,QB,0.08067594338962351
2023,12,15,ppr,1,2,2,1,2,1,1,5,50,roster_aware,RB,0.8352223669410457
2023,12,15,ppr,1,2,2,1,2,1,1,5,50,roster_aware,WR,1.0619259635877834
2023,12,15,ppr,1,2,2,1,2,1,1,5,50,roster_aware,TE,0.060432504705726156
2023,12,15,ppr,1,2,2,1,2,1,1,5,50,roster_aware,K,-2.0382567786254286
2023,12,15,ppr,1,2,2,1,2,1,1,5,50,run_aware,market_rank,9.27757845096795
2023,12,15,ppr,1,2,2,1,2,1,1,5,50,run_aware,recent_position_run,0.5778919415537399
2023,12,15,ppr,1,2,2,1,2,1,1,5,50,run_aware,QB,-0.23481431064614128
2023,12,15,ppr,1,2,2,1,2,1,1,5,50,run_aware,RB,-0.15108363988087142
2023,12,15,ppr,1,2,2,1,2,1,1,5,50,run_aware,WR,-0.10837501323823334
2023,12,15,ppr,1,2,2,1,2,1,1,5,50,run_aware,TE,-0.03903200528573822
2023,12,15,ppr,1,2,2,1,2,1,1,5,50,run_aware,K,0.5333049690477574
2023,12,15,ppr,1,2,2,1,2,1,1,5,50,next_turn_aware,market_rank,9.3550799978054
2023,12,15,ppr,1,2,2,1,2,1,1,5,50,next_turn_aware,next_turn_demand,-1.0198397247945772
2023,12,15,ppr,1,2,2,1,2,1,1,5,50,next_turn_aware,next_turn_competition,-0.43785457656290616
2023,12,15,ppr,1,2,2,1,2,1,1,5,50,next_turn_aware,QB,-0.6279256664370263
2023,12,15,ppr,1,2,2,1,2,1,1,5,50,next_turn_aware,RB,-0.2653722985355797
2023,12,15,ppr,1,2,2,1,2,1,1,5,50,next_turn_aware,WR,-0.198428610797621
2023,12,15,ppr,1,2,2,1,2,1,1,5,50,next_turn_aware,TE,-0.15924581642765331
2023,12,15,ppr,1,2,2,1,2,1,1,5,50,next_turn_aware,K,1.2509723921953837
2023,12,15,ppr,1,2,2,1,2,1,1,5,50,roster_plus_run,market_rank,9.21779302906362
2023,12,15,ppr,1,2,2,1,2,1,1,5,50,roster_plus_run,starter_need,-1.3410057322854925
2023,12,15,ppr,1,2,2,1,2,1,1,5,50,roster_plus_run,roster_count,4.580045022931597
2023,12,15,ppr,1,2,2,1,2,1,1,5,50,roster_plus_run,recent_position_run,0.37563567845309265
2023,12,15,ppr,1,2,2,1,2,1,1,5,50,roster_plus_run,starter_need_late,4.942903774579815
2023,12,15,ppr,1,2,2,1,2,1,1,5,50,roster_plus_run,QB,0.11460896797141874
2023,12,15,ppr,1,2,2,1,2,1,1,5,50,roster_plus_run,RB,0.7865463023864366
2023,12,15,ppr,1,2,2,1,2,1,1,5,50,roster_plus_run,WR,0.9826549111336925
2023,12,15,ppr,1,2,2,1,2,1,1,5,50,roster_plus_run,TE,0.09738717216804613
2023,12,15,ppr,1,2,2,1,2,1,1,5,50,roster_plus_run,K,-1.9811973536604857
2023,12,15,ppr,1,2,2,1,2,1,1,5,50,roster_plus_next_turn,market_rank,9.33143180042856
2023,12,15,ppr,1,2,2,1,2,1,1,5,50,roster_plus_next_turn,starter_need,-0.5455588830292516
2023,12,15,ppr,1,2,2,1,2,1,1,5,50,roster_plus_next_turn,roster_count,4.69755596773956
2023,12,15,ppr,1,2,2,1,2,1,1,5,50,roster_plus_next_turn,next_turn_demand,-1.2925524622519726
2023,12,15,ppr,1,2,2,1,2,1,1,5,50,roster_plus_next_turn,next_turn_competition,-0.48807876008638834
2023,12,15,ppr,1,2,2,1,2,1,1,5,50,roster_plus_next_turn,starter_need_late,3.6709548081632426
2023,12,15,ppr,1,2,2,1,2,1,1,5,50,roster_plus_next_turn,QB,-0.35003988692251353
2023,12,15,ppr,1,2,2,1,2,1,1,5,50,roster_plus_next_turn,RB,0.572217958806555
2023,12,15,ppr,1,2,2,1,2,1,1,5,50,roster_plus_next_turn,WR,0.783601251574716
2023,12,15,ppr,1,2,2,1,2,1,1,5,50,roster_plus_next_turn,TE,-0.0651152727706151
2023,12,15,ppr,1,2,2,1,2,1,1,5,50,roster_plus_next_turn,K,-0.9406640506891937
2023,12,15,ppr,1,2,2,1,2,1,1,5,50,opponent_aware,market_rank,9.357038827277451
2023,12,15,ppr,1,2,2,1,2,1,1,5,50,opponent_aware,starter_need,-0.4688875988462566
2023,12,15,ppr,1,2,2,1,2,1,1,5,50,opponent_aware,roster_count,4.59372305267455
2023,12,15,ppr,1,2,2,1,2,1,1,5,50,opponent_aware,recent_position_run,0.329921298232238
2023,12,15,ppr,1,2,2,1,2,1,1,5,50,opponent_aware,next_turn_demand,-1.283493986627801
2023,12,15,ppr,1,2,2,1,2,1,1,5,50,opponent_aware,next_turn_competition,-0.4882566929427075
2023,12,15,ppr,1,2,2,1,2,1,1,5,50,opponent_aware,starter_need_late,3.546542791844469
2023,12,15,ppr,1,2,2,1,2,1,1,5,50,opponent_aware,QB,-0.31408984285364555
2023,12,15,ppr,1,2,2,1,2,1,1,5,50,opponent_aware,RB,0.5335275720660683
2023,12,15,ppr,1,2,2,1,2,1,1,5,50,opponent_aware,WR,0.7176947981479036
2023,12,15,ppr,1,2,2,1,2,1,1,5,50,opponent_aware,TE,-0.03117363824988041
2023,12,15,ppr,1,2,2,1,2,1,1,5,50,opponent_aware,K,-0.9059588891109043
2023,12,15,ppr,1,2,2,1,2,1,1,5,150,adp_only,market_rank,8.603193667654791
2023,12,15,ppr,1,2,2,1,2,1,1,5,150,position_baseline,market_rank,8.743533311485672
2023,12,15,ppr,1,2,2,1,2,1,1,5,150,position_baseline,QB,-0.28390240512284814
2023,12,15,ppr,1,2,2,1,2,1,1,5,150,position_baseline,RB,-0.06531068705524268
2023,12,15,ppr,1,2,2,1,2,1,1,5,150,position_baseline,WR,0.024969713440694784
2023,12,15,ppr,1,2,2,1,2,1,1,5,150,position_baseline,TE,-0.11220741271984397
2023,12,15,ppr,1,2,2,1,2,1,1,5,150,position_baseline,K,0.43645079143216897
2023,12,15,ppr,1,2,2,1,2,1,1,5,150,roster_aware,market_rank,8.659234596562769
2023,12,15,ppr,1,2,2,1,2,1,1,5,150,roster_aware,starter_need,-1.2679498142301513
2023,12,15,ppr,1,2,2,1,2,1,1,5,150,roster_aware,roster_count,4.362405041673693
2023,12,15,ppr,1,2,2,1,2,1,1,5,150,roster_aware,starter_need_late,4.498524644636524
2023,12,15,ppr,1,2,2,1,2,1,1,5,150,roster_aware,QB,-0.001303181855983143
2023,12,15,ppr,1,2,2,1,2,1,1,5,150,roster_aware,RB,0.7315543270842727
2023,12,15,ppr,1,2,2,1,2,1,1,5,150,roster_aware,WR,0.9531652124288017
2023,12,15,ppr,1,2,2,1,2,1,1,5,150,roster_aware,TE,-0.010272754529708855
2023,12,15,ppr,1,2,2,1,2,1,1,5,150,roster_aware,K,-1.6731436031291493
2023,12,15,ppr,1,2,2,1,2,1,1,5,150,run_aware,market_rank,8.771705178063343
2023,12,15,ppr,1,2,2,1,2,1,1,5,150,run_aware,recent_position_run,0.5279210282292566
2023,12,15,ppr,1,2,2,1,2,1,1,5,150,run_aware,QB,-0.2309501143835518
2023,12,15,ppr,1,2,2,1,2,1,1,5,150,run_aware,RB,-0.1122779448233016
2023,12,15,ppr,1,2,2,1,2,1,1,5,150,run_aware,WR,-0.06020312381790877
2023,12,15,ppr,1,2,2,1,2,1,1,5,150,run_aware,TE,-0.0556898153094132
2023,12,15,ppr,1,2,2,1,2,1,1,5,150,run_aware,K,0.4591209983149801
2023,12,15,ppr,1,2,2,1,2,1,1,5,150,next_turn_aware,market_rank,8.862405607924204
2023,12,15,ppr,1,2,2,1,2,1,1,5,150,next_turn_aware,next_turn_demand,-0.8887669645546232
2023,12,15,ppr,1,2,2,1,2,1,1,5,150,next_turn_aware,next_turn_competition,-0.49008003215763746
2023,12,15,ppr,1,2,2,1,2,1,1,5,150,next_turn_aware,QB,-0.5889303046471882
2023,12,15,ppr,1,2,2,1,2,1,1,5,150,next_turn_aware,RB,-0.21065696174450876
2023,12,15,ppr,1,2,2,1,2,1,1,5,150,next_turn_aware,WR,-0.1350909492683542
2023,12,15,ppr,1,2,2,1,2,1,1,5,150,next_turn_aware,TE,-0.15865002533653266
2023,12,15,ppr,1,2,2,1,2,1,1,5,150,next_turn_aware,K,1.0933282409791558
2023,12,15,ppr,1,2,2,1,2,1,1,5,150,roster_plus_run,market_rank,8.680163891128892
2023,12,15,ppr,1,2,2,1,2,1,1,5,150,roster_plus_run,starter_need,-1.1851037151501322
2023,12,15,ppr,1,2,2,1,2,1,1,5,150,roster_plus_run,roster_count,4.254857989374112
2023,12,15,ppr,1,2,2,1,2,1,1,5,150,roster_plus_run,recent_position_run,0.3531086793518796
2023,12,15,ppr,1,2,2,1,2,1,1,5,150,roster_plus_run,starter_need_late,4.36240732339594
2023,12,15,ppr,1,2,2,1,2,1,1,5,150,roster_plus_run,QB,0.03312203211646615
2023,12,15,ppr,1,2,2,1,2,1,1,5,150,roster_plus_run,RB,0.6880932152043527
2023,12,15,ppr,1,2,2,1,2,1,1,5,150,roster_plus_run,WR,0.8810275341832259
2023,12,15,ppr,1,2,2,1,2,1,1,5,150,roster_plus_run,TE,0.025473684834788127
2023,12,15,ppr,1,2,2,1,2,1,1,5,150,roster_plus_run,K,-1.627716466344487
2023,12,15,ppr,1,2,2,1,2,1,1,5,150,roster_plus_next_turn,market_rank,8.802235485659882
2023,12,15,ppr,1,2,2,1,2,1,1,5,150,roster_plus_next_turn,starter_need,-0.44131673176772285
2023,12,15,ppr,1,2,2,1,2,1,1,5,150,roster_plus_next_turn,roster_count,4.345823996874427
2023,12,15,ppr,1,2,2,1,2,1,1,5,150,roster_plus_next_turn,next_turn_demand,-1.156944064570069
2023,12,15,ppr,1,2,2,1,2,1,1,5,150,roster_plus_next_turn,next_turn_competition,-0.5771870408169437
2023,12,15,ppr,1,2,2,1,2,1,1,5,150,roster_plus_next_turn,starter_need_late,3.221533740797027
2023,12,15,ppr,1,2,2,1,2,1,1,5,150,roster_plus_next_turn,QB,-0.39696702055344685
2023,12,15,ppr,1,2,2,1,2,1,1,5,150,roster_plus_next_turn,RB,0.49961734467347
2023,12,15,ppr,1,2,2,1,2,1,1,5,150,roster_plus_next_turn,WR,0.7085536326461871
2023,12,15,ppr,1,2,2,1,2,1,1,5,150,roster_plus_next_turn,TE,-0.11649684438541412
2023,12,15,ppr,1,2,2,1,2,1,1,5,150,roster_plus_next_turn,K,-0.6947071123951313
2023,12,15,ppr,1,2,2,1,2,1,1,5,150,opponent_aware,market_rank,8.821194807914077
2023,12,15,ppr,1,2,2,1,2,1,1,5,150,opponent_aware,starter_need,-0.3753624341271555
2023,12,15,ppr,1,2,2,1,2,1,1,5,150,opponent_aware,roster_count,4.247894414171889
2023,12,15,ppr,1,2,2,1,2,1,1,5,150,opponent_aware,recent_position_run,0.32058493461395277
2023,12,15,ppr,1,2,2,1,2,1,1,5,150,opponent_aware,next_turn_demand,-1.155967321927911
2023,12,15,ppr,1,2,2,1,2,1,1,5,150,opponent_aware,next_turn_competition,-0.5711835849108148
2023,12,15,ppr,1,2,2,1,2,1,1,5,150,opponent_aware,starter_need_late,3.118218929510979
2023,12,15,ppr,1,2,2,1,2,1,1,5,150,opponent_aware,QB,-0.36096232357283536
2023,12,15,ppr,1,2,2,1,2,1,1,5,150,opponent_aware,RB,0.4625903292958811
2023,12,15,ppr,1,2,2,1,2,1,1,5,150,opponent_aware,WR,0.6453193963024365
2023,12,15,ppr,1,2,2,1,2,1,1,5,150,opponent_aware,TE,-0.08296962496415289
2023,12,15,ppr,1,2,2,1,2,1,1,5,150,opponent_aware,K,-0.6639777770733162
2023,12,15,ppr,1,2,2,1,3,0,0,6,50,adp_only,market_rank,9.508699752583142
2023,12,15,ppr,1,2,2,1,3,0,0,6,50,position_baseline,market_rank,9.580919078596212
2023,12,15,ppr,1,2,2,1,3,0,0,6,50,position_baseline,QB,-0.20203352335207875
2023,12,15,ppr,1,2,2,1,3,0,0,6,50,position_baseline,RB,0.07262547150502863
2023,12,15,ppr,1,2,2,1,3,0,0,6,50,position_baseline,WR,0.14431466506980878
2023,12,15,ppr,1,2,2,1,3,0,0,6,50,position_baseline,TE,-0.014906613236695818
2023,12,15,ppr,1,2,2,1,3,0,0,6,50,position_baseline,K,0.0
2023,12,15,ppr,1,2,2,1,3,0,0,6,50,roster_aware,market_rank,9.505204509386612
2023,12,15,ppr,1,2,2,1,3,0,0,6,50,roster_aware,starter_need,1.295339989418883
2023,12,15,ppr,1,2,2,1,3,0,0,6,50,roster_aware,roster_count,3.48568907116608
2023,12,15,ppr,1,2,2,1,3,0,0,6,50,roster_aware,starter_need_late,-0.40274749320447417
2023,12,15,ppr,1,2,2,1,3,0,0,6,50,roster_aware,QB,-0.3990313757240029
2023,12,15,ppr,1,2,2,1,3,0,0,6,50,roster_aware,RB,0.2846189951670241
2023,12,15,ppr,1,2,2,1,3,0,0,6,50,roster_aware,WR,0.4968355146928744
2023,12,15,ppr,1,2,2,1,3,0,0,6,50,roster_aware,TE,-0.3824231341438034
2023,12,15,ppr,1,2,2,1,3,0,0,6,50,roster_aware,K,0.0
2023,12,15,ppr,1,2,2,1,3,0,0,6,50,run_aware,market_rank,9.59330585408855
2023,12,15,ppr,1,2,2,1,3,0,0,6,50,run_aware,recent_position_run,0.2257060500404968
2023,12,15,ppr,1,2,2,1,3,0,0,6,50,run_aware,QB,-0.17218378368248136
2023,12,15,ppr,1,2,2,1,3,0,0,6,50,run_aware,RB,0.05276249269647874
2023,12,15,ppr,1,2,2,1,3,0,0,6,50,run_aware,WR,0.10600382374568253
2023,12,15,ppr,1,2,2,1,3,0,0,6,50,run_aware,TE,0.013417467231298379
2023,12,15,ppr,1,2,2,1,3,0,0,6,50,run_aware,K,0.0
2023,12,15,ppr,1,2,2,1,3,0,0,6,50,next_turn_aware,market_rank,9.650536250684024
2023,12,15,ppr,1,2,2,1,3,0,0,6,50,next_turn_aware,next_turn_demand,-0.18966000197952768
2023,12,15,ppr,1,2,2,1,3,0,0,6,50,next_turn_aware,next_turn_competition,-0.8771169569315777
2023,12,15,ppr,1,2,2,1,3,0,0,6,50,next_turn_aware,QB,-0.3101552473832344
2023,12,15,ppr,1,2,2,1,3,0,0,6,50,next_turn_aware,RB,0.0914340364328553
2023,12,15,ppr,1,2,2,1,3,0,0,6,50,next_turn_aware,WR,0.15764226379311508
2023,12,15,ppr,1,2,2,1,3,0,0,6,50,next_turn_aware,TE,0.06107894714369785
2023,12,15,ppr,1,2,2,1,3,0,0,6,50,next_turn_aware,K,0.0
2023,12,15,ppr,1,2,2,1,3,0,0,6,50,roster_plus_run,market_rank,9.513696678135005
2023,12,15,ppr,1,2,2,1,3,0,0,6,50,roster_plus_run,starter_need,1.3062746306175452
2023,12,15,ppr,1,2,2,1,3,0,0,6,50,roster_plus_run,roster_count,3.455624065937224
2023,12,15,ppr,1,2,2,1,3,0,0,6,50,roster_plus_run,recent_position_run,0.14870756260235335
2023,12,15,ppr,1,2,2,1,3,0,0,6,50,roster_plus_run,starter_need_late,-0.417599801525716
2023,12,15,ppr,1,2,2,1,3,0,0,6,50,roster_plus_run,QB,-0.3777290660275213
2023,12,15,ppr,1,2,2,1,3,0,0,6,50,roster_plus_run,RB,0.27030180960184447
2023,12,15,ppr,1,2,2,1,3,0,0,6,50,roster_plus_run,WR,0.4690851346922294
2023,12,15,ppr,1,2,2,1,3,0,0,6,50,roster_plus_run,TE,-0.36165787827728735
2023,12,15,ppr,1,2,2,1,3,0,0,6,50,roster_plus_run,K,0.0
2023,12,15,ppr,1,2,2,1,3,0,0,6,50,roster_plus_next_turn,market_rank,9.606581900884176
2023,12,15,ppr,1,2,2,1,3,0,0,6,50,roster_plus_next_turn,starter_need,1.6708487948063264
2023,12,15,ppr,1,2,2,1,3,0,0,6,50,roster_plus_next_turn,roster_count,3.620519648153501
2023,12,15,ppr,1,2,2,1,3,0,0,6,50,roster_plus_next_turn,next_turn_demand,-0.43992470722454663
2023,12,15,ppr,1,2,2,1,3,0,0,6,50,roster_plus_next_turn,next_turn_competition,-1.23374793354792
2023,12,15,ppr,1,2,2,1,3,0,0,6,50,roster_plus_next_turn,starter_need_late,-0.878752896166821
2023,12,15,ppr,1,2,2,1,3,0,0,6,50,roster_plus_next_turn,QB,-0.5592610051511474
2023,12,15,ppr,1,2,2,1,3,0,0,6,50,roster_plus_next_turn,RB,0.3159764765996572
2023,12,15,ppr,1,2,2,1,3,0,0,6,50,roster_plus_next_turn,WR,0.5273636433717691
2023,12,15,ppr,1,2,2,1,3,0,0,6,50,roster_plus_next_turn,TE,-0.2840791148357359
2023,12,15,ppr,1,2,2,1,3,0,0,6,50,roster_plus_next_turn,K,0.0
2023,12,15,ppr,1,2,2,1,3,0,0,6,50,opponent_aware,market_rank,9.616130793852669
2023,12,15,ppr,1,2,2,1,3,0,0,6,50,opponent_aware,starter_need,1.6819565826604623
2023,12,15,ppr,1,2,2,1,3,0,0,6,50,opponent_aware,roster_count,3.5881596295966536
2023,12,15,ppr,1,2,2,1,3,0,0,6,50,opponent_aware,recent_position_run,0.16325264520760674
2023,12,15,ppr,1,2,2,1,3,0,0,6,50,opponent_aware,next_turn_demand,-0.4425995300956912
2023,12,15,ppr,1,2,2,1,3,0,0,6,50,opponent_aware,next_turn_competition,-1.2356990418118081
2023,12,15,ppr,1,2,2,1,3,0,0,6,50,opponent_aware,starter_need_late,-0.8944664321946564
2023,12,15,ppr,1,2,2,1,3,0,0,6,50,opponent_aware,QB,-0.5359352231537479
2023,12,15,ppr,1,2,2,1,3,0,0,6,50,opponent_aware,RB,0.3003576371338313
2023,12,15,ppr,1,2,2,1,3,0,0,6,50,opponent_aware,WR,0.49693650641993514
2023,12,15,ppr,1,2,2,1,3,0,0,6,50,opponent_aware,TE,-0.26135892040824477
2023,12,15,ppr,1,2,2,1,3,0,0,6,50,opponent_aware,K,0.0
2023,12,15,ppr,1,2,3,1,2,0,0,6,50,adp_only,market_rank,9.501868720480791
2023,12,15,ppr,1,2,3,1,2,0,0,6,50,position_baseline,market_rank,9.548631304287182
2023,12,15,ppr,1,2,3,1,2,0,0,6,50,position_baseline,QB,-0.1606053927652572
2023,12,15,ppr,1,2,3,1,2,0,0,6,50,position_baseline,RB,0.12481503877455571
2023,12,15,ppr,1,2,3,1,2,0,0,6,50,position_baseline,WR,0.11560255249456326
2023,12,15,ppr,1,2,3,1,2,0,0,6,50,position_baseline,TE,-0.07981219851603381
2023,12,15,ppr,1,2,3,1,2,0,0,6,50,position_baseline,K,0.0
2023,12,15,ppr,1,2,3,1,2,0,0,6,50,roster_aware,market_rank,9.54163748735371
2023,12,15,ppr,1,2,3,1,2,0,0,6,50,roster_aware,starter_need,1.4532990997769992
2023,12,15,ppr,1,2,3,1,2,0,0,6,50,roster_aware,roster_count,3.1362200385643706
2023,12,15,ppr,1,2,3,1,2,0,0,6,50,roster_aware,starter_need_late,-0.028003309493985325
2023,12,15,ppr,1,2,3,1,2,0,0,6,50,roster_aware,QB,-0.3558966464224427
2023,12,15,ppr,1,2,3,1,2,0,0,6,50,roster_aware,RB,0.35564763853525294
2023,12,15,ppr,1,2,3,1,2,0,0,6,50,roster_aware,WR,0.48656585121165496
2023,12,15,ppr,1,2,3,1,2,0,0,6,50,roster_aware,TE,-0.4863168433322686
2023,12,15,ppr,1,2,3,1,2,0,0,6,50,roster_aware,K,0.0
2023,12,15,ppr,1,2,3,1,2,0,0,6,50,run_aware,market_rank,9.5823308593019
2023,12,15,ppr,1,2,3,1,2,0,0,6,50,run_aware,recent_position_run,0.37662141258024445
2023,12,15,ppr,1,2,3,1,2,0,0,6,50,run_aware,QB,-0.10697513565171894
2023,12,15,ppr,1,2,3,1,2,0,0,6,50,run_aware,RB,0.09058895213606571
2023,12,15,ppr,1,2,3,1,2,0,0,6,50,run_aware,WR,0.04701265883104103
2023,12,15,ppr,1,2,3,1,2,0,0,6,50,run_aware,TE,-0.030626475325603607
2023,12,15,ppr,1,2,3,1,2,0,0,6,50,run_aware,K,0.0
2023,12,15,ppr,1,2,3,1,2,0,0,6,50,next_turn_aware,market_rank,9.585246094099743
2023,12,15,ppr,1,2,3,1,2,0,0,6,50,next_turn_aware,next_turn_demand,0.13683872369747002
2023,12,15,ppr,1,2,3,1,2,0,0,6,50,next_turn_aware,next_turn_competition,-1.1119817796584588
2023,12,15,ppr,1,2,3,1,2,0,0,6,50,next_turn_aware,QB,-0.2466912262882279
2023,12,15,ppr,1,2,3,1,2,0,0,6,50,next_turn_aware,RB,0.12996027613892483
2023,12,15,ppr,1,2,3,1,2,0,0,6,50,next_turn_aware,WR,0.12439741465539271
2023,12,15,ppr,1,2,3,1,2,0,0,6,50,next_turn_aware,TE,-0.007666464516125111
2023,12,15,ppr,1,2,3,1,2,0,0,6,50,next_turn_aware,K,0.0
2023,12,15,ppr,1,2,3,1,2,0,0,6,50,roster_plus_run,market_rank,9.568048041825126
2023,12,15,ppr,1,2,3,1,2,0,0,6,50,roster_plus_run,starter_need,1.4633370809125903
2023,12,15,ppr,1,2,3,1,2,0,0,6,50,roster_plus_run,roster_count,3.0640805308807577
2023,12,15,ppr,1,2,3,1,2,0,0,6,50,roster_plus_run,recent_position_run,0.2950557854236407
2023,12,15,ppr,1,2,3,1,2,0,0,6,50,roster_plus_run,starter_need_late,-0.03617794497812424
2023,12,15,ppr,1,2,3,1,2,0,0,6,50,roster_plus_run,QB,-0.30948971933352465
2023,12,15,ppr,1,2,3,1,2,0,0,6,50,roster_plus_run,RB,0.3259270093994299
2023,12,15,ppr,1,2,3,1,2,0,0,6,50,roster_plus_run,WR,0.4258564349931593
2023,12,15,ppr,1,2,3,1,2,0,0,6,50,roster_plus_run,TE,-0.4422937250661916
2023,12,15,ppr,1,2,3,1,2,0,0,6,50,roster_plus_run,K,0.0
2023,12,15,ppr,1,2,3,1,2,0,0,6,50,roster_plus_next_turn,market_rank,9.599593704711458
2023,12,15,ppr,1,2,3,1,2,0,0,6,50,roster_plus_next_turn,starter_need,1.6312546000622747
2023,12,15,ppr,1,2,3,1,2,0,0,6,50,roster_plus_next_turn,roster_count,3.245525488775881
2023,12,15,ppr,1,2,3,1,2,0,0,6,50,roster_plus_next_turn,next_turn_demand,-0.16020717926486433
2023,12,15,ppr,1,2,3,1,2,0,0,6,50,roster_plus_next_turn,next_turn_competition,-1.3471304569292664
2023,12,15,ppr,1,2,3,1,2,0,0,6,50,roster_plus_next_turn,starter_need_late,-0.23528569040273337
2023,12,15,ppr,1,2,3,1,2,0,0,6,50,roster_plus_next_turn,QB,-0.4821055327426824
2023,12,15,ppr,1,2,3,1,2,0,0,6,50,roster_plus_next_turn,RB,0.36671371509225137
2023,12,15,ppr,1,2,3,1,2,0,0,6,50,roster_plus_next_turn,WR,0.507827564417665
2023,12,15,ppr,1,2,3,1,2,0,0,6,50,roster_plus_next_turn,TE,-0.39243574677779786
2023,12,15,ppr,1,2,3,1,2,0,0,6,50,roster_plus_next_turn,K,0.0
2023,12,15,ppr,1,2,3,1,2,0,0,6,50,opponent_aware,market_rank,9.62792514288427
2023,12,15,ppr,1,2,3,1,2,0,0,6,50,opponent_aware,starter_need,1.6405705741528813
2023,12,15,ppr,1,2,3,1,2,0,0,6,50,opponent_aware,roster_count,3.171792343226795
2023,12,15,ppr,1,2,3,1,2,0,0,6,50,opponent_aware,recent_position_run,0.31371255196816045
2023,12,15,ppr,1,2,3,1,2,0,0,6,50,opponent_aware,next_turn_demand,-0.1777960566870421
2023,12,15,ppr,1,2,3,1,2,0,0,6,50,opponent_aware,next_turn_competition,-1.343754327505784
2023,12,15,ppr,1,2,3,1,2,0,0,6,50,opponent_aware,starter_need_late,-0.2414765314198535
2023,12,15,ppr,1,2,3,1,2,0,0,6,50,opponent_aware,QB,-0.43383635235044804
2023,12,15,ppr,1,2,3,1,2,0,0,6,50,opponent_aware,RB,0.33511213020307956
2023,12,15,ppr,1,2,3,1,2,0,0,6,50,opponent_aware,WR,0.44356015144047234
2023,12,15,ppr,1,2,3,1,2,0,0,6,50,opponent_aware,TE,-0.34483592930156814
2023,12,15,ppr,1,2,3,1,2,0,0,6,50,opponent_aware,K,0.0
2023,12,16,ppr,1,2,2,1,2,1,1,6,50,adp_only,market_rank,8.183237846274952
2023,12,16,ppr,1,2,2,1,2,1,1,6,50,position_baseline,market_rank,8.322744079905231
2023,12,16,ppr,1,2,2,1,2,1,1,6,50,position_baseline,QB,-0.319419176820755
2023,12,16,ppr,1,2,2,1,2,1,1,6,50,position_baseline,RB,-0.012961665403546383
2023,12,16,ppr,1,2,2,1,2,1,1,6,50,position_baseline,WR,0.042264931141437014
2023,12,16,ppr,1,2,2,1,2,1,1,6,50,position_baseline,TE,-0.08692772778204645
2023,12,16,ppr,1,2,2,1,2,1,1,6,50,position_baseline,K,0.37704363885861897
2023,12,16,ppr,1,2,2,1,2,1,1,6,50,roster_aware,market_rank,8.228567326782654
2023,12,16,ppr,1,2,2,1,2,1,1,6,50,roster_aware,starter_need,-0.4661079359639987
2023,12,16,ppr,1,2,2,1,2,1,1,6,50,roster_aware,roster_count,3.595328918620041
2023,12,16,ppr,1,2,2,1,2,1,1,6,50,roster_aware,starter_need_late,3.352075300246759
2023,12,16,ppr,1,2,2,1,2,1,1,6,50,roster_aware,QB,-0.06844923130012105
2023,12,16,ppr,1,2,2,1,2,1,1,6,50,roster_aware,RB,0.6910130874450151
2023,12,16,ppr,1,2,2,1,2,1,1,6,50,roster_aware,WR,0.8662081975068892
2023,12,16,ppr,1,2,2,1,2,1,1,6,50,roster_aware,TE,0.024716467827011784
2023,12,16,ppr,1,2,2,1,2,1,1,6,50,roster_aware,K,-1.513488521481044
2023,12,16,ppr,1,2,2,1,2,1,1,6,50,run_aware,market_rank,8.341037686576708
2023,12,16,ppr,1,2,2,1,2,1,1,6,50,run_aware,recent_position_run,0.445753257974192
2023,12,16,ppr,1,2,2,1,2,1,1,6,50,run_aware,QB,-0.2759298231431244
2023,12,16,ppr,1,2,2,1,2,1,1,6,50,run_aware,RB,-0.055002601006016005
2023,12,16,ppr,1,2,2,1,2,1,1,6,50,run_aware,WR,-0.03143274603971353
2023,12,16,ppr,1,2,2,1,2,1,1,6,50,run_aware,TE,-0.038768523477167534
2023,12,16,ppr,1,2,2,1,2,1,1,6,50,run_aware,K,0.4011336936609741
2023,12,16,ppr,1,2,2,1,2,1,1,6,50,next_turn_aware,market_rank,8.41460290095943
2023,12,16,ppr,1,2,2,1,2,1,1,6,50,next_turn_aware,next_turn_demand,-0.702724450001686
2023,12,16,ppr,1,2,2,1,2,1,1,6,50,next_turn_aware,next_turn_competition,-0.6056894329363982
2023,12,16,ppr,1,2,2,1,2,1,1,6,50,next_turn_aware,QB,-0.5718589748006283
2023,12,16,ppr,1,2,2,1,2,1,1,6,50,next_turn_aware,RB,-0.1512424714153421
2023,12,16,ppr,1,2,2,1,2,1,1,6,50,next_turn_aware,WR,-0.11372251136783407
2023,12,16,ppr,1,2,2,1,2,1,1,6,50,next_turn_aware,TE,-0.14172799939383773
2023,12,16,ppr,1,2,2,1,2,1,1,6,50,next_turn_aware,K,0.9785519569729911
2023,12,16,ppr,1,2,2,1,2,1,1,6,50,roster_plus_run,market_rank,8.246567146741212
2023,12,16,ppr,1,2,2,1,2,1,1,6,50,roster_plus_run,starter_need,-0.39101302107353814
2023,12,16,ppr,1,2,2,1,2,1,1,6,50,roster_plus_run,roster_count,3.4817488165652737
2023,12,16,ppr,1,2,2,1,2,1,1,6,50,roster_plus_run,recent_position_run,0.33455582674684237
2023,12,16,ppr,1,2,2,1,2,1,1,6,50,roster_plus_run,starter_need_late,3.238499670608014
2023,12,16,ppr,1,2,2,1,2,1,1,6,50,roster_plus_run,QB,-0.03478044119836012
2023,12,16,ppr,1,2,2,1,2,1,1,6,50,roster_plus_run,RB,0.6486597628885001
2023,12,16,ppr,1,2,2,1,2,1,1,6,50,roster_plus_run,WR,0.7972784567925534
2023,12,16,ppr,1,2,2,1,2,1,1,6,50,roster_plus_run,TE,0.05964498137710863
2023,12,16,ppr,1,2,2,1,2,1,1,6,50,roster_plus_run,K,-1.4708027598630382
2023,12,16,ppr,1,2,2,1,2,1,1,6,50,roster_plus_next_turn,market_rank,8.359762384534974
2023,12,16,ppr,1,2,2,1,2,1,1,6,50,roster_plus_next_turn,starter_need,0.22466820489501746
2023,12,16,ppr,1,2,2,1,2,1,1,6,50,roster_plus_next_turn,roster_count,3.597018027298273
2023,12,16,ppr,1,2,2,1,2,1,1,6,50,roster_plus_next_turn,next_turn_demand,-1.0281400927942197
2023,12,16,ppr,1,2,2,1,2,1,1,6,50,roster_plus_next_turn,next_turn_competition,-0.6996065846300219
2023,12,16,ppr,1,2,2,1,2,1,1,6,50,roster_plus_next_turn,starter_need_late,2.3078883241774086
2023,12,16,ppr,1,2,2,1,2,1,1,6,50,roster_plus_next_turn,QB,-0.41470440941074393
2023,12,16,ppr,1,2,2,1,2,1,1,6,50,roster_plus_next_turn,RB,0.47659707479741376
2023,12,16,ppr,1,2,2,1,2,1,1,6,50,roster_plus_next_turn,WR,0.6351101809198636
2023,12,16,ppr,1,2,2,1,2,1,1,6,50,roster_plus_next_turn,TE,-0.08820311430275518
2023,12,16,ppr,1,2,2,1,2,1,1,6,50,roster_plus_next_turn,K,-0.6087997320088219
2023,12,16,ppr,1,2,2,1,2,1,1,6,50,opponent_aware,market_rank,8.374773637492762
2023,12,16,ppr,1,2,2,1,2,1,1,6,50,opponent_aware,starter_need,0.2884222138936736
2023,12,16,ppr,1,2,2,1,2,1,1,6,50,opponent_aware,roster_count,3.493919544345828
2023,12,16,ppr,1,2,2,1,2,1,1,6,50,opponent_aware,recent_position_run,0.30661885249551224
2023,12,16,ppr,1,2,2,1,2,1,1,6,50,opponent_aware,next_turn_demand,-1.032458294170212
2023,12,16,ppr,1,2,2,1,2,1,1,6,50,opponent_aware,next_turn_competition,-0.6897711950120418
2023,12,16,ppr,1,2,2,1,2,1,1,6,50,opponent_aware,starter_need_late,2.2160078523527584
2023,12,16,ppr,1,2,2,1,2,1,1,6,50,opponent_aware,QB,-0.3806404884263654
2023,12,16,ppr,1,2,2,1,2,1,1,6,50,opponent_aware,RB,0.4397034436210251
2023,12,16,ppr,1,2,2,1,2,1,1,6,50,opponent_aware,WR,0.5737293169355693
2023,12,16,ppr,1,2,2,1,2,1,1,6,50,opponent_aware,TE,-0.05545974374617832
2023,12,16,ppr,1,2,2,1,2,1,1,6,50,opponent_aware,K,-0.5773325283893577
2023,12,18,half_ppr,1,2,3,1,1,0,0,10,50,adp_only,market_rank,8.500749815968506
2023,12,18,half_ppr,1,2,3,1,1,0,0,10,50,position_baseline,market_rank,8.517507089713437
2023,12,18,half_ppr,1,2,3,1,1,0,0,10,50,position_baseline,QB,-0.08414818279722092
2023,12,18,half_ppr,1,2,3,1,1,0,0,10,50,position_baseline,RB,0.0029038457456749076
2023,12,18,half_ppr,1,2,3,1,1,0,0,10,50,position_baseline,WR,0.0744082844558037
2023,12,18,half_ppr,1,2,3,1,1,0,0,10,50,position_baseline,TE,0.006836052582625604
2023,12,18,half_ppr,1,2,3,1,1,0,0,10,50,position_baseline,K,0.0
2023,12,18,half_ppr,1,2,3,1,1,0,0,10,50,roster_aware,market_rank,8.487126841056249
2023,12,18,half_ppr,1,2,3,1,1,0,0,10,50,roster_aware,starter_need,0.9229760836138016
2023,12,18,half_ppr,1,2,3,1,1,0,0,10,50,roster_aware,roster_count,5.310243304330387
2023,12,18,half_ppr,1,2,3,1,1,0,0,10,50,roster_aware,starter_need_late,0.18198412957294793
2023,12,18,half_ppr,1,2,3,1,1,0,0,10,50,roster_aware,QB,-0.36745288046538527
2023,12,18,half_ppr,1,2,3,1,1,0,0,10,50,roster_aware,RB,0.3039481463814837
2023,12,18,half_ppr,1,2,3,1,1,0,0,10,50,roster_aware,WR,0.5446817113234504
2023,12,18,half_ppr,1,2,3,1,1,0,0,10,50,roster_aware,TE,-0.48117697725058667
2023,12,18,half_ppr,1,2,3,1,1,0,0,10,50,roster_aware,K,0.0
2023,12,18,half_ppr,1,2,3,1,1,0,0,10,50,run_aware,market_rank,8.531498358433222
2023,12,18,half_ppr,1,2,3,1,1,0,0,10,50,run_aware,recent_position_run,0.2673400690893358
2023,12,18,half_ppr,1,2,3,1,1,0,0,10,50,run_aware,QB,-0.054804103865474296
2023,12,18,half_ppr,1,2,3,1,1,0,0,10,50,run_aware,RB,-0.012303052970479624
2023,12,18,half_ppr,1,2,3,1,1,0,0,10,50,run_aware,WR,0.03463388962895224
2023,12,18,half_ppr,1,2,3,1,1,0,0,10,50,run_aware,TE,0.03247326719474936
2023,12,18,half_ppr,1,2,3,1,1,0,0,10,50,run_aware,K,0.0
2023,12,18,half_ppr,1,2,3,1,1,0,0,10,50,next_turn_aware,market_rank,8.527263167950261
2023,12,18,half_ppr,1,2,3,1,1,0,0,10,50,next_turn_aware,next_turn_demand,0.12722701051861535
2023,12,18,half_ppr,1,2,3,1,1,0,0,10,50,next_turn_aware,next_turn_competition,-0.5866348530638759
2023,12,18,half_ppr,1,2,3,1,1,0,0,10,50,next_turn_aware,QB,-0.10937371014563983
2023,12,18,half_ppr,1,2,3,1,1,0,0,10,50,next_turn_aware,RB,-0.005583034607088985
2023,12,18,half_ppr,1,2,3,1,1,0,0,10,50,next_turn_aware,WR,0.07999712218910561
2023,12,18,half_ppr,1,2,3,1,1,0,0,10,50,next_turn_aware,TE,0.03495962255073016
2023,12,18,half_ppr,1,2,3,1,1,0,0,10,50,next_turn_aware,K,0.0
2023,12,18,half_ppr,1,2,3,1,1,0,0,10,50,roster_plus_run,market_rank,8.495175012408518
2023,12,18,half_ppr,1,2,3,1,1,0,0,10,50,roster_plus_run,starter_need,0.9344304501507403
2023,12,18,half_ppr,1,2,3,1,1,0,0,10,50,roster_plus_run,roster_count,5.257506570546693
2023,12,18,half_ppr,1,2,3,1,1,0,0,10,50,roster_plus_run,recent_position_run,0.14946690466490925
2023,12,18,half_ppr,1,2,3,1,1,0,0,10,50,roster_plus_run,starter_need_late,0.16446666193086348
2023,12,18,half_ppr,1,2,3,1,1,0,0,10,50,roster_plus_run,QB,-0.34848558902857096
2023,12,18,half_ppr,1,2,3,1,1,0,0,10,50,roster_plus_run,RB,0.29374884704602516
2023,12,18,half_ppr,1,2,3,1,1,0,0,10,50,roster_plus_run,WR,0.5184773351184782
2023,12,18,half_ppr,1,2,3,1,1,0,0,10,50,roster_plus_run,TE,-0.46374059314918537
2023,12,18,half_ppr,1,2,3,1,1,0,0,10,50,roster_plus_run,K,0.0
2023,12,18,half_ppr,1,2,3,1,1,0,0,10,50,roster_plus_next_turn,market_rank,8.501455277541128
2023,12,18,half_ppr,1,2,3,1,1,0,0,10,50,roster_plus_next_turn,starter_need,0.9943132668878427
2023,12,18,half_ppr,1,2,3,1,1,0,0,10,50,roster_plus_next_turn,roster_count,5.312599811248764
2023,12,18,half_ppr,1,2,3,1,1,0,0,10,50,roster_plus_next_turn,next_turn_demand,0.16040605576203854
2023,12,18,half_ppr,1,2,3,1,1,0,0,10,50,roster_plus_next_turn,next_turn_competition,-0.9005443050530508
2023,12,18,half_ppr,1,2,3,1,1,0,0,10,50,roster_plus_next_turn,starter_need_late,0.0680053998614917
2023,12,18,half_ppr,1,2,3,1,1,0,0,10,50,roster_plus_next_turn,QB,-0.40207648299536564
2023,12,18,half_ppr,1,2,3,1,1,0,0,10,50,roster_plus_next_turn,RB,0.2897540717562313
2023,12,18,half_ppr,1,2,3,1,1,0,0,10,50,roster_plus_next_turn,WR,0.5527365039492865
2023,12,18,half_ppr,1,2,3,1,1,0,0,10,50,roster_plus_next_turn,TE,-0.44041409272485144
2023,12,18,half_ppr,1,2,3,1,1,0,0,10,50,roster_plus_next_turn,K,0.0
2023,12,18,half_ppr,1,2,3,1,1,0,0,10,50,opponent_aware,market_rank,8.510407204914246
2023,12,18,half_ppr,1,2,3,1,1,0,0,10,50,opponent_aware,starter_need,1.0063189439491411
2023,12,18,half_ppr,1,2,3,1,1,0,0,10,50,opponent_aware,roster_count,5.261412698871904
2023,12,18,half_ppr,1,2,3,1,1,0,0,10,50,opponent_aware,recent_position_run,0.1548817873215521
2023,12,18,half_ppr,1,2,3,1,1,0,0,10,50,opponent_aware,next_turn_demand,0.15733831073003168
2023,12,18,half_ppr,1,2,3,1,1,0,0,10,50,opponent_aware,next_turn_competition,-0.9025211911338551
2023,12,18,half_ppr,1,2,3,1,1,0,0,10,50,opponent_aware,starter_need_late,0.04924170338628914
2023,12,18,half_ppr,1,2,3,1,1,0,0,10,50,opponent_aware,QB,-0.38254527939031346
2023,12,18,half_ppr,1,2,3,1,1,0,0,10,50,opponent_aware,RB,0.27918498789778345
2023,12,18,half_ppr,1,2,3,1,1,0,0,10,50,opponent_aware,WR,0.5258973285061825
2023,12,18,half_ppr,1,2,3,1,1,0,0,10,50,opponent_aware,TE,-0.4225370370267456
2023,12,18,half_ppr,1,2,3,1,1,0,0,10,50,opponent_aware,K,0.0
2023,12,19,ppr,1,2,3,1,1,0,0,11,50,adp_only,market_rank,10.036719679233979
2023,12,19,ppr,1,2,3,1,1,0,0,11,50,position_baseline,market_rank,10.08268472788199
2023,12,19,ppr,1,2,3,1,1,0,0,11,50,position_baseline,QB,-0.14866018705854633
2023,12,19,ppr,1,2,3,1,1,0,0,11,50,position_baseline,RB,0.05389104887636124
2023,12,19,ppr,1,2,3,1,1,0,0,11,50,position_baseline,WR,0.07823187526475589
2023,12,19,ppr,1,2,3,1,1,0,0,11,50,position_baseline,TE,0.01653726290779028
2023,12,19,ppr,1,2,3,1,1,0,0,11,50,position_baseline,K,0.0
2023,12,19,ppr,1,2,3,1,1,0,0,11,50,roster_aware,market_rank,10.038462324835884
2023,12,19,ppr,1,2,3,1,1,0,0,11,50,roster_aware,starter_need,1.187625208959446
2023,12,19,ppr,1,2,3,1,1,0,0,11,50,roster_aware,roster_count,5.079608294880859
2023,12,19,ppr,1,2,3,1,1,0,0,11,50,roster_aware,starter_need_late,-0.4617357481676058
2023,12,19,ppr,1,2,3,1,1,0,0,11,50,roster_aware,QB,-0.41373840345519486
2023,12,19,ppr,1,2,3,1,1,0,0,11,50,roster_aware,RB,0.31201052764068854
2023,12,19,ppr,1,2,3,1,1,0,0,11,50,roster_aware,WR,0.5032589339007391
2023,12,19,ppr,1,2,3,1,1,0,0,11,50,roster_aware,TE,-0.40153105809298834
2023,12,19,ppr,1,2,3,1,1,0,0,11,50,roster_aware,K,0.0
2023,12,19,ppr,1,2,3,1,1,0,0,11,50,run_aware,market_rank,10.106737017440691
2023,12,19,ppr,1,2,3,1,1,0,0,11,50,run_aware,recent_position_run,0.37880929059423873
2023,12,19,ppr,1,2,3,1,1,0,0,11,50,run_aware,QB,-0.10485918083755863
2023,12,19,ppr,1,2,3,1,1,0,0,11,50,run_aware,RB,0.030677149190625867
2023,12,19,ppr,1,2,3,1,1,0,0,11,50,run_aware,WR,0.022414409728949033
2023,12,19,ppr,1,2,3,1,1,0,0,11,50,run_aware,TE,0.05176762190854517
2023,12,19,ppr,1,2,3,1,1,0,0,11,50,run_aware,K,0.0
2023,12,19,ppr,1,2,3,1,1,0,0,11,50,next_turn_aware,market_rank,10.1063640787013
2023,12,19,ppr,1,2,3,1,1,0,0,11,50,next_turn_aware,next_turn_demand,-0.26663600497493506
2023,12,19,ppr,1,2,3,1,1,0,0,11,50,next_turn_aware,next_turn_competition,-0.41768629346240455
2023,12,19,ppr,1,2,3,1,1,0,0,11,50,next_turn_aware,QB,-0.18706774043361787
2023,12,19,ppr,1,2,3,1,1,0,0,11,50,next_turn_aware,RB,0.04383877991733966
2023,12,19,ppr,1,2,3,1,1,0,0,11,50,next_turn_aware,WR,0.08858046044583223
2023,12,19,ppr,1,2,3,1,1,0,0,11,50,next_turn_aware,TE,0.05464850006084081
2023,12,19,ppr,1,2,3,1,1,0,0,11,50,next_turn_aware,K,0.0
2023,12,19,ppr,1,2,3,1,1,0,0,11,50,roster_plus_run,market_rank,10.054645038230376
2023,12,19,ppr,1,2,3,1,1,0,0,11,50,roster_plus_run,starter_need,1.200647110591197
2023,12,19,ppr,1,2,3,1,1,0,0,11,50,roster_plus_run,roster_count,4.99120906530011
2023,12,19,ppr,1,2,3,1,1,0,0,11,50,roster_plus_run,recent_position_run,0.2659973602612669
2023,12,19,ppr,1,2,3,1,1,0,0,11,50,roster_plus_run,starter_need_late,-0.4809872187921399
2023,12,19,ppr,1,2,3,1,1,0,0,11,50,roster_plus_run,QB,-0.3786502114798929
2023,12,19,ppr,1,2,3,1,1,0,0,11,50,roster_plus_run,RB,0.2930273405854209
2023,12,19,ppr,1,2,3,1,1,0,0,11,50,roster_plus_run,WR,0.45746512862573757
2023,12,19,ppr,1,2,3,1,1,0,0,11,50,roster_plus_run,TE,-0.3718422577389653
2023,12,19,ppr,1,2,3,1,1,0,0,11,50,roster_plus_run,K,0.0
2023,12,19,ppr,1,2,3,1,1,0,0,11,50,roster_plus_next_turn,market_rank,10.06970177851469
2023,12,19,ppr,1,2,3,1,1,0,0,11,50,roster_plus_next_turn,starter_need,1.2650246152097897
2023,12,19,ppr,1,2,3,1,1,0,0,11,50,roster_plus_next_turn,roster_count,5.106576216391303
2023,12,19,ppr,1,2,3,1,1,0,0,11,50,roster_plus_next_turn,next_turn_demand,-0.3459576238555607
2023,12,19,ppr,1,2,3,1,1,0,0,11,50,roster_plus_next_turn,next_turn_competition,-0.6419123838624482
2023,12,19,ppr,1,2,3,1,1,0,0,11,50,roster_plus_next_turn,starter_need_late,-0.5977195277207702
2023,12,19,ppr,1,2,3,1,1,0,0,11,50,roster_plus_next_turn,QB,-0.46099747928036633
2023,12,19,ppr,1,2,3,1,1,0,0,11,50,roster_plus_next_turn,RB,0.2971094792340018
2023,12,19,ppr,1,2,3,1,1,0,0,11,50,roster_plus_next_turn,WR,0.5179485426672893
2023,12,19,ppr,1,2,3,1,1,0,0,11,50,roster_plus_next_turn,TE,-0.35406054262397696
2023,12,19,ppr,1,2,3,1,1,0,0,11,50,roster_plus_next_turn,K,0.0
2023,12,19,ppr,1,2,3,1,1,0,0,11,50,opponent_aware,market_rank,10.087554027363085
2023,12,19,ppr,1,2,3,1,1,0,0,11,50,opponent_aware,starter_need,1.271819769662789
2023,12,19,ppr,1,2,3,1,1,0,0,11,50,opponent_aware,roster_count,5.014720853696231
2023,12,19,ppr,1,2,3,1,1,0,0,11,50,opponent_aware,recent_position_run,0.2781897438338254
2023,12,19,ppr,1,2,3,1,1,0,0,11,50,opponent_aware,next_turn_demand,-0.36322019187267696
2023,12,19,ppr,1,2,3,1,1,0,0,11,50,opponent_aware,next_turn_competition,-0.6364078363952217
2023,12,19,ppr,1,2,3,1,1,0,0,11,50,opponent_aware,starter_need_late,-0.601859748129499
2023,12,19,ppr,1,2,3,1,1,0,0,11,50,opponent_aware,QB,-0.42449052045490043
2023,12,19,ppr,1,2,3,1,1,0,0,11,50,opponent_aware,RB,0.27716655041821625
2023,12,19,ppr,1,2,3,1,1,0,0,11,50,opponent_aware,WR,0.4703769457206257
2023,12,19,ppr,1,2,3,1,1,0,0,11,50,opponent_aware,TE,-0.3230529756932609
2023,12,19,ppr,1,2,3,1,1,0,0,11,50,opponent_aware,K,0.0
2023,12,20,ppr,1,2,3,1,2,0,0,11,50,adp_only,market_rank,8.997852254254786
2023,12,20,ppr,1,2,3,1,2,0,0,11,50,position_baseline,market_rank,9.022910288572696
2023,12,20,ppr,1,2,3,1,2,0,0,11,50,position_baseline,QB,-0.1087997751500401
2023,12,20,ppr,1,2,3,1,2,0,0,11,50,position_baseline,RB,0.007879021505011838
2023,12,20,ppr,1,2,3,1,2,0,0,11,50,position_baseline,WR,0.0914637436194055
2023,12,20,ppr,1,2,3,1,2,0,0,11,50,position_baseline,TE,0.00945701000826025
2023,12,20,ppr,1,2,3,1,2,0,0,11,50,position_baseline,K,0.0
2023,12,20,ppr,1,2,3,1,2,0,0,11,50,roster_aware,market_rank,8.984497021693803
2023,12,20,ppr,1,2,3,1,2,0,0,11,50,roster_aware,starter_need,1.3062947915329375
2023,12,20,ppr,1,2,3,1,2,0,0,11,50,roster_aware,roster_count,3.929956842185588
2023,12,20,ppr,1,2,3,1,2,0,0,11,50,roster_aware,starter_need_late,-0.5872667296786057
2023,12,20,ppr,1,2,3,1,2,0,0,11,50,roster_aware,QB,-0.3054581898995073
2023,12,20,ppr,1,2,3,1,2,0,0,11,50,roster_aware,RB,0.20207475121856688
2023,12,20,ppr,1,2,3,1,2,0,0,11,50,roster_aware,WR,0.4582628041287513
2023,12,20,ppr,1,2,3,1,2,0,0,11,50,roster_aware,TE,-0.35487936546565235
2023,12,20,ppr,1,2,3,1,2,0,0,11,50,roster_aware,K,0.0
2023,12,20,ppr,1,2,3,1,2,0,0,11,50,run_aware,market_rank,9.041506802593705
2023,12,20,ppr,1,2,3,1,2,0,0,11,50,run_aware,recent_position_run,0.3248961644274119
2023,12,20,ppr,1,2,3,1,2,0,0,11,50,run_aware,QB,-0.06870916226721685
2023,12,20,ppr,1,2,3,1,2,0,0,11,50,run_aware,RB,-0.010449958461301395
2023,12,20,ppr,1,2,3,1,2,0,0,11,50,run_aware,WR,0.0410187263556052
2023,12,20,ppr,1,2,3,1,2,0,0,11,50,run_aware,TE,0.03814039435709892
2023,12,20,ppr,1,2,3,1,2,0,0,11,50,run_aware,K,0.0
2023,12,20,ppr,1,2,3,1,2,0,0,11,50,next_turn_aware,market_rank,9.04389146542656
2023,12,20,ppr,1,2,3,1,2,0,0,11,50,next_turn_aware,next_turn_demand,0.10519152703118294
2023,12,20,ppr,1,2,3,1,2,0,0,11,50,next_turn_aware,next_turn_competition,-0.7173842850171638
2023,12,20,ppr,1,2,3,1,2,0,0,11,50,next_turn_aware,QB,-0.15739823959890617
2023,12,20,ppr,1,2,3,1,2,0,0,11,50,next_turn_aware,RB,0.012183978106463036
2023,12,20,ppr,1,2,3,1,2,0,0,11,50,next_turn_aware,WR,0.09947922169256901
2023,12,20,ppr,1,2,3,1,2,0,0,11,50,next_turn_aware,TE,0.045735039783472604
2023,12,20,ppr,1,2,3,1,2,0,0,11,50,next_turn_aware,K,0.0
2023,12,20,ppr,1,2,3,1,2,0,0,11,50,roster_plus_run,market_rank,8.996610146125098
2023,12,20,ppr,1,2,3,1,2,0,0,11,50,roster_plus_run,starter_need,1.317347050988842
2023,12,20,ppr,1,2,3,1,2,0,0,11,50,roster_plus_run,roster_count,3.848869410360411
2023,12,20,ppr,1,2,3,1,2,0,0,11,50,roster_plus_run,recent_position_run,0.21324717560978923
2023,12,20,ppr,1,2,3,1,2,0,0,11,50,roster_plus_run,starter_need_late,-0.6006778680977489
2023,12,20,ppr,1,2,3,1,2,0,0,11,50,roster_plus_run,QB,-0.27496180307833057
2023,12,20,ppr,1,2,3,1,2,0,0,11,50,roster_plus_run,RB,0.18741284957669324
2023,12,20,ppr,1,2,3,1,2,0,0,11,50,roster_plus_run,WR,0.4182862939180283
2023,12,20,ppr,1,2,3,1,2,0,0,11,50,roster_plus_run,TE,-0.33073734043300546
2023,12,20,ppr,1,2,3,1,2,0,0,11,50,roster_plus_run,K,0.0
2023,12,20,ppr,1,2,3,1,2,0,0,11,50,roster_plus_next_turn,market_rank,9.017353067821983
2023,12,20,ppr,1,2,3,1,2,0,0,11,50,roster_plus_next_turn,starter_need,1.4753466098068602
2023,12,20,ppr,1,2,3,1,2,0,0,11,50,roster_plus_next_turn,roster_count,3.986125143435386
2023,12,20,ppr,1,2,3,1,2,0,0,11,50,roster_plus_next_turn,next_turn_demand,-0.08103980805413465
2023,12,20,ppr,1,2,3,1,2,0,0,11,50,roster_plus_next_turn,next_turn_competition,-0.9835191451893448
2023,12,20,ppr,1,2,3,1,2,0,0,11,50,roster_plus_next_turn,starter_need_late,-0.8641088044301731
2023,12,20,ppr,1,2,3,1,2,0,0,11,50,roster_plus_next_turn,QB,-0.38062992435230464
2023,12,20,ppr,1,2,3,1,2,0,0,11,50,roster_plus_next_turn,RB,0.20902574247968342
2023,12,20,ppr,1,2,3,1,2,0,0,11,50,roster_plus_next_turn,WR,0.47347303826684806
2023,12,20,ppr,1,2,3,1,2,0,0,11,50,roster_plus_next_turn,TE,-0.3018688564108522
2023,12,20,ppr,1,2,3,1,2,0,0,11,50,roster_plus_next_turn,K,0.0
2023,12,20,ppr,1,2,3,1,2,0,0,11,50,opponent_aware,market_rank,9.030784180699964
2023,12,20,ppr,1,2,3,1,2,0,0,11,50,opponent_aware,starter_need,1.4889732140012262
2023,12,20,ppr,1,2,3,1,2,0,0,11,50,opponent_aware,roster_count,3.9008277403700378
2023,12,20,ppr,1,2,3,1,2,0,0,11,50,opponent_aware,recent_position_run,0.22569827279556046
2023,12,20,ppr,1,2,3,1,2,0,0,11,50,opponent_aware,next_turn_demand,-0.08526933497949353
2023,12,20,ppr,1,2,3,1,2,0,0,11,50,opponent_aware,next_turn_competition,-0.9900795345524771
2023,12,20,ppr,1,2,3,1,2,0,0,11,50,opponent_aware,starter_need_late,-0.8832230667615082
2023,12,20,ppr,1,2,3,1,2,0,0,11,50,opponent_aware,QB,-0.3484869588833632
2023,12,20,ppr,1,2,3,1,2,0,0,11,50,opponent_aware,RB,0.19351517432786583
2023,12,20,ppr,1,2,3,1,2,0,0,11,50,opponent_aware,WR,0.4312214568732024
2023,12,20,ppr,1,2,3,1,2,0,0,11,50,opponent_aware,TE,-0.2762496723326566
2023,12,20,ppr,1,2,3,1,2,0,0,11,50,opponent_aware,K,0.0
2024,10,15,ppr,1,2,2,1,2,1,1,5,50,adp_only,market_rank,8.816130636130254
2024,10,15,ppr,1,2,2,1,2,1,1,5,50,position_baseline,market_rank,9.002790331436612
2024,10,15,ppr,1,2,2,1,2,1,1,5,50,position_baseline,QB,-0.3301411796507289
2024,10,15,ppr,1,2,2,1,2,1,1,5,50,position_baseline,RB,-0.04470482095182995
2024,10,15,ppr,1,2,2,1,2,1,1,5,50,position_baseline,WR,-0.007477533433006028
2024,10,15,ppr,1,2,2,1,2,1,1,5,50,position_baseline,TE,-0.20195177711637616
2024,10,15,ppr,1,2,2,1,2,1,1,5,50,position_baseline,K,0.5842753111518648
2024,10,15,ppr,1,2,2,1,2,1,1,5,50,roster_aware,market_rank,8.772713873292952
2024,10,15,ppr,1,2,2,1,2,1,1,5,50,roster_aware,starter_need,-1.4301113332495992
2024,10,15,ppr,1,2,2,1,2,1,1,5,50,roster_aware,roster_count,4.061164551768539
2024,10,15,ppr,1,2,2,1,2,1,1,5,50,roster_aware,starter_need_late,4.8776304390863
2024,10,15,ppr,1,2,2,1,2,1,1,5,50,roster_aware,QB,-0.006437446685138945
2024,10,15,ppr,1,2,2,1,2,1,1,5,50,roster_aware,RB,0.7755598670814591
2024,10,15,ppr,1,2,2,1,2,1,1,5,50,roster_aware,WR,1.0352497822339026
2024,10,15,ppr,1,2,2,1,2,1,1,5,50,roster_aware,TE,0.08935635823234377
2024,10,15,ppr,1,2,2,1,2,1,1,5,50,roster_aware,K,-1.8937285608619687
2024,10,15,ppr,1,2,2,1,2,1,1,5,50,run_aware,market_rank,9.091151601975564
2024,10,15,ppr,1,2,2,1,2,1,1,5,50,run_aware,recent_position_run,1.1924671684226849
2024,10,15,ppr,1,2,2,1,2,1,1,5,50,run_aware,QB,-0.21082432378455263
2024,10,15,ppr,1,2,2,1,2,1,1,5,50,run_aware,RB,-0.13903419224558244
2024,10,15,ppr,1,2,2,1,2,1,1,5,50,run_aware,WR,-0.22028285933326278
2024,10,15,ppr,1,2,2,1,2,1,1,5,50,run_aware,TE,-0.0651629420185295
2024,10,15,ppr,1,2,2,1,2,1,1,5,50,run_aware,K,0.635304317381345
2024,10,15,ppr,1,2,2,1,2,1,1,5,50,next_turn_aware,market_rank,9.076725349255186
2024,10,15,ppr,1,2,2,1,2,1,1,5,50,next_turn_aware,next_turn_demand,-0.9182556080988303
2024,10,15,ppr,1,2,2,1,2,1,1,5,50,next_turn_aware,next_turn_competition,-0.4083486426581557
2024,10,15,ppr,1,2,2,1,2,1,1,5,50,next_turn_aware,QB,-0.6014914852650631
2024,10,15,ppr,1,2,2,1,2,1,1,5,50,next_turn_aware,RB,-0.19023456147951978
2024,10,15,ppr,1,2,2,1,2,1,1,5,50,next_turn_aware,WR,-0.18952240661196107
2024,10,15,ppr,1,2,2,1,2,1,1,5,50,next_turn_aware,TE,-0.30348949782650947
2024,10,15,ppr,1,2,2,1,2,1,1,5,50,next_turn_aware,K,1.2847379511828807
2024,10,15,ppr,1,2,2,1,2,1,1,5,50,roster_plus_run,market_rank,8.87909188193055
2024,10,15,ppr,1,2,2,1,2,1,1,5,50,roster_plus_run,starter_need,-1.0669603373113046
2024,10,15,ppr,1,2,2,1,2,1,1,5,50,roster_plus_run,roster_count,3.6832373353021883
2024,10,15,ppr,1,2,2,1,2,1,1,5,50,roster_plus_run,recent_position_run,1.0694050879451698
2024,10,15,ppr,1,2,2,1,2,1,1,5,50,roster_plus_run,starter_need_late,4.271299473247714
2024,10,15,ppr,1,2,2,1,2,1,1,5,50,roster_plus_run,QB,0.090952468880497
2024,10,15,ppr,1,2,2,1,2,1,1,5,50,roster_plus_run,RB,0.6417100764636011
2024,10,15,ppr,1,2,2,1,2,1,1,5,50,roster_plus_run,WR,0.7736086904227698
2024,10,15,ppr,1,2,2,1,2,1,1,5,50,roster_plus_run,TE,0.19306717576399202
2024,10,15,ppr,1,2,2,1,2,1,1,5,50,roster_plus_run,K,-1.6993384115312709
2024,10,15,ppr,1,2,2,1,2,1,1,5,50,roster_plus_next_turn,market_rank,8.864373603501864
2024,10,15,ppr,1,2,2,1,2,1,1,5,50,roster_plus_next_turn,starter_need,-0.8259958253344506
2024,10,15,ppr,1,2,2,1,2,1,1,5,50,roster_plus_next_turn,roster_count,4.087556032835289
2024,10,15,ppr,1,2,2,1,2,1,1,5,50,roster_plus_next_turn,next_turn_demand,-1.137144748946331
2024,10,15,ppr,1,2,2,1,2,1,1,5,50,roster_plus_next_turn,next_turn_competition,-0.4018532974675566
2024,10,15,ppr,1,2,2,1,2,1,1,5,50,roster_plus_next_turn,starter_need_late,3.8517160397011336
2024,10,15,ppr,1,2,2,1,2,1,1,5,50,roster_plus_next_turn,QB,-0.35232660832583546
2024,10,15,ppr,1,2,2,1,2,1,1,5,50,roster_plus_next_turn,RB,0.5558413182211595
2024,10,15,ppr,1,2,2,1,2,1,1,5,50,roster_plus_next_turn,WR,0.7780297754414541
2024,10,15,ppr,1,2,2,1,2,1,1,5,50,roster_plus_next_turn,TE,-0.0806704118554119
2024,10,15,ppr,1,2,2,1,2,1,1,5,50,roster_plus_next_turn,K,-0.9008740734810349
2024,10,15,ppr,1,2,2,1,2,1,1,5,50,opponent_aware,market_rank,8.957615384069213
2024,10,15,ppr,1,2,2,1,2,1,1,5,50,opponent_aware,starter_need,-0.5422829154559595
2024,10,15,ppr,1,2,2,1,2,1,1,5,50,opponent_aware,roster_count,3.7357452458689795
2024,10,15,ppr,1,2,2,1,2,1,1,5,50,opponent_aware,recent_position_run,0.9997940883615023
2024,10,15,ppr,1,2,2,1,2,1,1,5,50,opponent_aware,next_turn_demand,-1.1347946883078883
2024,10,15,ppr,1,2,2,1,2,1,1,5,50,opponent_aware,next_turn_competition,-0.3279260725806846
2024,10,15,ppr,1,2,2,1,2,1,1,5,50,opponent_aware,starter_need_late,3.3957351627131205
2024,10,15,ppr,1,2,2,1,2,1,1,5,50,opponent_aware,QB,-0.23608193701190613
2024,10,15,ppr,1,2,2,1,2,1,1,5,50,opponent_aware,RB,0.44674706574092504
2024,10,15,ppr,1,2,2,1,2,1,1,5,50,opponent_aware,WR,0.552325219232417
2024,10,15,ppr,1,2,2,1,2,1,1,5,50,opponent_aware,TE,0.02991765787425986
2024,10,15,ppr,1,2,2,1,2,1,1,5,50,opponent_aware,K,-0.7929080058359678
2024,10,15,ppr,1,2,2,1,2,1,1,5,150,adp_only,market_rank,8.93715881226515
2024,10,15,ppr,1,2,2,1,2,1,1,5,150,position_baseline,market_rank,9.163962259886322
2024,10,15,ppr,1,2,2,1,2,1,1,5,150,position_baseline,QB,-0.3759346334191901
2024,10,15,ppr,1,2,2,1,2,1,1,5,150,position_baseline,RB,0.026297131663552752
2024,10,15,ppr,1,2,2,1,2,1,1,5,150,position_baseline,WR,0.04104276140061007
2024,10,15,ppr,1,2,2,1,2,1,1,5,150,position_baseline,TE,-0.2107646533388732
2024,10,15,ppr,1,2,2,1,2,1,1,5,150,position_baseline,K,0.5193593936863524
2024,10,15,ppr,1,2,2,1,2,1,1,5,150,roster_aware,market_rank,8.944866953539835
2024,10,15,ppr,1,2,2,1,2,1,1,5,150,roster_aware,starter_need,-1.508114987613616
2024,10,15,ppr,1,2,2,1,2,1,1,5,150,roster_aware,roster_count,4.365724306949141
2024,10,15,ppr,1,2,2,1,2,1,1,5,150,roster_aware,starter_need_late,4.844943961718253
2024,10,15,ppr,1,2,2,1,2,1,1,5,150,roster_aware,QB,-0.10076315824499221
2024,10,15,ppr,1,2,2,1,2,1,1,5,150,roster_aware,RB,0.8380522652021412
2024,10,15,ppr,1,2,2,1,2,1,1,5,150,roster_aware,WR,1.064959727213119
2024,10,15,ppr,1,2,2,1,2,1,1,5,150,roster_aware,TE,0.04069439417861856
2024,10,15,ppr,1,2,2,1,2,1,1,5,150,roster_aware,K,-1.8429432283526899
2024,10,15,ppr,1,2,2,1,2,1,1,5,150,run_aware,market_rank,9.226195083485376
2024,10,15,ppr,1,2,2,1,2,1,1,5,150,run_aware,recent_position_run,1.0290532282354463
2024,10,15,ppr,1,2,2,1,2,1,1,5,150,run_aware,QB,-0.2721583606534471
2024,10,15,ppr,1,2,2,1,2,1,1,5,150,run_aware,RB,-0.058808882708946145
2024,10,15,ppr,1,2,2,1,2,1,1,5,150,run_aware,WR,-0.14040236973950096
2024,10,15,ppr,1,2,2,1,2,1,1,5,150,run_aware,TE,-0.09429046601302997
2024,10,15,ppr,1,2,2,1,2,1,1,5,150,run_aware,K,0.5656600791137458
2024,10,15,ppr,1,2,2,1,2,1,1,5,150,next_turn_aware,market_rank,9.294652657470465
2024,10,15,ppr,1,2,2,1,2,1,1,5,150,next_turn_aware,next_turn_demand,-1.070352800402388
2024,10,15,ppr,1,2,2,1,2,1,1,5,150,next_turn_aware,next_turn_competition,-0.4668642493243107
2024,10,15,ppr,1,2,2,1,2,1,1,5,150,next_turn_aware,QB,-0.6882061113779918
2024,10,15,ppr,1,2,2,1,2,1,1,5,150,next_turn_aware,RB,-0.13736176603655656
2024,10,15,ppr,1,2,2,1,2,1,1,5,150,next_turn_aware,WR,-0.15133436831462085
2024,10,15,ppr,1,2,2,1,2,1,1,5,150,next_turn_aware,TE,-0.31860471178525435
2024,10,15,ppr,1,2,2,1,2,1,1,5,150,next_turn_aware,K,1.29550695751192
2024,10,15,ppr,1,2,2,1,2,1,1,5,150,roster_plus_run,market_rank,9.017921618123856
2024,10,15,ppr,1,2,2,1,2,1,1,5,150,roster_plus_run,starter_need,-1.2101719738945316
2024,10,15,ppr,1,2,2,1,2,1,1,5,150,roster_plus_run,roster_count,4.0418520708603936
2024,10,15,ppr,1,2,2,1,2,1,1,5,150,roster_plus_run,recent_position_run,0.8969471745078514
2024,10,15,ppr,1,2,2,1,2,1,1,5,150,roster_plus_run,starter_need_late,4.351925079078558
2024,10,15,ppr,1,2,2,1,2,1,1,5,150,roster_plus_run,QB,-0.016203953325716097
2024,10,15,ppr,1,2,2,1,2,1,1,5,150,roster_plus_run,RB,0.7236254679618731
2024,10,15,ppr,1,2,2,1,2,1,1,5,150,roster_plus_run,WR,0.8487552992884267
2024,10,15,ppr,1,2,2,1,2,1,1,5,150,roster_plus_run,TE,0.1291426364919416
2024,10,15,ppr,1,2,2,1,2,1,1,5,150,roster_plus_run,K,-1.6853194504139946
2024,10,15,ppr,1,2,2,1,2,1,1,5,150,roster_plus_next_turn,market_rank,9.090980498406488
2024,10,15,ppr,1,2,2,1,2,1,1,5,150,roster_plus_next_turn,starter_need,-0.7748138580681114
2024,10,15,ppr,1,2,2,1,2,1,1,5,150,roster_plus_next_turn,roster_count,4.377618751097646
2024,10,15,ppr,1,2,2,1,2,1,1,5,150,roster_plus_next_turn,next_turn_demand,-1.2804500100606175
2024,10,15,ppr,1,2,2,1,2,1,1,5,150,roster_plus_next_turn,next_turn_competition,-0.5026751444708151
2024,10,15,ppr,1,2,2,1,2,1,1,5,150,roster_plus_next_turn,starter_need_late,3.6266624978780553
2024,10,15,ppr,1,2,2,1,2,1,1,5,150,roster_plus_next_turn,QB,-0.4986054709373542
2024,10,15,ppr,1,2,2,1,2,1,1,5,150,roster_plus_next_turn,RB,0.5913363695155361
2024,10,15,ppr,1,2,2,1,2,1,1,5,150,roster_plus_next_turn,WR,0.7875808064688179
2024,10,15,ppr,1,2,2,1,2,1,1,5,150,roster_plus_next_turn,TE,-0.14374605395787687
2024,10,15,ppr,1,2,2,1,2,1,1,5,150,roster_plus_next_turn,K,-0.7365656511026862
2024,10,15,ppr,1,2,2,1,2,1,1,5,150,opponent_aware,market_rank,9.150667183027307
2024,10,15,ppr,1,2,2,1,2,1,1,5,150,opponent_aware,starter_need,-0.5583656109991015
2024,10,15,ppr,1,2,2,1,2,1,1,5,150,opponent_aware,roster_count,4.0823396351779335
2024,10,15,ppr,1,2,2,1,2,1,1,5,150,opponent_aware,recent_position_run,0.8099640160880768
2024,10,15,ppr,1,2,2,1,2,1,1,5,150,opponent_aware,next_turn_demand,-1.2694734671295187
2024,10,15,ppr,1,2,2,1,2,1,1,5,150,opponent_aware,next_turn_competition,-0.44917363857113785
2024,10,15,ppr,1,2,2,1,2,1,1,5,150,opponent_aware,starter_need_late,3.288853441381835
2024,10,15,ppr,1,2,2,1,2,1,1,5,150,opponent_aware,QB,-0.40019592009091093
2024,10,15,ppr,1,2,2,1,2,1,1,5,150,opponent_aware,RB,0.5014555304757793
2024,10,15,ppr,1,2,2,1,2,1,1,5,150,opponent_aware,WR,0.608244868588366
2024,10,15,ppr,1,2,2,1,2,1,1,5,150,opponent_aware,TE,-0.050622876445248134
2024,10,15,ppr,1,2,2,1,2,1,1,5,150,opponent_aware,K,-0.6588816025371984
2024,10,15,ppr,1,2,2,1,3,0,0,6,50,adp_only,market_rank,11.547752275739025
2024,10,15,ppr,1,2,2,1,3,0,0,6,50,position_baseline,market_rank,11.677216369331537
2024,10,15,ppr,1,2,2,1,3,0,0,6,50,position_baseline,QB,-0.21746593485627988
2024,10,15,ppr,1,2,2,1,3,0,0,6,50,position_baseline,RB,0.1867746229237212
2024,10,15,ppr,1,2,2,1,3,0,0,6,50,position_baseline,WR,0.1817147936612025
2024,10,15,ppr,1,2,2,1,3,0,0,6,50,position_baseline,TE,-0.15102348172866828
2024,10,15,ppr,1,2,2,1,3,0,0,6,50,position_baseline,K,0.0
2024,10,15,ppr,1,2,2,1,3,0,0,6,50,roster_aware,market_rank,11.608123158452102
2024,10,15,ppr,1,2,2,1,3,0,0,6,50,roster_aware,starter_need,0.9394887941288105
2024,10,15,ppr,1,2,2,1,3,0,0,6,50,roster_aware,roster_count,3.4500944799651005
2024,10,15,ppr,1,2,2,1,3,0,0,6,50,roster_aware,starter_need_late,0.5042180849571194
2024,10,15,ppr,1,2,2,1,3,0,0,6,50,roster_aware,QB,-0.5095798825115094
2024,10,15,ppr,1,2,2,1,3,0,0,6,50,roster_aware,RB,0.38975618035008247
2024,10,15,ppr,1,2,2,1,3,0,0,6,50,roster_aware,WR,0.5920615901797501
2024,10,15,ppr,1,2,2,1,3,0,0,6,50,roster_aware,TE,-0.4722378880182711
2024,10,15,ppr,1,2,2,1,3,0,0,6,50,roster_aware,K,0.0
2024,10,15,ppr,1,2,2,1,3,0,0,6,50,run_aware,market_rank,11.71972758901345
2024,10,15,ppr,1,2,2,1,3,0,0,6,50,run_aware,recent_position_run,0.46196871314160026
2024,10,15,ppr,1,2,2,1,3,0,0,6,50,run_aware,QB,-0.15943606567791438
2024,10,15,ppr,1,2,2,1,3,0,0,6,50,run_aware,RB,0.14980828772513688
2024,10,15,ppr,1,2,2,1,3,0,0,6,50,run_aware,WR,0.09640921064404331
2024,10,15,ppr,1,2,2,1,3,0,0,6,50,run_aware,TE,-0.0867814326908876
2024,10,15,ppr,1,2,2,1,3,0,0,6,50,run_aware,K,0.0
2024,10,15,ppr,1,2,2,1,3,0,0,6,50,next_turn_aware,market_rank,11.734355995427087
2024,10,15,ppr,1,2,2,1,3,0,0,6,50,next_turn_aware,next_turn_demand,-0.23319664798038137
2024,10,15,ppr,1,2,2,1,3,0,0,6,50,next_turn_aware,next_turn_competition,-0.9489932155085408
2024,10,15,ppr,1,2,2,1,3,0,0,6,50,next_turn_aware,QB,-0.29649382002344754
2024,10,15,ppr,1,2,2,1,3,0,0,6,50,next_turn_aware,RB,0.20635431392807999
2024,10,15,ppr,1,2,2,1,3,0,0,6,50,next_turn_aware,WR,0.1869718088792285
2024,10,15,ppr,1,2,2,1,3,0,0,6,50,next_turn_aware,TE,-0.09683230278374208
2024,10,15,ppr,1,2,2,1,3,0,0,6,50,next_turn_aware,K,0.0
2024,10,15,ppr,1,2,2,1,3,0,0,6,50,roster_plus_run,market_rank,11.646879123975511
2024,10,15,ppr,1,2,2,1,3,0,0,6,50,roster_plus_run,starter_need,0.9817238494214974
2024,10,15,ppr,1,2,2,1,3,0,0,6,50,roster_plus_run,roster_count,3.360079822364224
2024,10,15,ppr,1,2,2,1,3,0,0,6,50,roster_plus_run,recent_position_run,0.40050578120689573
2024,10,15,ppr,1,2,2,1,3,0,0,6,50,roster_plus_run,starter_need_late,0.4493366094839907
2024,10,15,ppr,1,2,2,1,3,0,0,6,50,roster_plus_run,QB,-0.45289108267642825
2024,10,15,ppr,1,2,2,1,3,0,0,6,50,roster_plus_run,RB,0.35491249631777766
2024,10,15,ppr,1,2,2,1,3,0,0,6,50,roster_plus_run,WR,0.508641598879374
2024,10,15,ppr,1,2,2,1,3,0,0,6,50,roster_plus_run,TE,-0.41066301252189774
2024,10,15,ppr,1,2,2,1,3,0,0,6,50,roster_plus_run,K,0.0
2024,10,15,ppr,1,2,2,1,3,0,0,6,50,roster_plus_next_turn,market_rank,11.675631512401194
2024,10,15,ppr,1,2,2,1,3,0,0,6,50,roster_plus_next_turn,starter_need,1.016449970443178
2024,10,15,ppr,1,2,2,1,3,0,0,6,50,roster_plus_next_turn,roster_count,3.533372097294867
2024,10,15,ppr,1,2,2,1,3,0,0,6,50,roster_plus_next_turn,next_turn_demand,-0.28895257873774766
2024,10,15,ppr,1,2,2,1,3,0,0,6,50,roster_plus_next_turn,next_turn_competition,-1.2575530812893927
2024,10,15,ppr,1,2,2,1,3,0,0,6,50,roster_plus_next_turn,starter_need_late,0.4232382148302611
2024,10,15,ppr,1,2,2,1,3,0,0,6,50,roster_plus_next_turn,QB,-0.6116229358963465
2024,10,15,ppr,1,2,2,1,3,0,0,6,50,roster_plus_next_turn,RB,0.41840574826969285
2024,10,15,ppr,1,2,2,1,3,0,0,6,50,roster_plus_next_turn,WR,0.6054884765997873
2024,10,15,ppr,1,2,2,1,3,0,0,6,50,roster_plus_next_turn,TE,-0.4122712889717193
2024,10,15,ppr,1,2,2,1,3,0,0,6,50,roster_plus_next_turn,K,0.0
2024,10,15,ppr,1,2,2,1,3,0,0,6,50,opponent_aware,market_rank,11.71474676746949
2024,10,15,ppr,1,2,2,1,3,0,0,6,50,opponent_aware,starter_need,1.0328947713276448
2024,10,15,ppr,1,2,2,1,3,0,0,6,50,opponent_aware,roster_count,3.446145237725583
2024,10,15,ppr,1,2,2,1,3,0,0,6,50,opponent_aware,recent_position_run,0.39712358916406476
2024,10,15,ppr,1,2,2,1,3,0,0,6,50,opponent_aware,next_turn_demand,-0.30094807568469434
2024,10,15,ppr,1,2,2,1,3,0,0,6,50,opponent_aware,next_turn_competition,-1.2432677625938824
2024,10,15,ppr,1,2,2,1,3,0,0,6,50,opponent_aware,starter_need_late,0.4107178845852926
2024,10,15,ppr,1,2,2,1,3,0,0,6,50,opponent_aware,QB,-0.555541014355962
2024,10,15,ppr,1,2,2,1,3,0,0,6,50,opponent_aware,RB,0.38384129009876017
2024,10,15,ppr,1,2,2,1,3,0,0,6,50,opponent_aware,WR,0.5233002440283746
2024,10,15,ppr,1,2,2,1,3,0,0,6,50,opponent_aware,TE,-0.3516005197696886
2024,10,15,ppr,1,2,2,1,3,0,0,6,50,opponent_aware,K,0.0
2024,12,14,half_ppr,1,2,2,1,2,0,1,5,50,adp_only,market_rank,11.604605472336823
2024,12,14,half_ppr,1,2,2,1,2,0,1,5,50,position_baseline,market_rank,11.707981570613965
2024,12,14,half_ppr,1,2,2,1,2,0,1,5,50,position_baseline,QB,-0.2658117183973353
2024,12,14,half_ppr,1,2,2,1,2,0,1,5,50,position_baseline,RB,0.1777589599177615
2024,12,14,half_ppr,1,2,2,1,2,0,1,5,50,position_baseline,WR,0.13335078704272862
2024,12,14,half_ppr,1,2,2,1,2,0,1,5,50,position_baseline,TE,-0.04529802856831031
2024,12,14,half_ppr,1,2,2,1,2,0,1,5,50,position_baseline,K,0.0
2024,12,14,half_ppr,1,2,2,1,2,0,1,5,50,roster_aware,market_rank,11.692132804869113
2024,12,14,half_ppr,1,2,2,1,2,0,1,5,50,roster_aware,starter_need,1.1548518933337903
2024,12,14,half_ppr,1,2,2,1,2,0,1,5,50,roster_aware,roster_count,4.116363295134328
2024,12,14,half_ppr,1,2,2,1,2,0,1,5,50,roster_aware,starter_need_late,0.7115159589838581
2024,12,14,half_ppr,1,2,2,1,2,0,1,5,50,roster_aware,QB,-0.5457638127760794
2024,12,14,half_ppr,1,2,2,1,2,0,1,5,50,roster_aware,RB,0.43844883841058124
2024,12,14,half_ppr,1,2,2,1,2,0,1,5,50,roster_aware,WR,0.5807342056015585
2024,12,14,half_ppr,1,2,2,1,2,0,1,5,50,roster_aware,TE,-0.4734192312436564
2024,12,14,half_ppr,1,2,2,1,2,0,1,5,50,roster_aware,K,0.0
2024,12,14,half_ppr,1,2,2,1,2,0,1,5,50,run_aware,market_rank,11.739681886259577
2024,12,14,half_ppr,1,2,2,1,2,0,1,5,50,run_aware,recent_position_run,0.49188199379367165
2024,12,14,half_ppr,1,2,2,1,2,0,1,5,50,run_aware,QB,-0.2002704550757824
2024,12,14,half_ppr,1,2,2,1,2,0,1,5,50,run_aware,RB,0.131225333612297
2024,12,14,half_ppr,1,2,2,1,2,0,1,5,50,run_aware,WR,0.051645165293035054
2024,12,14,half_ppr,1,2,2,1,2,0,1,5,50,run_aware,TE,0.01739995616707821
2024,12,14,half_ppr,1,2,2,1,2,0,1,5,50,run_aware,K,0.0
2024,12,14,half_ppr,1,2,2,1,2,0,1,5,50,next_turn_aware,market_rank,11.77513105037569
2024,12,14,half_ppr,1,2,2,1,2,0,1,5,50,next_turn_aware,next_turn_demand,0.21608780041809467
2024,12,14,half_ppr,1,2,2,1,2,0,1,5,50,next_turn_aware,next_turn_competition,-1.4408414007243533
2024,12,14,half_ppr,1,2,2,1,2,0,1,5,50,next_turn_aware,QB,-0.36758068990407733
2024,12,14,half_ppr,1,2,2,1,2,0,1,5,50,next_turn_aware,RB,0.2034429414608113
2024,12,14,half_ppr,1,2,2,1,2,0,1,5,50,next_turn_aware,WR,0.1290085304590062
2024,12,14,half_ppr,1,2,2,1,2,0,1,5,50,next_turn_aware,TE,0.03512921797897999
2024,12,14,half_ppr,1,2,2,1,2,0,1,5,50,next_turn_aware,K,0.0
2024,12,14,half_ppr,1,2,2,1,2,0,1,5,50,roster_plus_run,market_rank,11.723572698702467
2024,12,14,half_ppr,1,2,2,1,2,0,1,5,50,roster_plus_run,starter_need,1.171633617778656
2024,12,14,half_ppr,1,2,2,1,2,0,1,5,50,roster_plus_run,roster_count,4.015340415721533
2024,12,14,half_ppr,1,2,2,1,2,0,1,5,50,roster_plus_run,recent_position_run,0.4407537402537028
2024,12,14,half_ppr,1,2,2,1,2,0,1,5,50,roster_plus_run,starter_need_late,0.7063360948300856
2024,12,14,half_ppr,1,2,2,1,2,0,1,5,50,roster_plus_run,QB,-0.48061687153915955
2024,12,14,half_ppr,1,2,2,1,2,0,1,5,50,roster_plus_run,RB,0.39421282161200744
2024,12,14,half_ppr,1,2,2,1,2,0,1,5,50,roster_plus_run,WR,0.49824061005113246
2024,12,14,half_ppr,1,2,2,1,2,0,1,5,50,roster_plus_run,TE,-0.4118365601297401
2024,12,14,half_ppr,1,2,2,1,2,0,1,5,50,roster_plus_run,K,0.0
2024,12,14,half_ppr,1,2,2,1,2,0,1,5,50,roster_plus_next_turn,market_rank,11.772134731609784
2024,12,14,half_ppr,1,2,2,1,2,0,1,5,50,roster_plus_next_turn,starter_need,1.2099782912646337
2024,12,14,half_ppr,1,2,2,1,2,0,1,5,50,roster_plus_next_turn,roster_count,4.211412707160258
2024,12,14,half_ppr,1,2,2,1,2,0,1,5,50,roster_plus_next_turn,next_turn_demand,-0.03291992929040559
2024,12,14,half_ppr,1,2,2,1,2,0,1,5,50,roster_plus_next_turn,next_turn_competition,-1.6214435695349032
2024,12,14,half_ppr,1,2,2,1,2,0,1,5,50,roster_plus_next_turn,starter_need_late,0.6625078239912847
2024,12,14,half_ppr,1,2,2,1,2,0,1,5,50,roster_plus_next_turn,QB,-0.6811388498951831
2024,12,14,half_ppr,1,2,2,1,2,0,1,5,50,roster_plus_next_turn,RB,0.4757148467534899
2024,12,14,half_ppr,1,2,2,1,2,0,1,5,50,roster_plus_next_turn,WR,0.5812921300094096
2024,12,14,half_ppr,1,2,2,1,2,0,1,5,50,roster_plus_next_turn,TE,-0.3758681268704166
2024,12,14,half_ppr,1,2,2,1,2,0,1,5,50,roster_plus_next_turn,K,0.0
2024,12,14,half_ppr,1,2,2,1,2,0,1,5,50,opponent_aware,market_rank,11.800035558905032
2024,12,14,half_ppr,1,2,2,1,2,0,1,5,50,opponent_aware,starter_need,1.2219617812558616
2024,12,14,half_ppr,1,2,2,1,2,0,1,5,50,opponent_aware,roster_count,4.1120807496242024
2024,12,14,half_ppr,1,2,2,1,2,0,1,5,50,opponent_aware,recent_position_run,0.41296548441360886
2024,12,14,half_ppr,1,2,2,1,2,0,1,5,50,opponent_aware,next_turn_demand,-0.021880908066858044
2024,12,14,half_ppr,1,2,2,1,2,0,1,5,50,opponent_aware,next_turn_competition,-1.606637818295088
2024,12,14,half_ppr,1,2,2,1,2,0,1,5,50,opponent_aware,starter_need_late,0.6645093362277655
2024,12,14,half_ppr,1,2,2,1,2,0,1,5,50,opponent_aware,QB,-0.6185572778429035
2024,12,14,half_ppr,1,2,2,1,2,0,1,5,50,opponent_aware,RB,0.4337566518888275
2024,12,14,half_ppr,1,2,2,1,2,0,1,5,50,opponent_aware,WR,0.5043690558610926
2024,12,14,half_ppr,1,2,2,1,2,0,1,5,50,opponent_aware,TE,-0.31956842991222434
2024,12,14,half_ppr,1,2,2,1,2,0,1,5,50,opponent_aware,K,0.0
2024,12,14,ppr,1,2,2,1,2,0,0,6,50,adp_only,market_rank,10.860796468870056
2024,12,14,ppr,1,2,2,1,2,0,0,6,50,position_baseline,market_rank,10.992703629248552
2024,12,14,ppr,1,2,2,1,2,0,0,6,50,position_baseline,QB,-0.22620019288182477
2024,12,14,ppr,1,2,2,1,2,0,0,6,50,position_baseline,RB,0.2039927487503009
2024,12,14,ppr,1,2,2,1,2,0,0,6,50,position_baseline,WR,0.14209224912886614
2024,12,14,ppr,1,2,2,1,2,0,0,6,50,position_baseline,TE,-0.11988480500311569
2024,12,14,ppr,1,2,2,1,2,0,0,6,50,position_baseline,K,0.0
2024,12,14,ppr,1,2,2,1,2,0,0,6,50,roster_aware,market_rank,10.949972939628308
2024,12,14,ppr,1,2,2,1,2,0,0,6,50,roster_aware,starter_need,1.393294237346659
2024,12,14,ppr,1,2,2,1,2,0,0,6,50,roster_aware,roster_count,3.723272056416615
2024,12,14,ppr,1,2,2,1,2,0,0,6,50,roster_aware,starter_need_late,-0.303463495063633
2024,12,14,ppr,1,2,2,1,2,0,0,6,50,roster_aware,QB,-0.5518722918604794
2024,12,14,ppr,1,2,2,1,2,0,0,6,50,roster_aware,RB,0.4251411567407426
2024,12,14,ppr,1,2,2,1,2,0,0,6,50,roster_aware,WR,0.5966500549758859
2024,12,14,ppr,1,2,2,1,2,0,0,6,50,roster_aware,TE,-0.4699189198617358
2024,12,14,ppr,1,2,2,1,2,0,0,6,50,roster_aware,K,0.0
2024,12,14,ppr,1,2,2,1,2,0,0,6,50,run_aware,market_rank,11.026459515468456
2024,12,14,ppr,1,2,2,1,2,0,0,6,50,run_aware,recent_position_run,0.44570611617329536
2024,12,14,ppr,1,2,2,1,2,0,0,6,50,run_aware,QB,-0.17000002002405462
2024,12,14,ppr,1,2,2,1,2,0,0,6,50,run_aware,RB,0.16822908574419582
2024,12,14,ppr,1,2,2,1,2,0,0,6,50,run_aware,WR,0.06064908011892746
2024,12,14,ppr,1,2,2,1,2,0,0,6,50,run_aware,TE,-0.05887814584300734
2024,12,14,ppr,1,2,2,1,2,0,0,6,50,run_aware,K,0.0
2024,12,14,ppr,1,2,2,1,2,0,0,6,50,next_turn_aware,market_rank,11.083336159394229
2024,12,14,ppr,1,2,2,1,2,0,0,6,50,next_turn_aware,next_turn_demand,0.22467919785303134
2024,12,14,ppr,1,2,2,1,2,0,0,6,50,next_turn_aware,next_turn_competition,-1.6950791371844756
2024,12,14,ppr,1,2,2,1,2,0,0,6,50,next_turn_aware,QB,-0.2850584380476701
2024,12,14,ppr,1,2,2,1,2,0,0,6,50,next_turn_aware,RB,0.21646911426955104
2024,12,14,ppr,1,2,2,1,2,0,0,6,50,next_turn_aware,WR,0.10762629476745002
2024,12,14,ppr,1,2,2,1,2,0,0,6,50,next_turn_aware,TE,-0.03903697099464572
2024,12,14,ppr,1,2,2,1,2,0,0,6,50,next_turn_aware,K,0.0
2024,12,14,ppr,1,2,2,1,2,0,0,6,50,roster_plus_run,market_rank,10.978169369839629
2024,12,14,ppr,1,2,2,1,2,0,0,6,50,roster_plus_run,starter_need,1.4106259847607459
2024,12,14,ppr,1,2,2,1,2,0,0,6,50,roster_plus_run,roster_count,3.632456427691974
2024,12,14,ppr,1,2,2,1,2,0,0,6,50,roster_plus_run,recent_position_run,0.3586085755538372
2024,12,14,ppr,1,2,2,1,2,0,0,6,50,roster_plus_run,starter_need_late,-0.3191074741351835
2024,12,14,ppr,1,2,2,1,2,0,0,6,50,roster_plus_run,QB,-0.5008476614053209
2024,12,14,ppr,1,2,2,1,2,0,0,6,50,roster_plus_run,RB,0.3941270908212618
2024,12,14,ppr,1,2,2,1,2,0,0,6,50,roster_plus_run,WR,0.522067908329387
2024,12,14,ppr,1,2,2,1,2,0,0,6,50,roster_plus_run,TE,-0.41534733775174565
2024,12,14,ppr,1,2,2,1,2,0,0,6,50,roster_plus_run,K,0.0
2024,12,14,ppr,1,2,2,1,2,0,0,6,50,roster_plus_next_turn,market_rank,11.059281549783751
2024,12,14,ppr,1,2,2,1,2,0,0,6,50,roster_plus_next_turn,starter_need,1.4159727354867835
2024,12,14,ppr,1,2,2,1,2,0,0,6,50,roster_plus_next_turn,roster_count,3.8288129335738557
2024,12,14,ppr,1,2,2,1,2,0,0,6,50,roster_plus_next_turn,next_turn_demand,0.13935583013502298
2024,12,14,ppr,1,2,2,1,2,0,0,6,50,roster_plus_next_turn,next_turn_competition,-2.0350852413878093
2024,12,14,ppr,1,2,2,1,2,0,0,6,50,roster_plus_next_turn,starter_need_late,-0.25272891353160803
2024,12,14,ppr,1,2,2,1,2,0,0,6,50,roster_plus_next_turn,QB,-0.6343357175436277
2024,12,14,ppr,1,2,2,1,2,0,0,6,50,roster_plus_next_turn,RB,0.44830079432053455
2024,12,14,ppr,1,2,2,1,2,0,0,6,50,roster_plus_next_turn,WR,0.5654074748184468
2024,12,14,ppr,1,2,2,1,2,0,0,6,50,roster_plus_next_turn,TE,-0.3793725516012551
2024,12,14,ppr,1,2,2,1,2,0,0,6,50,roster_plus_next_turn,K,0.0
2024,12,14,ppr,1,2,2,1,2,0,0,6,50,opponent_aware,market_rank,11.085853457131178
2024,12,14,ppr,1,2,2,1,2,0,0,6,50,opponent_aware,starter_need,1.4308713494903333
2024,12,14,ppr,1,2,2,1,2,0,0,6,50,opponent_aware,roster_count,3.7402142793561772
2024,12,14,ppr,1,2,2,1,2,0,0,6,50,opponent_aware,recent_position_run,0.34553373578740204
2024,12,14,ppr,1,2,2,1,2,0,0,6,50,opponent_aware,next_turn_demand,0.11089235923685689
2024,12,14,ppr,1,2,2,1,2,0,0,6,50,opponent_aware,next_turn_competition,-2.0028339251384963
2024,12,14,ppr,1,2,2,1,2,0,0,6,50,opponent_aware,starter_need_late,-0.2658520548424387
2024,12,14,ppr,1,2,2,1,2,0,0,6,50,opponent_aware,QB,-0.5849505426939534
2024,12,14,ppr,1,2,2,1,2,0,0,6,50,opponent_aware,RB,0.4181164730899413
2024,12,14,ppr,1,2,2,1,2,0,0,6,50,opponent_aware,WR,0.4937753669087194
2024,12,14,ppr,1,2,2,1,2,0,0,6,50,opponent_aware,TE,-0.3269412973104452
2024,12,14,ppr,1,2,2,1,2,0,0,6,50,opponent_aware,K,0.0
2024,12,15,ppr,1,2,2,1,2,0,0,7,50,adp_only,market_rank,11.408206907109843
2024,12,15,ppr,1,2,2,1,2,0,0,7,50,position_baseline,market_rank,11.553630128269457
2024,12,15,ppr,1,2,2,1,2,0,0,7,50,position_baseline,QB,-0.2677123855293701
2024,12,15,ppr,1,2,2,1,2,0,0,7,50,position_baseline,RB,0.17282088236892126
2024,12,15,ppr,1,2,2,1,2,0,0,7,50,position_baseline,WR,0.16542604759976637
2024,12,15,ppr,1,2,2,1,2,0,0,7,50,position_baseline,TE,-0.07053454444113975
2024,12,15,ppr,1,2,2,1,2,0,0,7,50,position_baseline,K,0.0
2024,12,15,ppr,1,2,2,1,2,0,0,7,50,roster_aware,market_rank,11.537680391086619
2024,12,15,ppr,1,2,2,1,2,0,0,7,50,roster_aware,starter_need,0.7435184749001356
2024,12,15,ppr,1,2,2,1,2,0,0,7,50,roster_aware,roster_count,3.9338088275530576
2024,12,15,ppr,1,2,2,1,2,0,0,7,50,roster_aware,starter_need_late,0.7459863091127334
2024,12,15,ppr,1,2,2,1,2,0,0,7,50,roster_aware,QB,-0.6352850749024042
2024,12,15,ppr,1,2,2,1,2,0,0,7,50,roster_aware,RB,0.41462205908172217
2024,12,15,ppr,1,2,2,1,2,0,0,7,50,roster_aware,WR,0.6351750387224215
2024,12,15,ppr,1,2,2,1,2,0,0,7,50,roster_aware,TE,-0.4145120229032181
2024,12,15,ppr,1,2,2,1,2,0,0,7,50,roster_aware,K,0.0
2024,12,15,ppr,1,2,2,1,2,0,0,7,50,run_aware,market_rank,11.583917540766825
2024,12,15,ppr,1,2,2,1,2,0,0,7,50,run_aware,recent_position_run,0.3904939232679797
2024,12,15,ppr,1,2,2,1,2,0,0,7,50,run_aware,QB,-0.22052774215809373
2024,12,15,ppr,1,2,2,1,2,0,0,7,50,run_aware,RB,0.14278255225360928
2024,12,15,ppr,1,2,2,1,2,0,0,7,50,run_aware,WR,0.09517154143818767
2024,12,15,ppr,1,2,2,1,2,0,0,7,50,run_aware,TE,-0.017426351534429448
2024,12,15,ppr,1,2,2,1,2,0,0,7,50,run_aware,K,0.0
2024,12,15,ppr,1,2,2,1,2,0,0,7,50,next_turn_aware,market_rank,11.619603499495115
2024,12,15,ppr,1,2,2,1,2,0,0,7,50,next_turn_aware,next_turn_demand,-0.013218525270566868
2024,12,15,ppr,1,2,2,1,2,0,0,7,50,next_turn_aware,next_turn_competition,-1.3166835591838117
2024,12,15,ppr,1,2,2,1,2,0,0,7,50,next_turn_aware,QB,-0.30099680172226245
2024,12,15,ppr,1,2,2,1,2,0,0,7,50,next_turn_aware,RB,0.1793437373630531
2024,12,15,ppr,1,2,2,1,2,0,0,7,50,next_turn_aware,WR,0.13660914987447775
2024,12,15,ppr,1,2,2,1,2,0,0,7,50,next_turn_aware,TE,-0.014956085516301901
2024,12,15,ppr,1,2,2,1,2,0,0,7,50,next_turn_aware,K,0.0
2024,12,15,ppr,1,2,2,1,2,0,0,7,50,roster_plus_run,market_rank,11.56223470180668
2024,12,15,ppr,1,2,2,1,2,0,0,7,50,roster_plus_run,starter_need,0.7767212506754406
2024,12,15,ppr,1,2,2,1,2,0,0,7,50,roster_plus_run,roster_count,3.86221292015073
2024,12,15,ppr,1,2,2,1,2,0,0,7,50,roster_plus_run,recent_position_run,0.30213673040506284
2024,12,15,ppr,1,2,2,1,2,0,0,7,50,roster_plus_run,starter_need_late,0.6940971000117077
2024,12,15,ppr,1,2,2,1,2,0,0,7,50,roster_plus_run,QB,-0.5940896665391779
2024,12,15,ppr,1,2,2,1,2,0,0,7,50,roster_plus_run,RB,0.38915389025085173
2024,12,15,ppr,1,2,2,1,2,0,0,7,50,roster_plus_run,WR,0.5737705756884788
2024,12,15,ppr,1,2,2,1,2,0,0,7,50,roster_plus_run,TE,-0.3688347994017234
2024,12,15,ppr,1,2,2,1,2,0,0,7,50,roster_plus_run,K,0.0
2024,12,15,ppr,1,2,2,1,2,0,0,7,50,roster_plus_next_turn,market_rank,11.623468874379515
2024,12,15,ppr,1,2,2,1,2,0,0,7,50,roster_plus_next_turn,starter_need,0.7900096403826229
2024,12,15,ppr,1,2,2,1,2,0,0,7,50,roster_plus_next_turn,roster_count,4.003268154393707
2024,12,15,ppr,1,2,2,1,2,0,0,7,50,roster_plus_next_turn,next_turn_demand,-0.17251923084153295
2024,12,15,ppr,1,2,2,1,2,0,0,7,50,roster_plus_next_turn,next_turn_competition,-1.5983525838676729
2024,12,15,ppr,1,2,2,1,2,0,0,7,50,roster_plus_next_turn,starter_need_late,0.7867002111115058
2024,12,15,ppr,1,2,2,1,2,0,0,7,50,roster_plus_next_turn,QB,-0.6845397253303562
2024,12,15,ppr,1,2,2,1,2,0,0,7,50,roster_plus_next_turn,RB,0.42937962847374167
2024,12,15,ppr,1,2,2,1,2,0,0,7,50,roster_plus_next_turn,WR,0.6069636393978244
2024,12,15,ppr,1,2,2,1,2,0,0,7,50,roster_plus_next_turn,TE,-0.3518035425447441
2024,12,15,ppr,1,2,2,1,2,0,0,7,50,roster_plus_next_turn,K,0.0
2024,12,15,ppr,1,2,2,1,2,0,0,7,50,opponent_aware,market_rank,11.646095823239076
2024,12,15,ppr,1,2,2,1,2,0,0,7,50,opponent_aware,starter_need,0.8216796909036816
2024,12,15,ppr,1,2,2,1,2,0,0,7,50,opponent_aware,roster_count,3.930588384819208
2024,12,15,ppr,1,2,2,1,2,0,0,7,50,opponent_aware,recent_position_run,0.2881052057759877
2024,12,15,ppr,1,2,2,1,2,0,0,7,50,opponent_aware,next_turn_demand,-0.19254197997811817
2024,12,15,ppr,1,2,2,1,2,0,0,7,50,opponent_aware,next_turn_competition,-1.5689661115280809
2024,12,15,ppr,1,2,2,1,2,0,0,7,50,opponent_aware,starter_need_late,0.7375016427384102
2024,12,15,ppr,1,2,2,1,2,0,0,7,50,opponent_aware,QB,-0.6449324517466514
2024,12,15,ppr,1,2,2,1,2,0,0,7,50,opponent_aware,RB,0.4048477849654986
2024,12,15,ppr,1,2,2,1,2,0,0,7,50,opponent_aware,WR,0.5481611015521385
2024,12,15,ppr,1,2,2,1,2,0,0,7,50,opponent_aware,TE,-0.30807643477387514
2024,12,15,ppr,1,2,2,1,2,0,0,7,50,opponent_aware,K,0.0
2024,12,15,ppr,1,2,2,1,2,1,1,5,50,adp_only,market_rank,8.494229170190566
2024,12,15,ppr,1,2,2,1,2,1,1,5,50,position_baseline,market_rank,8.564756393037099
2024,12,15,ppr,1,2,2,1,2,1,1,5,50,position_baseline,QB,-0.21927630323761546
2024,12,15,ppr,1,2,2,1,2,1,1,5,50,position_baseline,RB,0.013504378761948073
2024,12,15,ppr,1,2,2,1,2,1,1,5,50,position_baseline,WR,0.023754438056451076
2024,12,15,ppr,1,2,2,1,2,1,1,5,50,position_baseline,TE,-0.134415945600931
2024,12,15,ppr,1,2,2,1,2,1,1,5,50,position_baseline,K,0.31643343201859514
2024,12,15,ppr,1,2,2,1,2,1,1,5,50,roster_aware,market_rank,8.423621344729781
2024,12,15,ppr,1,2,2,1,2,1,1,5,50,roster_aware,starter_need,-0.9848158999612746
2024,12,15,ppr,1,2,2,1,2,1,1,5,50,roster_aware,roster_count,4.0857293900597575
2024,12,15,ppr,1,2,2,1,2,1,1,5,50,roster_aware,starter_need_late,4.319427497014904
2024,12,15,ppr,1,2,2,1,2,1,1,5,50,roster_aware,QB,0.13842657104506667
2024,12,15,ppr,1,2,2,1,2,1,1,5,50,roster_aware,RB,0.7967847745233586
2024,12,15,ppr,1,2,2,1,2,1,1,5,50,roster_aware,WR,1.0327779846955074
2024,12,15,ppr,1,2,2,1,2,1,1,5,50,roster_aware,TE,0.12881703946487771
2024,12,15,ppr,1,2,2,1,2,1,1,5,50,roster_aware,K,-2.096806369728753
2024,12,15,ppr,1,2,2,1,2,1,1,5,50,run_aware,market_rank,8.602105722491634
2024,12,15,ppr,1,2,2,1,2,1,1,5,50,run_aware,recent_position_run,0.7205302334513272
2024,12,15,ppr,1,2,2,1,2,1,1,5,50,run_aware,QB,-0.14818415591802864
2024,12,15,ppr,1,2,2,1,2,1,1,5,50,run_aware,RB,-0.04062875715840331
2024,12,15,ppr,1,2,2,1,2,1,1,5,50,run_aware,WR,-0.10044159551084511
2024,12,15,ppr,1,2,2,1,2,1,1,5,50,run_aware,TE,-0.055092359122836804
2024,12,15,ppr,1,2,2,1,2,1,1,5,50,run_aware,K,0.3443468677090993
2024,12,15,ppr,1,2,2,1,2,1,1,5,50,next_turn_aware,market_rank,8.646319459954523
2024,12,15,ppr,1,2,2,1,2,1,1,5,50,next_turn_aware,next_turn_demand,-0.8355102167562997
2024,12,15,ppr,1,2,2,1,2,1,1,5,50,next_turn_aware,next_turn_competition,-0.39970654107899756
2024,12,15,ppr,1,2,2,1,2,1,1,5,50,next_turn_aware,QB,-0.5043284098338672
2024,12,15,ppr,1,2,2,1,2,1,1,5,50,next_turn_aware,RB,-0.11075664902569363
2024,12,15,ppr,1,2,2,1,2,1,1,5,50,next_turn_aware,WR,-0.13870957906863357
2024,12,15,ppr,1,2,2,1,2,1,1,5,50,next_turn_aware,TE,-0.22400407348869894
2024,12,15,ppr,1,2,2,1,2,1,1,5,50,next_turn_aware,K,0.9777987114160726
2024,12,15,ppr,1,2,2,1,2,1,1,5,50,roster_plus_run,market_rank,8.460420648928489
2024,12,15,ppr,1,2,2,1,2,1,1,5,50,roster_plus_run,starter_need,-0.8201061325339446
2024,12,15,ppr,1,2,2,1,2,1,1,5,50,roster_plus_run,roster_count,3.8858859492779194
2024,12,15,ppr,1,2,2,1,2,1,1,5,50,roster_plus_run,recent_position_run,0.5579127077626701
2024,12,15,ppr,1,2,2,1,2,1,1,5,50,roster_plus_run,starter_need_late,4.040116415964189
2024,12,15,ppr,1,2,2,1,2,1,1,5,50,roster_plus_run,QB,0.18939139326186794
2024,12,15,ppr,1,2,2,1,2,1,1,5,50,roster_plus_run,RB,0.7313882514598135
2024,12,15,ppr,1,2,2,1,2,1,1,5,50,roster_plus_run,WR,0.9011457855536
2024,12,15,ppr,1,2,2,1,2,1,1,5,50,roster_plus_run,TE,0.18274540763334027
2024,12,15,ppr,1,2,2,1,2,1,1,5,50,roster_plus_run,K,-2.004670837908323
2024,12,15,ppr,1,2,2,1,2,1,1,5,50,roster_plus_next_turn,market_rank,8.51631689886435
2024,12,15,ppr,1,2,2,1,2,1,1,5,50,roster_plus_next_turn,starter_need,-0.40462504667684457
2024,12,15,ppr,1,2,2,1,2,1,1,5,50,roster_plus_next_turn,roster_count,4.090294787396153
2024,12,15,ppr,1,2,2,1,2,1,1,5,50,roster_plus_next_turn,next_turn_demand,-0.9923966730539808
2024,12,15,ppr,1,2,2,1,2,1,1,5,50,roster_plus_next_turn,next_turn_competition,-0.45546023437294914
2024,12,15,ppr,1,2,2,1,2,1,1,5,50,roster_plus_next_turn,starter_need_late,3.2990998784477976
2024,12,15,ppr,1,2,2,1,2,1,1,5,50,roster_plus_next_turn,QB,-0.22269530228713996
2024,12,15,ppr,1,2,2,1,2,1,1,5,50,roster_plus_next_turn,RB,0.5972982074659302
2024,12,15,ppr,1,2,2,1,2,1,1,5,50,roster_plus_next_turn,WR,0.7905681635076265
2024,12,15,ppr,1,2,2,1,2,1,1,5,50,roster_plus_next_turn,TE,-0.0282799912721598
2024,12,15,ppr,1,2,2,1,2,1,1,5,50,roster_plus_next_turn,K,-1.1368910774155219
2024,12,15,ppr,1,2,2,1,2,1,1,5,50,opponent_aware,market_rank,8.549801120594164
2024,12,15,ppr,1,2,2,1,2,1,1,5,50,opponent_aware,starter_need,-0.26319088561967646
2024,12,15,ppr,1,2,2,1,2,1,1,5,50,opponent_aware,roster_count,3.9014628283722743
2024,12,15,ppr,1,2,2,1,2,1,1,5,50,opponent_aware,recent_position_run,0.527290484241951
2024,12,15,ppr,1,2,2,1,2,1,1,5,50,opponent_aware,next_turn_demand,-1.0018670213543228
2024,12,15,ppr,1,2,2,1,2,1,1,5,50,opponent_aware,next_turn_competition,-0.42616264587429564
2024,12,15,ppr,1,2,2,1,2,1,1,5,50,opponent_aware,starter_need_late,3.06615145592078
2024,12,15,ppr,1,2,2,1,2,1,1,5,50,opponent_aware,QB,-0.16726893990004638
2024,12,15,ppr,1,2,2,1,2,1,1,5,50,opponent_aware,RB,0.5405073612309952
2024,12,15,ppr,1,2,2,1,2,1,1,5,50,opponent_aware,WR,0.6720294528575617
2024,12,15,ppr,1,2,2,1,2,1,1,5,50,opponent_aware,TE,0.026305599894081322
2024,12,15,ppr,1,2,2,1,2,1,1,5,50,opponent_aware,K,-1.0715734740829737
2024,12,15,ppr,1,2,2,1,2,1,1,5,150,adp_only,market_rank,8.414191233294604
2024,12,15,ppr,1,2,2,1,2,1,1,5,150,position_baseline,market_rank,8.550607448687037
2024,12,15,ppr,1,2,2,1,2,1,1,5,150,position_baseline,QB,-0.299649569195899
2024,12,15,ppr,1,2,2,1,2,1,1,5,150,position_baseline,RB,0.032779446781267325
2024,12,15,ppr,1,2,2,1,2,1,1,5,150,position_baseline,WR,0.052056692656220135
2024,12,15,ppr,1,2,2,1,2,1,1,5,150,position_baseline,TE,-0.13749200493323827
2024,12,15,ppr,1,2,2,1,2,1,1,5,150,position_baseline,K,0.35230543467786013
2024,12,15,ppr,1,2,2,1,2,1,1,5,150,roster_aware,market_rank,8.3969133323883
2024,12,15,ppr,1,2,2,1,2,1,1,5,150,roster_aware,starter_need,-1.0221180513986883
2024,12,15,ppr,1,2,2,1,2,1,1,5,150,roster_aware,roster_count,4.420824345744444
2024,12,15,ppr,1,2,2,1,2,1,1,5,150,roster_aware,starter_need_late,4.257188613097268
2024,12,15,ppr,1,2,2,1,2,1,1,5,150,roster_aware,QB,-0.02436322058364801
2024,12,15,ppr,1,2,2,1,2,1,1,5,150,roster_aware,RB,0.8081667727638048
2024,12,15,ppr,1,2,2,1,2,1,1,5,150,roster_aware,WR,1.043597711488998
2024,12,15,ppr,1,2,2,1,2,1,1,5,150,roster_aware,TE,0.09090752476927814
2024,12,15,ppr,1,2,2,1,2,1,1,5,150,roster_aware,K,-1.918308788440789
2024,12,15,ppr,1,2,2,1,2,1,1,5,150,run_aware,market_rank,8.581067888594658
2024,12,15,ppr,1,2,2,1,2,1,1,5,150,run_aware,recent_position_run,0.6909571458966043
2024,12,15,ppr,1,2,2,1,2,1,1,5,150,run_aware,QB,-0.22773900170632178
2024,12,15,ppr,1,2,2,1,2,1,1,5,150,run_aware,RB,-0.020248919837318507
2024,12,15,ppr,1,2,2,1,2,1,1,5,150,run_aware,WR,-0.06498299347479886
2024,12,15,ppr,1,2,2,1,2,1,1,5,150,run_aware,TE,-0.06048415345181438
2024,12,15,ppr,1,2,2,1,2,1,1,5,150,run_aware,K,0.37345506846309406
2024,12,15,ppr,1,2,2,1,2,1,1,5,150,next_turn_aware,market_rank,8.62588672882596
2024,12,15,ppr,1,2,2,1,2,1,1,5,150,next_turn_aware,next_turn_demand,-0.8453278070117858
2024,12,15,ppr,1,2,2,1,2,1,1,5,150,next_turn_aware,next_turn_competition,-0.4014582869518198
2024,12,15,ppr,1,2,2,1,2,1,1,5,150,next_turn_aware,QB,-0.5643406226996062
2024,12,15,ppr,1,2,2,1,2,1,1,5,150,next_turn_aware,RB,-0.08678398297122088
2024,12,15,ppr,1,2,2,1,2,1,1,5,150,next_turn_aware,WR,-0.09754683071201121
2024,12,15,ppr,1,2,2,1,2,1,1,5,150,next_turn_aware,TE,-0.22017289129084935
2024,12,15,ppr,1,2,2,1,2,1,1,5,150,next_turn_aware,K,0.9688443276683917
2024,12,15,ppr,1,2,2,1,2,1,1,5,150,roster_plus_run,market_rank,8.429922436199517
2024,12,15,ppr,1,2,2,1,2,1,1,5,150,roster_plus_run,starter_need,-0.8726568262847284
2024,12,15,ppr,1,2,2,1,2,1,1,5,150,roster_plus_run,roster_count,4.217359573052007
2024,12,15,ppr,1,2,2,1,2,1,1,5,150,roster_plus_run,recent_position_run,0.5422676286936631
2024,12,15,ppr,1,2,2,1,2,1,1,5,150,roster_plus_run,starter_need_late,4.0119775037979695
2024,12,15,ppr,1,2,2,1,2,1,1,5,150,roster_plus_run,QB,0.029969482833044597
2024,12,15,ppr,1,2,2,1,2,1,1,5,150,roster_plus_run,RB,0.7447073365377671
2024,12,15,ppr,1,2,2,1,2,1,1,5,150,roster_plus_run,WR,0.9189781447335738
2024,12,15,ppr,1,2,2,1,2,1,1,5,150,roster_plus_run,TE,0.14539852949504228
2024,12,15,ppr,1,2,2,1,2,1,1,5,150,roster_plus_run,K,-1.839053493604818
2024,12,15,ppr,1,2,2,1,2,1,1,5,150,roster_plus_next_turn,market_rank,8.48690232526042
2024,12,15,ppr,1,2,2,1,2,1,1,5,150,roster_plus_next_turn,starter_need,-0.334699997302552
2024,12,15,ppr,1,2,2,1,2,1,1,5,150,roster_plus_next_turn,roster_count,4.393790176848831
2024,12,15,ppr,1,2,2,1,2,1,1,5,150,roster_plus_next_turn,next_turn_demand,-1.0650354464429779
2024,12,15,ppr,1,2,2,1,2,1,1,5,150,roster_plus_next_turn,next_turn_competition,-0.47107379326372945
2024,12,15,ppr,1,2,2,1,2,1,1,5,150,roster_plus_next_turn,starter_need_late,3.114618039045319
2024,12,15,ppr,1,2,2,1,2,1,1,5,150,roster_plus_next_turn,QB,-0.3745248431816076
2024,12,15,ppr,1,2,2,1,2,1,1,5,150,roster_plus_next_turn,RB,0.6068278566964744
2024,12,15,ppr,1,2,2,1,2,1,1,5,150,roster_plus_next_turn,WR,0.8054808721034753
2024,12,15,ppr,1,2,2,1,2,1,1,5,150,roster_plus_next_turn,TE,-0.06503217173854986
2024,12,15,ppr,1,2,2,1,2,1,1,5,150,roster_plus_next_turn,K,-0.9727517138968432
2024,12,15,ppr,1,2,2,1,2,1,1,5,150,opponent_aware,market_rank,8.516760513881673
2024,12,15,ppr,1,2,2,1,2,1,1,5,150,opponent_aware,starter_need,-0.21662380549923452
2024,12,15,ppr,1,2,2,1,2,1,1,5,150,opponent_aware,roster_count,4.203731363706792
2024,12,15,ppr,1,2,2,1,2,1,1,5,150,opponent_aware,recent_position_run,0.5090966798082697
2024,12,15,ppr,1,2,2,1,2,1,1,5,150,opponent_aware,next_turn_demand,-1.0707364793888476
2024,12,15,ppr,1,2,2,1,2,1,1,5,150,opponent_aware,next_turn_competition,-0.44539739565764197
2024,12,15,ppr,1,2,2,1,2,1,1,5,150,opponent_aware,starter_need_late,2.9307280841675003
2024,12,15,ppr,1,2,2,1,2,1,1,5,150,opponent_aware,QB,-0.3151686907818333
2024,12,15,ppr,1,2,2,1,2,1,1,5,150,opponent_aware,RB,0.5528423594215972
2024,12,15,ppr,1,2,2,1,2,1,1,5,150,opponent_aware,WR,0.6948214725839483
2024,12,15,ppr,1,2,2,1,2,1,1,5,150,opponent_aware,TE,-0.009103329489286088
2024,12,15,ppr,1,2,2,1,2,1,1,5,150,opponent_aware,K,-0.9233918117503657
2024,12,15,ppr,1,2,2,1,3,0,0,6,50,adp_only,market_rank,10.237352773059952
2024,12,15,ppr,1,2,2,1,3,0,0,6,50,position_baseline,market_rank,10.40032462615615
2024,12,15,ppr,1,2,2,1,3,0,0,6,50,position_baseline,QB,-0.2047600606116109
2024,12,15,ppr,1,2,2,1,3,0,0,6,50,position_baseline,RB,0.2186544822337812
2024,12,15,ppr,1,2,2,1,3,0,0,6,50,position_baseline,WR,0.17489593615979718
2024,12,15,ppr,1,2,2,1,3,0,0,6,50,position_baseline,TE,-0.18879035779039854
2024,12,15,ppr,1,2,2,1,3,0,0,6,50,position_baseline,K,0.0
2024,12,15,ppr,1,2,2,1,3,0,0,6,50,roster_aware,market_rank,10.344112912439908
2024,12,15,ppr,1,2,2,1,3,0,0,6,50,roster_aware,starter_need,1.2899750530737084
2024,12,15,ppr,1,2,2,1,3,0,0,6,50,roster_aware,roster_count,3.5930892938920223
2024,12,15,ppr,1,2,2,1,3,0,0,6,50,roster_aware,starter_need_late,-0.4485451259635865
2024,12,15,ppr,1,2,2,1,3,0,0,6,50,roster_aware,QB,-0.5089366802486315
2024,12,15,ppr,1,2,2,1,3,0,0,6,50,roster_aware,RB,0.4052080270822608
2024,12,15,ppr,1,2,2,1,3,0,0,6,50,roster_aware,WR,0.5781508412865238
2024,12,15,ppr,1,2,2,1,3,0,0,6,50,roster_aware,TE,-0.47442218812786424
2024,12,15,ppr,1,2,2,1,3,0,0,6,50,roster_aware,K,0.0
2024,12,15,ppr,1,2,2,1,3,0,0,6,50,run_aware,market_rank,10.448393988146389
2024,12,15,ppr,1,2,2,1,3,0,0,6,50,run_aware,recent_position_run,0.5794981198977943
2024,12,15,ppr,1,2,2,1,3,0,0,6,50,run_aware,QB,-0.1311187342633835
2024,12,15,ppr,1,2,2,1,3,0,0,6,50,run_aware,RB,0.17378577977475143
2024,12,15,ppr,1,2,2,1,3,0,0,6,50,run_aware,WR,0.07003000291970282
2024,12,15,ppr,1,2,2,1,3,0,0,6,50,run_aware,TE,-0.11269704843681713
2024,12,15,ppr,1,2,2,1,3,0,0,6,50,run_aware,K,0.0
2024,12,15,ppr,1,2,2,1,3,0,0,6,50,next_turn_aware,market_rank,10.483189426404277
2024,12,15,ppr,1,2,2,1,3,0,0,6,50,next_turn_aware,next_turn_demand,-0.04583877621040222
2024,12,15,ppr,1,2,2,1,3,0,0,6,50,next_turn_aware,next_turn_competition,-1.3112211907177669
2024,12,15,ppr,1,2,2,1,3,0,0,6,50,next_turn_aware,QB,-0.2862839615762893
2024,12,15,ppr,1,2,2,1,3,0,0,6,50,next_turn_aware,RB,0.24676927358103096
2024,12,15,ppr,1,2,2,1,3,0,0,6,50,next_turn_aware,WR,0.176992194039026
2024,12,15,ppr,1,2,2,1,3,0,0,6,50,next_turn_aware,TE,-0.13747750605128764
2024,12,15,ppr,1,2,2,1,3,0,0,6,50,next_turn_aware,K,0.0
2024,12,15,ppr,1,2,2,1,3,0,0,6,50,roster_plus_run,market_rank,10.385884070229029
2024,12,15,ppr,1,2,2,1,3,0,0,6,50,roster_plus_run,starter_need,1.3161475508494
2024,12,15,ppr,1,2,2,1,3,0,0,6,50,roster_plus_run,roster_count,3.4641339222655687
2024,12,15,ppr,1,2,2,1,3,0,0,6,50,roster_plus_run,recent_position_run,0.4832176608668428
2024,12,15,ppr,1,2,2,1,3,0,0,6,50,roster_plus_run,starter_need_late,-0.47991701200778564
2024,12,15,ppr,1,2,2,1,3,0,0,6,50,roster_plus_run,QB,-0.43833437875257425
2024,12,15,ppr,1,2,2,1,3,0,0,6,50,roster_plus_run,RB,0.36409116655824814
2024,12,15,ppr,1,2,2,1,3,0,0,6,50,roster_plus_run,WR,0.4772587638993991
2024,12,15,ppr,1,2,2,1,3,0,0,6,50,roster_plus_run,TE,-0.4030155517082009
2024,12,15,ppr,1,2,2,1,3,0,0,6,50,roster_plus_run,K,0.0
2024,12,15,ppr,1,2,2,1,3,0,0,6,50,roster_plus_next_turn,market_rank,10.448129405043447
2024,12,15,ppr,1,2,2,1,3,0,0,6,50,roster_plus_next_turn,starter_need,1.3628186177047719
2024,12,15,ppr,1,2,2,1,3,0,0,6,50,roster_plus_next_turn,roster_count,3.7043920026871584
2024,12,15,ppr,1,2,2,1,3,0,0,6,50,roster_plus_next_turn,next_turn_demand,-0.10137367819445828
2024,12,15,ppr,1,2,2,1,3,0,0,6,50,roster_plus_next_turn,next_turn_competition,-1.6906847038722594
2024,12,15,ppr,1,2,2,1,3,0,0,6,50,roster_plus_next_turn,starter_need_late,-0.4757572371477207
2024,12,15,ppr,1,2,2,1,3,0,0,6,50,roster_plus_next_turn,QB,-0.616135214288349
2024,12,15,ppr,1,2,2,1,3,0,0,6,50,roster_plus_next_turn,RB,0.4459337634754171
2024,12,15,ppr,1,2,2,1,3,0,0,6,50,roster_plus_next_turn,WR,0.5909820011563033
2024,12,15,ppr,1,2,2,1,3,0,0,6,50,roster_plus_next_turn,TE,-0.4207805503497817
2024,12,15,ppr,1,2,2,1,3,0,0,6,50,roster_plus_next_turn,K,0.0
2024,12,15,ppr,1,2,2,1,3,0,0,6,50,opponent_aware,market_rank,10.49181235436247
2024,12,15,ppr,1,2,2,1,3,0,0,6,50,opponent_aware,starter_need,1.3877735052676785
2024,12,15,ppr,1,2,2,1,3,0,0,6,50,opponent_aware,roster_count,3.5708720488560766
2024,12,15,ppr,1,2,2,1,3,0,0,6,50,opponent_aware,recent_position_run,0.508964066530172
2024,12,15,ppr,1,2,2,1,3,0,0,6,50,opponent_aware,next_turn_demand,-0.15253983724648298
2024,12,15,ppr,1,2,2,1,3,0,0,6,50,opponent_aware,next_turn_competition,-1.6683741541886754
2024,12,15,ppr,1,2,2,1,3,0,0,6,50,opponent_aware,starter_need_late,-0.5031901398008704
2024,12,15,ppr,1,2,2,1,3,0,0,6,50,opponent_aware,QB,-0.5428232179140611
2024,12,15,ppr,1,2,2,1,3,0,0,6,50,opponent_aware,RB,0.4030275807177277
2024,12,15,ppr,1,2,2,1,3,0,0,6,50,opponent_aware,WR,0.48524752427747575
2024,12,15,ppr,1,2,2,1,3,0,0,6,50,opponent_aware,TE,-0.3454518870844195
2024,12,15,ppr,1,2,2,1,3,0,0,6,50,opponent_aware,K,0.0
2024,12,15,ppr,1,2,3,1,2,0,0,6,50,adp_only,market_rank,10.458905099846483
2024,12,15,ppr,1,2,3,1,2,0,0,6,50,position_baseline,market_rank,10.584259809311742
2024,12,15,ppr,1,2,3,1,2,0,0,6,50,position_baseline,QB,-0.2657817593797497
2024,12,15,ppr,1,2,3,1,2,0,0,6,50,position_baseline,RB,0.19433738813214924
2024,12,15,ppr,1,2,3,1,2,0,0,6,50,position_baseline,WR,0.15441411232432348
2024,12,15,ppr,1,2,3,1,2,0,0,6,50,position_baseline,TE,-0.0829697410793397
2024,12,15,ppr,1,2,3,1,2,0,0,6,50,position_baseline,K,0.0
2024,12,15,ppr,1,2,3,1,2,0,0,6,50,roster_aware,market_rank,10.537032392100592
2024,12,15,ppr,1,2,3,1,2,0,0,6,50,roster_aware,starter_need,0.9514806959146044
2024,12,15,ppr,1,2,3,1,2,0,0,6,50,roster_aware,roster_count,3.2748074752624916
2024,12,15,ppr,1,2,3,1,2,0,0,6,50,roster_aware,starter_need_late,0.5508652330435577
2024,12,15,ppr,1,2,3,1,2,0,0,6,50,roster_aware,QB,-0.6079513706503074
2024,12,15,ppr,1,2,3,1,2,0,0,6,50,roster_aware,RB,0.4159067100919996
2024,12,15,ppr,1,2,3,1,2,0,0,6,50,roster_aware,WR,0.5879879904793337
2024,12,15,ppr,1,2,3,1,2,0,0,6,50,roster_aware,TE,-0.39594332992380826
2024,12,15,ppr,1,2,3,1,2,0,0,6,50,roster_aware,K,0.0
2024,12,15,ppr,1,2,3,1,2,0,0,6,50,run_aware,market_rank,10.631078263801669
2024,12,15,ppr,1,2,3,1,2,0,0,6,50,run_aware,recent_position_run,0.4932546232122106
2024,12,15,ppr,1,2,3,1,2,0,0,6,50,run_aware,QB,-0.19619997075014523
2024,12,15,ppr,1,2,3,1,2,0,0,6,50,run_aware,RB,0.15081576133594715
2024,12,15,ppr,1,2,3,1,2,0,0,6,50,run_aware,WR,0.05764425262662177
2024,12,15,ppr,1,2,3,1,2,0,0,6,50,run_aware,TE,-0.012260043213089796
2024,12,15,ppr,1,2,3,1,2,0,0,6,50,run_aware,K,0.0
2024,12,15,ppr,1,2,3,1,2,0,0,6,50,next_turn_aware,market_rank,10.647020517282966
2024,12,15,ppr,1,2,3,1,2,0,0,6,50,next_turn_aware,next_turn_demand,0.00015372657140291953
2024,12,15,ppr,1,2,3,1,2,0,0,6,50,next_turn_aware,next_turn_competition,-1.2287872532244395
2024,12,15,ppr,1,2,3,1,2,0,0,6,50,next_turn_aware,QB,-0.3095733374376774
2024,12,15,ppr,1,2,3,1,2,0,0,6,50,next_turn_aware,RB,0.1961674499956937
2024,12,15,ppr,1,2,3,1,2,0,0,6,50,next_turn_aware,WR,0.1449171233704371
2024,12,15,ppr,1,2,3,1,2,0,0,6,50,next_turn_aware,TE,-0.03151123593068178
2024,12,15,ppr,1,2,3,1,2,0,0,6,50,next_turn_aware,K,0.0
2024,12,15,ppr,1,2,3,1,2,0,0,6,50,roster_plus_run,market_rank,10.57651193079041
2024,12,15,ppr,1,2,3,1,2,0,0,6,50,roster_plus_run,starter_need,1.001075936224727
2024,12,15,ppr,1,2,3,1,2,0,0,6,50,roster_plus_run,roster_count,3.168523361200159
2024,12,15,ppr,1,2,3,1,2,0,0,6,50,roster_plus_run,recent_position_run,0.40376872797754954
2024,12,15,ppr,1,2,3,1,2,0,0,6,50,roster_plus_run,starter_need_late,0.47985466406003635
2024,12,15,ppr,1,2,3,1,2,0,0,6,50,roster_plus_run,QB,-0.5422120259514027
2024,12,15,ppr,1,2,3,1,2,0,0,6,50,roster_plus_run,RB,0.37655944942333996
2024,12,15,ppr,1,2,3,1,2,0,0,6,50,roster_plus_run,WR,0.4961998883719031
2024,12,15,ppr,1,2,3,1,2,0,0,6,50,roster_plus_run,TE,-0.3305473118460721
2024,12,15,ppr,1,2,3,1,2,0,0,6,50,roster_plus_run,K,0.0
2024,12,15,ppr,1,2,3,1,2,0,0,6,50,roster_plus_next_turn,market_rank,10.6148376067632
2024,12,15,ppr,1,2,3,1,2,0,0,6,50,roster_plus_next_turn,starter_need,1.000180178153788
2024,12,15,ppr,1,2,3,1,2,0,0,6,50,roster_plus_next_turn,roster_count,3.375889390273658
2024,12,15,ppr,1,2,3,1,2,0,0,6,50,roster_plus_next_turn,next_turn_demand,-0.03806576426492491
2024,12,15,ppr,1,2,3,1,2,0,0,6,50,roster_plus_next_turn,next_turn_competition,-1.668691216838147
2024,12,15,ppr,1,2,3,1,2,0,0,6,50,roster_plus_next_turn,starter_need_late,0.5651087721660182
2024,12,15,ppr,1,2,3,1,2,0,0,6,50,roster_plus_next_turn,QB,-0.6756456055171103
2024,12,15,ppr,1,2,3,1,2,0,0,6,50,roster_plus_next_turn,RB,0.4261610895086635
2024,12,15,ppr,1,2,3,1,2,0,0,6,50,roster_plus_next_turn,WR,0.5875504628800077
2024,12,15,ppr,1,2,3,1,2,0,0,6,50,roster_plus_next_turn,TE,-0.33806594687496094
2024,12,15,ppr,1,2,3,1,2,0,0,6,50,roster_plus_next_turn,K,0.0
2024,12,15,ppr,1,2,3,1,2,0,0,6,50,opponent_aware,market_rank,10.656071207854374
2024,12,15,ppr,1,2,3,1,2,0,0,6,50,opponent_aware,starter_need,1.0142082803893184
2024,12,15,ppr,1,2,3,1,2,0,0,6,50,opponent_aware,roster_count,3.2681127183128984
2024,12,15,ppr,1,2,3,1,2,0,0,6,50,opponent_aware,recent_position_run,0.4124898331151314
2024,12,15,ppr,1,2,3,1,2,0,0,6,50,opponent_aware,next_turn_demand,-0.059182144126269196
2024,12,15,ppr,1,2,3,1,2,0,0,6,50,opponent_aware,next_turn_competition,-1.6564694158517197
2024,12,15,ppr,1,2,3,1,2,0,0,6,50,opponent_aware,starter_need_late,0.551459095122276
2024,12,15,ppr,1,2,3,1,2,0,0,6,50,opponent_aware,QB,-0.6092112318670281
2024,12,15,ppr,1,2,3,1,2,0,0,6,50,opponent_aware,RB,0.3860325424134054
2024,12,15,ppr,1,2,3,1,2,0,0,6,50,opponent_aware,WR,0.4944462167069413
2024,12,15,ppr,1,2,3,1,2,0,0,6,50,opponent_aware,TE,-0.2712675272563912
2024,12,15,ppr,1,2,3,1,2,0,0,6,50,opponent_aware,K,0.0
2024,12,16,ppr,1,2,2,1,2,1,1,6,50,adp_only,market_rank,5.679538380957616
2024,12,16,ppr,1,2,2,1,2,1,1,6,50,position_baseline,market_rank,5.692085526945439
2024,12,16,ppr,1,2,2,1,2,1,1,6,50,position_baseline,QB,-0.08003392634306203
2024,12,16,ppr,1,2,2,1,2,1,1,6,50,position_baseline,RB,0.05559203153942419
2024,12,16,ppr,1,2,2,1,2,1,1,6,50,position_baseline,WR,0.044226826520832783
2024,12,16,ppr,1,2,2,1,2,1,1,6,50,position_baseline,TE,-0.10983152409988718
2024,12,16,ppr,1,2,2,1,2,1,1,6,50,position_baseline,K,0.09004659238123294
2024,12,16,ppr,1,2,2,1,2,1,1,6,50,roster_aware,market_rank,5.521588931758981
2024,12,16,ppr,1,2,2,1,2,1,1,6,50,roster_aware,starter_need,-0.32471095168537745
2024,12,16,ppr,1,2,2,1,2,1,1,6,50,roster_aware,roster_count,4.7145219937836655
2024,12,16,ppr,1,2,2,1,2,1,1,6,50,roster_aware,starter_need_late,2.8502187362971823
2024,12,16,ppr,1,2,2,1,2,1,1,6,50,roster_aware,QB,0.061790677782731736
2024,12,16,ppr,1,2,2,1,2,1,1,6,50,roster_aware,RB,0.7137132019374517
2024,12,16,ppr,1,2,2,1,2,1,1,6,50,roster_aware,WR,0.9213648469380818
2024,12,16,ppr,1,2,2,1,2,1,1,6,50,roster_aware,TE,0.004323799133895107
2024,12,16,ppr,1,2,2,1,2,1,1,6,50,roster_aware,K,-1.7011925257942924
2024,12,16,ppr,1,2,2,1,2,1,1,6,50,run_aware,market_rank,5.713416686839696
2024,12,16,ppr,1,2,2,1,2,1,1,6,50,run_aware,recent_position_run,0.54465361324158
2024,12,16,ppr,1,2,2,1,2,1,1,6,50,run_aware,QB,-0.026295770421866798
2024,12,16,ppr,1,2,2,1,2,1,1,6,50,run_aware,RB,0.009694210507664511
2024,12,16,ppr,1,2,2,1,2,1,1,6,50,run_aware,WR,-0.048240480137512816
2024,12,16,ppr,1,2,2,1,2,1,1,6,50,run_aware,TE,-0.056441621756769325
2024,12,16,ppr,1,2,2,1,2,1,1,6,50,run_aware,K,0.12128366180797791
2024,12,16,ppr,1,2,2,1,2,1,1,6,50,next_turn_aware,market_rank,5.7457237080859
2024,12,16,ppr,1,2,2,1,2,1,1,6,50,next_turn_aware,next_turn_demand,-0.5409473734632447
2024,12,16,ppr,1,2,2,1,2,1,1,6,50,next_turn_aware,next_turn_competition,-0.5095189601659331
2024,12,16,ppr,1,2,2,1,2,1,1,6,50,next_turn_aware,QB,-0.2862700780283291
2024,12,16,ppr,1,2,2,1,2,1,1,6,50,next_turn_aware,RB,-0.03472887694896534
2024,12,16,ppr,1,2,2,1,2,1,1,6,50,next_turn_aware,WR,-0.06899108675303489
2024,12,16,ppr,1,2,2,1,2,1,1,6,50,next_turn_aware,TE,-0.17372854105215463
2024,12,16,ppr,1,2,2,1,2,1,1,6,50,next_turn_aware,K,0.5637185827821051
2024,12,16,ppr,1,2,2,1,2,1,1,6,50,roster_plus_run,market_rank,5.543914198044229
2024,12,16,ppr,1,2,2,1,2,1,1,6,50,roster_plus_run,starter_need,-0.25038679941392566
2024,12,16,ppr,1,2,2,1,2,1,1,6,50,roster_plus_run,roster_count,4.553256910251021
2024,12,16,ppr,1,2,2,1,2,1,1,6,50,roster_plus_run,recent_position_run,0.40709361874126426
2024,12,16,ppr,1,2,2,1,2,1,1,6,50,roster_plus_run,starter_need_late,2.740185432977514
2024,12,16,ppr,1,2,2,1,2,1,1,6,50,roster_plus_run,QB,0.10430456005686703
2024,12,16,ppr,1,2,2,1,2,1,1,6,50,roster_plus_run,RB,0.6681508986232543
2024,12,16,ppr,1,2,2,1,2,1,1,6,50,roster_plus_run,WR,0.8326685617696745
2024,12,16,ppr,1,2,2,1,2,1,1,6,50,roster_plus_run,TE,0.04496209542767241
2024,12,16,ppr,1,2,2,1,2,1,1,6,50,roster_plus_run,K,-1.650086115878422
2024,12,16,ppr,1,2,2,1,2,1,1,6,50,roster_plus_next_turn,market_rank,5.591781789314856
2024,12,16,ppr,1,2,2,1,2,1,1,6,50,roster_plus_next_turn,starter_need,0.19069909368957777
2024,12,16,ppr,1,2,2,1,2,1,1,6,50,roster_plus_next_turn,roster_count,4.673696201780183
2024,12,16,ppr,1,2,2,1,2,1,1,6,50,roster_plus_next_turn,next_turn_demand,-0.7980837726324203
2024,12,16,ppr,1,2,2,1,2,1,1,6,50,roster_plus_next_turn,next_turn_competition,-0.5889227600185096
2024,12,16,ppr,1,2,2,1,2,1,1,6,50,roster_plus_next_turn,starter_need_late,2.034970589468197
2024,12,16,ppr,1,2,2,1,2,1,1,6,50,roster_plus_next_turn,QB,-0.2203800009566168
2024,12,16,ppr,1,2,2,1,2,1,1,6,50,roster_plus_next_turn,RB,0.5650360456673628
2024,12,16,ppr,1,2,2,1,2,1,1,6,50,roster_plus_next_turn,WR,0.7429232823903198
2024,12,16,ppr,1,2,2,1,2,1,1,6,50,roster_plus_next_turn,TE,-0.1118444785536038
2024,12,16,ppr,1,2,2,1,2,1,1,6,50,roster_plus_next_turn,K,-0.9757348485495323
2024,12,16,ppr,1,2,2,1,2,1,1,6,50,opponent_aware,market_rank,5.610331575553853
2024,12,16,ppr,1,2,2,1,2,1,1,6,50,opponent_aware,starter_need,0.24867138632903024
2024,12,16,ppr,1,2,2,1,2,1,1,6,50,opponent_aware,roster_count,4.530762737375634
2024,12,16,ppr,1,2,2,1,2,1,1,6,50,opponent_aware,recent_position_run,0.3752822397643222
2024,12,16,ppr,1,2,2,1,2,1,1,6,50,opponent_aware,next_turn_demand,-0.7924650189206699
2024,12,16,ppr,1,2,2,1,2,1,1,6,50,opponent_aware,next_turn_competition,-0.5808418295755498
2024,12,16,ppr,1,2,2,1,2,1,1,6,50,opponent_aware,starter_need_late,1.9524854363147148
2024,12,16,ppr,1,2,2,1,2,1,1,6,50,opponent_aware,QB,-0.17684882560573525
2024,12,16,ppr,1,2,2,1,2,1,1,6,50,opponent_aware,RB,0.5254260892043039
2024,12,16,ppr,1,2,2,1,2,1,1,6,50,opponent_aware,WR,0.6643453943017255
2024,12,16,ppr,1,2,2,1,2,1,1,6,50,opponent_aware,TE,-0.0723931828335857
2024,12,16,ppr,1,2,2,1,2,1,1,6,50,opponent_aware,K,-0.9405294750675657
2024,12,16,ppr,1,2,2,1,3,0,0,7,50,adp_only,market_rank,9.65867426998971
2024,12,16,ppr,1,2,2,1,3,0,0,7,50,position_baseline,market_rank,9.805905725340752
2024,12,16,ppr,1,2,2,1,3,0,0,7,50,position_baseline,QB,-0.17788084135216728
2024,12,16,ppr,1,2,2,1,3,0,0,7,50,position_baseline,RB,0.20927794095747215
2024,12,16,ppr,1,2,2,1,3,0,0,7,50,position_baseline,WR,0.17446887300217231
2024,12,16,ppr,1,2,2,1,3,0,0,7,50,position_baseline,TE,-0.205865972612948
2024,12,16,ppr,1,2,2,1,3,0,0,7,50,position_baseline,K,0.0
2024,12,16,ppr,1,2,2,1,3,0,0,7,50,roster_aware,market_rank,9.7665411007053
2024,12,16,ppr,1,2,2,1,3,0,0,7,50,roster_aware,starter_need,0.8597715771235631
2024,12,16,ppr,1,2,2,1,3,0,0,7,50,roster_aware,roster_count,3.5266192236917138
2024,12,16,ppr,1,2,2,1,3,0,0,7,50,roster_aware,starter_need_late,0.7140019509267057
2024,12,16,ppr,1,2,2,1,3,0,0,7,50,roster_aware,QB,-0.45924799091675683
2024,12,16,ppr,1,2,2,1,3,0,0,7,50,roster_aware,RB,0.4080443824154528
2024,12,16,ppr,1,2,2,1,3,0,0,7,50,roster_aware,WR,0.5705545852503006
2024,12,16,ppr,1,2,2,1,3,0,0,7,50,roster_aware,TE,-0.5193509767571426
2024,12,16,ppr,1,2,2,1,3,0,0,7,50,roster_aware,K,0.0
2024,12,16,ppr,1,2,2,1,3,0,0,7,50,run_aware,market_rank,9.836843728897641
2024,12,16,ppr,1,2,2,1,3,0,0,7,50,run_aware,recent_position_run,0.4162108237050729
2024,12,16,ppr,1,2,2,1,3,0,0,7,50,run_aware,QB,-0.12652973686729102
2024,12,16,ppr,1,2,2,1,3,0,0,7,50,run_aware,RB,0.17866145633450042
2024,12,16,ppr,1,2,2,1,3,0,0,7,50,run_aware,WR,0.10093310586892502
2024,12,16,ppr,1,2,2,1,3,0,0,7,50,run_aware,TE,-0.1530648253396518
2024,12,16,ppr,1,2,2,1,3,0,0,7,50,run_aware,K,0.0
2024,12,16,ppr,1,2,2,1,3,0,0,7,50,next_turn_aware,market_rank,9.851791863494055
2024,12,16,ppr,1,2,2,1,3,0,0,7,50,next_turn_aware,next_turn_demand,0.1583368610646819
2024,12,16,ppr,1,2,2,1,3,0,0,7,50,next_turn_aware,next_turn_competition,-1.1640658305402856
2024,12,16,ppr,1,2,2,1,3,0,0,7,50,next_turn_aware,QB,-0.23615313779507585
2024,12,16,ppr,1,2,2,1,3,0,0,7,50,next_turn_aware,RB,0.22329682960207256
2024,12,16,ppr,1,2,2,1,3,0,0,7,50,next_turn_aware,WR,0.1753810053815064
2024,12,16,ppr,1,2,2,1,3,0,0,7,50,next_turn_aware,TE,-0.16252469719422438
2024,12,16,ppr,1,2,2,1,3,0,0,7,50,next_turn_aware,K,0.0
2024,12,16,ppr,1,2,2,1,3,0,0,7,50,roster_plus_run,market_rank,9.791459109008727
2024,12,16,ppr,1,2,2,1,3,0,0,7,50,roster_plus_run,starter_need,0.8787760263877733
2024,12,16,ppr,1,2,2,1,3,0,0,7,50,roster_plus_run,roster_count,3.4512598413001383
2024,12,16,ppr,1,2,2,1,3,0,0,7,50,roster_plus_run,recent_position_run,0.3159666075196113
2024,12,16,ppr,1,2,2,1,3,0,0,7,50,roster_plus_run,starter_need_late,0.6790301683317155
2024,12,16,ppr,1,2,2,1,3,0,0,7,50,roster_plus_run,QB,-0.41534772320783686
2024,12,16,ppr,1,2,2,1,3,0,0,7,50,roster_plus_run,RB,0.3824892119784523
2024,12,16,ppr,1,2,2,1,3,0,0,7,50,roster_plus_run,WR,0.5071345110787998
2024,12,16,ppr,1,2,2,1,3,0,0,7,50,roster_plus_run,TE,-0.4742759998532979
2024,12,16,ppr,1,2,2,1,3,0,0,7,50,roster_plus_run,K,0.0
2024,12,16,ppr,1,2,2,1,3,0,0,7,50,roster_plus_next_turn,market_rank,9.823275271089546
2024,12,16,ppr,1,2,2,1,3,0,0,7,50,roster_plus_next_turn,starter_need,0.9683108952562418
2024,12,16,ppr,1,2,2,1,3,0,0,7,50,roster_plus_next_turn,roster_count,3.5976220972502793
2024,12,16,ppr,1,2,2,1,3,0,0,7,50,roster_plus_next_turn,next_turn_demand,0.08500043159561685
2024,12,16,ppr,1,2,2,1,3,0,0,7,50,roster_plus_next_turn,next_turn_competition,-1.5127695647041621
2024,12,16,ppr,1,2,2,1,3,0,0,7,50,roster_plus_next_turn,starter_need_late,0.5897263950609487
2024,12,16,ppr,1,2,2,1,3,0,0,7,50,roster_plus_next_turn,QB,-0.5390450562103856
2024,12,16,ppr,1,2,2,1,3,0,0,7,50,roster_plus_next_turn,RB,0.42965018264604415
2024,12,16,ppr,1,2,2,1,3,0,0,7,50,roster_plus_next_turn,WR,0.5772059487767935
2024,12,16,ppr,1,2,2,1,3,0,0,7,50,roster_plus_next_turn,TE,-0.4678110752188928
2024,12,16,ppr,1,2,2,1,3,0,0,7,50,roster_plus_next_turn,K,0.0
2024,12,16,ppr,1,2,2,1,3,0,0,7,50,opponent_aware,market_rank,9.849739110720552
2024,12,16,ppr,1,2,2,1,3,0,0,7,50,opponent_aware,starter_need,0.980219018582628
2024,12,16,ppr,1,2,2,1,3,0,0,7,50,opponent_aware,roster_count,3.5223731597571057
2024,12,16,ppr,1,2,2,1,3,0,0,7,50,opponent_aware,recent_position_run,0.3325525225387224
2024,12,16,ppr,1,2,2,1,3,0,0,7,50,opponent_aware,next_turn_demand,0.06480246105028775
2024,12,16,ppr,1,2,2,1,3,0,0,7,50,opponent_aware,next_turn_competition,-1.5100858694667758
2024,12,16,ppr,1,2,2,1,3,0,0,7,50,opponent_aware,starter_need_late,0.5690226523870028
2024,12,16,ppr,1,2,2,1,3,0,0,7,50,opponent_aware,QB,-0.4938932232149653
2024,12,16,ppr,1,2,2,1,3,0,0,7,50,opponent_aware,RB,0.40323073493847983
2024,12,16,ppr,1,2,2,1,3,0,0,7,50,opponent_aware,WR,0.510875603270479
2024,12,16,ppr,1,2,2,1,3,0,0,7,50,opponent_aware,TE,-0.42021311500006636
2024,12,16,ppr,1,2,2,1,3,0,0,7,50,opponent_aware,K,0.0
2024,12,19,ppr,1,2,3,1,2,0,0,10,50,adp_only,market_rank,10.424196475081391
2024,12,19,ppr,1,2,3,1,2,0,0,10,50,position_baseline,market_rank,10.455992064628777
2024,12,19,ppr,1,2,3,1,2,0,0,10,50,position_baseline,QB,-0.12869477574233842
2024,12,19,ppr,1,2,3,1,2,0,0,10,50,position_baseline,RB,0.08475071902017446
2024,12,19,ppr,1,2,3,1,2,0,0,10,50,position_baseline,WR,0.04109399908060659
2024,12,19,ppr,1,2,3,1,2,0,0,10,50,position_baseline,TE,0.002850057627575818
2024,12,19,ppr,1,2,3,1,2,0,0,10,50,position_baseline,K,0.0
2024,12,19,ppr,1,2,3,1,2,0,0,10,50,roster_aware,market_rank,10.416344173420535
2024,12,19,ppr,1,2,3,1,2,0,0,10,50,roster_aware,starter_need,0.6599493712848723
2024,12,19,ppr,1,2,3,1,2,0,0,10,50,roster_aware,roster_count,5.408059459299963
2024,12,19,ppr,1,2,3,1,2,0,0,10,50,roster_aware,starter_need_late,0.3232812163995169
2024,12,19,ppr,1,2,3,1,2,0,0,10,50,roster_aware,QB,-0.49201342734141507
2024,12,19,ppr,1,2,3,1,2,0,0,10,50,roster_aware,RB,0.3074071788405915
2024,12,19,ppr,1,2,3,1,2,0,0,10,50,roster_aware,WR,0.5873957954158601
2024,12,19,ppr,1,2,3,1,2,0,0,10,50,roster_aware,TE,-0.4027895469325592
2024,12,19,ppr,1,2,3,1,2,0,0,10,50,roster_aware,K,0.0
2024,12,19,ppr,1,2,3,1,2,0,0,10,50,run_aware,market_rank,10.488208475298253
2024,12,19,ppr,1,2,3,1,2,0,0,10,50,run_aware,recent_position_run,0.5084780866295221
2024,12,19,ppr,1,2,3,1,2,0,0,10,50,run_aware,QB,-0.07162601226528384
2024,12,19,ppr,1,2,3,1,2,0,0,10,50,run_aware,RB,0.05812209382171892
2024,12,19,ppr,1,2,3,1,2,0,0,10,50,run_aware,WR,-0.04130201193972765
2024,12,19,ppr,1,2,3,1,2,0,0,10,50,run_aware,TE,0.054805930367246444
2024,12,19,ppr,1,2,3,1,2,0,0,10,50,run_aware,K,0.0
2024,12,19,ppr,1,2,3,1,2,0,0,10,50,next_turn_aware,market_rank,10.479969248152889
2024,12,19,ppr,1,2,3,1,2,0,0,10,50,next_turn_aware,next_turn_demand,0.20392297175613341
2024,12,19,ppr,1,2,3,1,2,0,0,10,50,next_turn_aware,next_turn_competition,-0.9153484571298317
2024,12,19,ppr,1,2,3,1,2,0,0,10,50,next_turn_aware,QB,-0.1690750440966286
2024,12,19,ppr,1,2,3,1,2,0,0,10,50,next_turn_aware,RB,0.0946076692955195
2024,12,19,ppr,1,2,3,1,2,0,0,10,50,next_turn_aware,WR,0.04345396043474132
2024,12,19,ppr,1,2,3,1,2,0,0,10,50,next_turn_aware,TE,0.03101341435467527
2024,12,19,ppr,1,2,3,1,2,0,0,10,50,next_turn_aware,K,0.0
2024,12,19,ppr,1,2,3,1,2,0,0,10,50,roster_plus_run,market_rank,10.437502114758281
2024,12,19,ppr,1,2,3,1,2,0,0,10,50,roster_plus_run,starter_need,0.6718474492099201
2024,12,19,ppr,1,2,3,1,2,0,0,10,50,roster_plus_run,roster_count,5.236721406519276
2024,12,19,ppr,1,2,3,1,2,0,0,10,50,roster_plus_run,recent_position_run,0.31320221149727195
2024,12,19,ppr,1,2,3,1,2,0,0,10,50,roster_plus_run,starter_need_late,0.32403293688999735
2024,12,19,ppr,1,2,3,1,2,0,0,10,50,roster_plus_run,QB,-0.44554813556367245
2024,12,19,ppr,1,2,3,1,2,0,0,10,50,roster_plus_run,RB,0.2865050920623273
2024,12,19,ppr,1,2,3,1,2,0,0,10,50,roster_plus_run,WR,0.5199902466245022
2024,12,19,ppr,1,2,3,1,2,0,0,10,50,roster_plus_run,TE,-0.36094720313659284
2024,12,19,ppr,1,2,3,1,2,0,0,10,50,roster_plus_run,K,0.0
2024,12,19,ppr,1,2,3,1,2,0,0,10,50,roster_plus_next_turn,market_rank,10.447394075489456
2024,12,19,ppr,1,2,3,1,2,0,0,10,50,roster_plus_next_turn,starter_need,0.7457636828931604
2024,12,19,ppr,1,2,3,1,2,0,0,10,50,roster_plus_next_turn,roster_count,5.451156959526176
2024,12,19,ppr,1,2,3,1,2,0,0,10,50,roster_plus_next_turn,next_turn_demand,0.16543896949733852
2024,12,19,ppr,1,2,3,1,2,0,0,10,50,roster_plus_next_turn,next_turn_competition,-1.1811880125389582
2024,12,19,ppr,1,2,3,1,2,0,0,10,50,roster_plus_next_turn,starter_need_late,0.18565700360279083
2024,12,19,ppr,1,2,3,1,2,0,0,10,50,roster_plus_next_turn,QB,-0.5439882638394787
2024,12,19,ppr,1,2,3,1,2,0,0,10,50,roster_plus_next_turn,RB,0.3215685425401281
2024,12,19,ppr,1,2,3,1,2,0,0,10,50,roster_plus_next_turn,WR,0.5926489301427595
2024,12,19,ppr,1,2,3,1,2,0,0,10,50,roster_plus_next_turn,TE,-0.370229208856325
2024,12,19,ppr,1,2,3,1,2,0,0,10,50,roster_plus_next_turn,K,0.0
2024,12,19,ppr,1,2,3,1,2,0,0,10,50,opponent_aware,market_rank,10.469749345728893
2024,12,19,ppr,1,2,3,1,2,0,0,10,50,opponent_aware,starter_need,0.756724545612844
2024,12,19,ppr,1,2,3,1,2,0,0,10,50,opponent_aware,roster_count,5.274304776828179
2024,12,19,ppr,1,2,3,1,2,0,0,10,50,opponent_aware,recent_position_run,0.32977639775925516
2024,12,19,ppr,1,2,3,1,2,0,0,10,50,opponent_aware,next_turn_demand,0.15827989479789914
2024,12,19,ppr,1,2,3,1,2,0,0,10,50,opponent_aware,next_turn_competition,-1.1962067429192786
2024,12,19,ppr,1,2,3,1,2,0,0,10,50,opponent_aware,starter_need_late,0.18916194550407342
2024,12,19,ppr,1,2,3,1,2,0,0,10,50,opponent_aware,QB,-0.4962120908618144
2024,12,19,ppr,1,2,3,1,2,0,0,10,50,opponent_aware,RB,0.2999478063440347
2024,12,19,ppr,1,2,3,1,2,0,0,10,50,opponent_aware,WR,0.5220925945155408
2024,12,19,ppr,1,2,3,1,2,0,0,10,50,opponent_aware,TE,-0.32582831000933915
2024,12,19,ppr,1,2,3,1,2,0,0,10,50,opponent_aware,K,0.0
2024,12,20,ppr,1,2,3,1,1,0,0,10,50,adp_only,market_rank,8.781003863741173
2024,12,20,ppr,1,2,3,1,1,0,0,10,50,position_baseline,market_rank,8.84444256296449
2024,12,20,ppr,1,2,3,1,1,0,0,10,50,position_baseline,QB,-0.16567671253726898
2024,12,20,ppr,1,2,3,1,1,0,0,10,50,position_baseline,RB,0.07025611840696291
2024,12,20,ppr,1,2,3,1,1,0,0,10,50,position_baseline,WR,0.12422821255845619
2024,12,20,ppr,1,2,3,1,1,0,0,10,50,position_baseline,TE,-0.028807618443169165
2024,12,20,ppr,1,2,3,1,1,0,0,10,50,position_baseline,K,0.0
2024,12,20,ppr,1,2,3,1,1,0,0,10,50,roster_aware,market_rank,8.775919979688323
2024,12,20,ppr,1,2,3,1,1,0,0,10,50,roster_aware,starter_need,0.4904315547801572
2024,12,20,ppr,1,2,3,1,1,0,0,10,50,roster_aware,roster_count,4.077606265481072
2024,12,20,ppr,1,2,3,1,1,0,0,10,50,roster_aware,starter_need_late,0.3615298753199621
2024,12,20,ppr,1,2,3,1,1,0,0,10,50,roster_aware,QB,-0.4215280331814471
2024,12,20,ppr,1,2,3,1,1,0,0,10,50,roster_aware,RB,0.2059014025444969
2024,12,20,ppr,1,2,3,1,1,0,0,10,50,roster_aware,WR,0.49508408099191603
2024,12,20,ppr,1,2,3,1,1,0,0,10,50,roster_aware,TE,-0.27945745036904385
2024,12,20,ppr,1,2,3,1,1,0,0,10,50,roster_aware,K,0.0
2024,12,20,ppr,1,2,3,1,1,0,0,10,50,run_aware,market_rank,8.869309534507869
2024,12,20,ppr,1,2,3,1,1,0,0,10,50,run_aware,recent_position_run,0.45454470229533983
2024,12,20,ppr,1,2,3,1,1,0,0,10,50,run_aware,QB,-0.11649145860752447
2024,12,20,ppr,1,2,3,1,1,0,0,10,50,run_aware,RB,0.0504587904292632
2024,12,20,ppr,1,2,3,1,1,0,0,10,50,run_aware,WR,0.05450818853789247
2024,12,20,ppr,1,2,3,1,1,0,0,10,50,run_aware,TE,0.011524479627587916
2024,12,20,ppr,1,2,3,1,1,0,0,10,50,run_aware,K,0.0
2024,12,20,ppr,1,2,3,1,1,0,0,10,50,next_turn_aware,market_rank,8.888772163085747
2024,12,20,ppr,1,2,3,1,1,0,0,10,50,next_turn_aware,next_turn_demand,0.3588883441151678
2024,12,20,ppr,1,2,3,1,1,0,0,10,50,next_turn_aware,next_turn_competition,-1.3890297781470213
2024,12,20,ppr,1,2,3,1,1,0,0,10,50,next_turn_aware,QB,-0.19292798908510234
2024,12,20,ppr,1,2,3,1,1,0,0,10,50,next_turn_aware,RB,0.07881496583844862
2024,12,20,ppr,1,2,3,1,1,0,0,10,50,next_turn_aware,WR,0.12018568327777224
2024,12,20,ppr,1,2,3,1,1,0,0,10,50,next_turn_aware,TE,-0.006072660046057895
2024,12,20,ppr,1,2,3,1,1,0,0,10,50,next_turn_aware,K,0.0
2024,12,20,ppr,1,2,3,1,1,0,0,10,50,roster_plus_run,market_rank,8.794158203697995
2024,12,20,ppr,1,2,3,1,1,0,0,10,50,roster_plus_run,starter_need,0.5020174057883716
2024,12,20,ppr,1,2,3,1,1,0,0,10,50,roster_plus_run,roster_count,3.9169366569674255
2024,12,20,ppr,1,2,3,1,1,0,0,10,50,roster_plus_run,recent_position_run,0.3231591009026146
2024,12,20,ppr,1,2,3,1,1,0,0,10,50,roster_plus_run,starter_need_late,0.3585934937770837
2024,12,20,ppr,1,2,3,1,1,0,0,10,50,roster_plus_run,QB,-0.37707204907469305
2024,12,20,ppr,1,2,3,1,1,0,0,10,50,roster_plus_run,RB,0.18828946380119188
2024,12,20,ppr,1,2,3,1,1,0,0,10,50,roster_plus_run,WR,0.43160893372890746
2024,12,20,ppr,1,2,3,1,1,0,0,10,50,roster_plus_run,TE,-0.24282634846986073
2024,12,20,ppr,1,2,3,1,1,0,0,10,50,roster_plus_run,K,0.0
2024,12,20,ppr,1,2,3,1,1,0,0,10,50,roster_plus_next_turn,market_rank,8.821096277668396
2024,12,20,ppr,1,2,3,1,1,0,0,10,50,roster_plus_next_turn,starter_need,0.44869964236267174
2024,12,20,ppr,1,2,3,1,1,0,0,10,50,roster_plus_next_turn,roster_count,4.143990285443281
2024,12,20,ppr,1,2,3,1,1,0,0,10,50,roster_plus_next_turn,next_turn_demand,0.30774441167698047
2024,12,20,ppr,1,2,3,1,1,0,0,10,50,roster_plus_next_turn,next_turn_competition,-1.4490073599016657
2024,12,20,ppr,1,2,3,1,1,0,0,10,50,roster_plus_next_turn,starter_need_late,0.43833339531901966
2024,12,20,ppr,1,2,3,1,1,0,0,10,50,roster_plus_next_turn,QB,-0.45140442617008353
2024,12,20,ppr,1,2,3,1,1,0,0,10,50,roster_plus_next_turn,RB,0.2162877431906699
2024,12,20,ppr,1,2,3,1,1,0,0,10,50,roster_plus_next_turn,WR,0.4950874719976559
2024,12,20,ppr,1,2,3,1,1,0,0,10,50,roster_plus_next_turn,TE,-0.25997078903313126
2024,12,20,ppr,1,2,3,1,1,0,0,10,50,roster_plus_next_turn,K,0.0
2024,12,20,ppr,1,2,3,1,1,0,0,10,50,opponent_aware,market_rank,8.840915686992883
2024,12,20,ppr,1,2,3,1,1,0,0,10,50,opponent_aware,starter_need,0.45971879150699396
2024,12,20,ppr,1,2,3,1,1,0,0,10,50,opponent_aware,roster_count,3.978874001904388
2024,12,20,ppr,1,2,3,1,1,0,0,10,50,opponent_aware,recent_position_run,0.3343487862585662
2024,12,20,ppr,1,2,3,1,1,0,0,10,50,opponent_aware,next_turn_demand,0.29571460864219007
2024,12,20,ppr,1,2,3,1,1,0,0,10,50,opponent_aware,next_turn_competition,-1.454522677972509
2024,12,20,ppr,1,2,3,1,1,0,0,10,50,opponent_aware,starter_need_late,0.4373810776880872
2024,12,20,ppr,1,2,3,1,1,0,0,10,50,opponent_aware,QB,-0.405514531082688
2024,12,20,ppr,1,2,3,1,1,0,0,10,50,opponent_aware,RB,0.19799946447690833
2024,12,20,ppr,1,2,3,1,1,0,0,10,50,opponent_aware,WR,0.4296504020411199
2024,12,20,ppr,1,2,3,1,1,0,0,10,50,opponent_aware,TE,-0.22213533544651393
2024,12,20,ppr,1,2,3,1,1,0,0,10,50,opponent_aware,K,0.0
2024,12,20,ppr,1,2,3,1,2,0,0,11,50,adp_only,market_rank,9.062487689614057
2024,12,20,ppr,1,2,3,1,2,0,0,11,50,position_baseline,market_rank,9.125813679050232
2024,12,20,ppr,1,2,3,1,2,0,0,11,50,position_baseline,QB,-0.1929461908107838
2024,12,20,ppr,1,2,3,1,2,0,0,11,50,position_baseline,RB,0.1015559140924776
2024,12,20,ppr,1,2,3,1,2,0,0,11,50,position_baseline,WR,0.07282005193997321
2024,12,20,ppr,1,2,3,1,2,0,0,11,50,position_baseline,TE,0.018570224765808625
2024,12,20,ppr,1,2,3,1,2,0,0,11,50,position_baseline,K,0.0
2024,12,20,ppr,1,2,3,1,2,0,0,11,50,roster_aware,market_rank,9.05958128412215
2024,12,20,ppr,1,2,3,1,2,0,0,11,50,roster_aware,starter_need,1.0747593270964546
2024,12,20,ppr,1,2,3,1,2,0,0,11,50,roster_aware,roster_count,5.156593364731302
2024,12,20,ppr,1,2,3,1,2,0,0,11,50,roster_aware,starter_need_late,-0.4673581820293172
2024,12,20,ppr,1,2,3,1,2,0,0,11,50,roster_aware,QB,-0.5267945559204812
2024,12,20,ppr,1,2,3,1,2,0,0,11,50,roster_aware,RB,0.29630753198985915
2024,12,20,ppr,1,2,3,1,2,0,0,11,50,roster_aware,WR,0.5892367078963586
2024,12,20,ppr,1,2,3,1,2,0,0,11,50,roster_aware,TE,-0.35874968397792917
2024,12,20,ppr,1,2,3,1,2,0,0,11,50,roster_aware,K,0.0
2024,12,20,ppr,1,2,3,1,2,0,0,11,50,run_aware,market_rank,9.148809493969768
2024,12,20,ppr,1,2,3,1,2,0,0,11,50,run_aware,recent_position_run,0.46562449326838395
2024,12,20,ppr,1,2,3,1,2,0,0,11,50,run_aware,QB,-0.14170562670330936
2024,12,20,ppr,1,2,3,1,2,0,0,11,50,run_aware,RB,0.07982762559995062
2024,12,20,ppr,1,2,3,1,2,0,0,11,50,run_aware,WR,-0.0008129727247499085
2024,12,20,ppr,1,2,3,1,2,0,0,11,50,run_aware,TE,0.06269097381740078
2024,12,20,ppr,1,2,3,1,2,0,0,11,50,run_aware,K,0.0
2024,12,20,ppr,1,2,3,1,2,0,0,11,50,next_turn_aware,market_rank,9.157305090763845
2024,12,20,ppr,1,2,3,1,2,0,0,11,50,next_turn_aware,next_turn_demand,-0.049725191457929765
2024,12,20,ppr,1,2,3,1,2,0,0,11,50,next_turn_aware,next_turn_competition,-0.8030717762128701
2024,12,20,ppr,1,2,3,1,2,0,0,11,50,next_turn_aware,QB,-0.2432671739331962
2024,12,20,ppr,1,2,3,1,2,0,0,11,50,next_turn_aware,RB,0.11591109182979828
2024,12,20,ppr,1,2,3,1,2,0,0,11,50,next_turn_aware,WR,0.07803749276175555
2024,12,20,ppr,1,2,3,1,2,0,0,11,50,next_turn_aware,TE,0.04931858933076089
2024,12,20,ppr,1,2,3,1,2,0,0,11,50,next_turn_aware,K,0.0
2024,12,20,ppr,1,2,3,1,2,0,0,11,50,roster_plus_run,market_rank,9.074815775544328
2024,12,20,ppr,1,2,3,1,2,0,0,11,50,roster_plus_run,starter_need,1.0901297317905019
2024,12,20,ppr,1,2,3,1,2,0,0,11,50,roster_plus_run,roster_count,4.995639744876896
2024,12,20,ppr,1,2,3,1,2,0,0,11,50,roster_plus_run,recent_position_run,0.2792479339286108
2024,12,20,ppr,1,2,3,1,2,0,0,11,50,roster_plus_run,starter_need_late,-0.47922016219993735
2024,12,20,ppr,1,2,3,1,2,0,0,11,50,roster_plus_run,QB,-0.4857940170537844
2024,12,20,ppr,1,2,3,1,2,0,0,11,50,roster_plus_run,RB,0.27925444777547936
2024,12,20,ppr,1,2,3,1,2,0,0,11,50,roster_plus_run,WR,0.5295715780035646
2024,12,20,ppr,1,2,3,1,2,0,0,11,50,roster_plus_run,TE,-0.3230320087318295
2024,12,20,ppr,1,2,3,1,2,0,0,11,50,roster_plus_run,K,0.0
2024,12,20,ppr,1,2,3,1,2,0,0,11,50,roster_plus_next_turn,market_rank,9.102688069256601
2024,12,20,ppr,1,2,3,1,2,0,0,11,50,roster_plus_next_turn,starter_need,1.2063006457214915
2024,12,20,ppr,1,2,3,1,2,0,0,11,50,roster_plus_next_turn,roster_count,5.232579433620117
2024,12,20,ppr,1,2,3,1,2,0,0,11,50,roster_plus_next_turn,next_turn_demand,-0.2527278014042436
2024,12,20,ppr,1,2,3,1,2,0,0,11,50,roster_plus_next_turn,next_turn_competition,-1.0290450142418024
2024,12,20,ppr,1,2,3,1,2,0,0,11,50,roster_plus_next_turn,starter_need_late,-0.6539116716375937
2024,12,20,ppr,1,2,3,1,2,0,0,11,50,roster_plus_next_turn,QB,-0.5951927043197156
2024,12,20,ppr,1,2,3,1,2,0,0,11,50,roster_plus_next_turn,RB,0.3180184924631949
2024,12,20,ppr,1,2,3,1,2,0,0,11,50,roster_plus_next_turn,WR,0.6019527559885159
2024,12,20,ppr,1,2,3,1,2,0,0,11,50,roster_plus_next_turn,TE,-0.32477854414362195
2024,12,20,ppr,1,2,3,1,2,0,0,11,50,roster_plus_next_turn,K,0.0
2024,12,20,ppr,1,2,3,1,2,0,0,11,50,opponent_aware,market_rank,9.118553962605978
2024,12,20,ppr,1,2,3,1,2,0,0,11,50,opponent_aware,starter_need,1.2228573772431515
2024,12,20,ppr,1,2,3,1,2,0,0,11,50,opponent_aware,roster_count,5.066672731992918
2024,12,20,ppr,1,2,3,1,2,0,0,11,50,opponent_aware,recent_position_run,0.2911296479494805
2024,12,20,ppr,1,2,3,1,2,0,0,11,50,opponent_aware,next_turn_demand,-0.26357080886386797
2024,12,20,ppr,1,2,3,1,2,0,0,11,50,opponent_aware,next_turn_competition,-1.0297588326191323
2024,12,20,ppr,1,2,3,1,2,0,0,11,50,opponent_aware,starter_need_late,-0.6673153039853781
2024,12,20,ppr,1,2,3,1,2,0,0,11,50,opponent_aware,QB,-0.5528704691809117
2024,12,20,ppr,1,2,3,1,2,0,0,11,50,opponent_aware,RB,0.30035284611219765
2024,12,20,ppr,1,2,3,1,2,0,0,11,50,opponent_aware,WR,0.5401726656006274
2024,12,20,ppr,1,2,3,1,2,0,0,11,50,opponent_aware,TE,-0.2876550425373093
2024,12,20,ppr,1,2,3,1,2,0,0,11,50,opponent_aware,K,0.0
2025,10,15,ppr,1,2,2,1,2,1,1,5,50,adp_only,market_rank,7.447722359345183
2025,10,15,ppr,1,2,2,1,2,1,1,5,50,position_baseline,market_rank,7.645591115292204
2025,10,15,ppr,1,2,2,1,2,1,1,5,50,position_baseline,QB,-0.2160830396324099
2025,10,15,ppr,1,2,2,1,2,1,1,5,50,position_baseline,RB,-0.08976295999333882
2025,10,15,ppr,1,2,2,1,2,1,1,5,50,position_baseline,WR,-0.12651203207146408
2025,10,15,ppr,1,2,2,1,2,1,1,5,50,position_baseline,TE,-0.14831378654578062
2025,10,15,ppr,1,2,2,1,2,1,1,5,50,position_baseline,K,0.5806718182441439
2025,10,15,ppr,1,2,2,1,2,1,1,5,50,roster_aware,market_rank,7.568254033503498
2025,10,15,ppr,1,2,2,1,2,1,1,5,50,roster_aware,starter_need,-1.3971935198154448
2025,10,15,ppr,1,2,2,1,2,1,1,5,50,roster_aware,roster_count,3.847544763927261
2025,10,15,ppr,1,2,2,1,2,1,1,5,50,roster_aware,starter_need_late,4.133450353862347
2025,10,15,ppr,1,2,2,1,2,1,1,5,50,roster_aware,QB,-0.03360594721705911
2025,10,15,ppr,1,2,2,1,2,1,1,5,50,roster_aware,RB,0.6353321633671639
2025,10,15,ppr,1,2,2,1,2,1,1,5,50,roster_aware,WR,0.7357306767517333
2025,10,15,ppr,1,2,2,1,2,1,1,5,50,roster_aware,TE,-0.03968502022060483
2025,10,15,ppr,1,2,2,1,2,1,1,5,50,roster_aware,K,-1.2977718726794476
2025,10,15,ppr,1,2,2,1,2,1,1,5,50,run_aware,market_rank,7.689514046884238
2025,10,15,ppr,1,2,2,1,2,1,1,5,50,run_aware,recent_position_run,0.7395064137880321
2025,10,15,ppr,1,2,2,1,2,1,1,5,50,run_aware,QB,-0.1415364593865342
2025,10,15,ppr,1,2,2,1,2,1,1,5,50,run_aware,RB,-0.15029250522768786
2025,10,15,ppr,1,2,2,1,2,1,1,5,50,run_aware,WR,-0.25288089176819994
2025,10,15,ppr,1,2,2,1,2,1,1,5,50,run_aware,TE,-0.06906807016379163
2025,10,15,ppr,1,2,2,1,2,1,1,5,50,run_aware,K,0.6137779265468116
2025,10,15,ppr,1,2,2,1,2,1,1,5,50,next_turn_aware,market_rank,7.666373458726627
2025,10,15,ppr,1,2,2,1,2,1,1,5,50,next_turn_aware,next_turn_demand,-0.6214364781245901
2025,10,15,ppr,1,2,2,1,2,1,1,5,50,next_turn_aware,next_turn_competition,-0.3583538919701104
2025,10,15,ppr,1,2,2,1,2,1,1,5,50,next_turn_aware,QB,-0.3958128214218415
2025,10,15,ppr,1,2,2,1,2,1,1,5,50,next_turn_aware,RB,-0.20920149448631986
2025,10,15,ppr,1,2,2,1,2,1,1,5,50,next_turn_aware,WR,-0.26298730567032524
2025,10,15,ppr,1,2,2,1,2,1,1,5,50,next_turn_aware,TE,-0.18497863184130495
2025,10,15,ppr,1,2,2,1,2,1,1,5,50,next_turn_aware,K,1.0529802534201385
2025,10,15,ppr,1,2,2,1,2,1,1,5,50,roster_plus_run,market_rank,7.607206466506423
2025,10,15,ppr,1,2,2,1,2,1,1,5,50,roster_plus_run,starter_need,-1.2445773461976488
2025,10,15,ppr,1,2,2,1,2,1,1,5,50,roster_plus_run,roster_count,3.6848269259567847
2025,10,15,ppr,1,2,2,1,2,1,1,5,50,roster_plus_run,recent_position_run,0.5622698838001386
2025,10,15,ppr,1,2,2,1,2,1,1,5,50,roster_plus_run,starter_need_late,3.882737377923086
2025,10,15,ppr,1,2,2,1,2,1,1,5,50,roster_plus_run,QB,0.022231090239842016
2025,10,15,ppr,1,2,2,1,2,1,1,5,50,roster_plus_run,RB,0.5687088324850553
2025,10,15,ppr,1,2,2,1,2,1,1,5,50,roster_plus_run,WR,0.6128092876980936
2025,10,15,ppr,1,2,2,1,2,1,1,5,50,roster_plus_run,TE,0.013636246865405363
2025,10,15,ppr,1,2,2,1,2,1,1,5,50,roster_plus_run,K,-1.2173854572876506
2025,10,15,ppr,1,2,2,1,2,1,1,5,50,roster_plus_next_turn,market_rank,7.59912656970245
2025,10,15,ppr,1,2,2,1,2,1,1,5,50,roster_plus_next_turn,starter_need,-0.981246488157866
2025,10,15,ppr,1,2,2,1,2,1,1,5,50,roster_plus_next_turn,roster_count,3.908333600228979
2025,10,15,ppr,1,2,2,1,2,1,1,5,50,roster_plus_next_turn,next_turn_demand,-0.805565481507192
2025,10,15,ppr,1,2,2,1,2,1,1,5,50,roster_plus_next_turn,next_turn_competition,-0.384865205698367
2025,10,15,ppr,1,2,2,1,2,1,1,5,50,roster_plus_next_turn,starter_need_late,3.524635902476405
2025,10,15,ppr,1,2,2,1,2,1,1,5,50,roster_plus_next_turn,QB,-0.2607805711294423
2025,10,15,ppr,1,2,2,1,2,1,1,5,50,roster_plus_next_turn,RB,0.47437562654951904
2025,10,15,ppr,1,2,2,1,2,1,1,5,50,roster_plus_next_turn,WR,0.560258856357226
2025,10,15,ppr,1,2,2,1,2,1,1,5,50,roster_plus_next_turn,TE,-0.10610701466081582
2025,10,15,ppr,1,2,2,1,2,1,1,5,50,roster_plus_next_turn,K,-0.6677468971144134
2025,10,15,ppr,1,2,2,1,2,1,1,5,50,opponent_aware,market_rank,7.634689728300099
2025,10,15,ppr,1,2,2,1,2,1,1,5,50,opponent_aware,starter_need,-0.8582576734396132
2025,10,15,ppr,1,2,2,1,2,1,1,5,50,opponent_aware,roster_count,3.755134738592924
2025,10,15,ppr,1,2,2,1,2,1,1,5,50,opponent_aware,recent_position_run,0.5195179086136379
2025,10,15,ppr,1,2,2,1,2,1,1,5,50,opponent_aware,next_turn_demand,-0.8288841467270802
2025,10,15,ppr,1,2,2,1,2,1,1,5,50,opponent_aware,next_turn_competition,-0.33716319991735233
2025,10,15,ppr,1,2,2,1,2,1,1,5,50,opponent_aware,starter_need_late,3.3257036847318617
2025,10,15,ppr,1,2,2,1,2,1,1,5,50,opponent_aware,QB,-0.20083137532663822
2025,10,15,ppr,1,2,2,1,2,1,1,5,50,opponent_aware,RB,0.4176438409619546
2025,10,15,ppr,1,2,2,1,2,1,1,5,50,opponent_aware,WR,0.4514500842892071
2025,10,15,ppr,1,2,2,1,2,1,1,5,50,opponent_aware,TE,-0.05463053794084694
2025,10,15,ppr,1,2,2,1,2,1,1,5,50,opponent_aware,K,-0.6136320119822498
2025,10,15,ppr,1,2,2,1,2,1,1,5,150,adp_only,market_rank,7.863342351154366
2025,10,15,ppr,1,2,2,1,2,1,1,5,150,position_baseline,market_rank,8.06657118937539
2025,10,15,ppr,1,2,2,1,2,1,1,5,150,position_baseline,QB,-0.24768567916658213
2025,10,15,ppr,1,2,2,1,2,1,1,5,150,position_baseline,RB,-0.06665580714334265
2025,10,15,ppr,1,2,2,1,2,1,1,5,150,position_baseline,WR,-0.059788769763584895
2025,10,15,ppr,1,2,2,1,2,1,1,5,150,position_baseline,TE,-0.16178299596162207
2025,10,15,ppr,1,2,2,1,2,1,1,5,150,position_baseline,K,0.5359132520282317
2025,10,15,ppr,1,2,2,1,2,1,1,5,150,roster_aware,market_rank,7.962953476242357
2025,10,15,ppr,1,2,2,1,2,1,1,5,150,roster_aware,starter_need,-1.369192713793993
2025,10,15,ppr,1,2,2,1,2,1,1,5,150,roster_aware,roster_count,4.386495761977445
2025,10,15,ppr,1,2,2,1,2,1,1,5,150,roster_aware,starter_need_late,4.121543556649403
2025,10,15,ppr,1,2,2,1,2,1,1,5,150,roster_aware,QB,-0.08210982093132714
2025,10,15,ppr,1,2,2,1,2,1,1,5,150,roster_aware,RB,0.6932413213527867
2025,10,15,ppr,1,2,2,1,2,1,1,5,150,roster_aware,WR,0.8272773064343446
2025,10,15,ppr,1,2,2,1,2,1,1,5,150,roster_aware,TE,-0.061724139411254646
2025,10,15,ppr,1,2,2,1,2,1,1,5,150,roster_aware,K,-1.3766846674543942
2025,10,15,ppr,1,2,2,1,2,1,1,5,150,run_aware,market_rank,8.101527761583217
2025,10,15,ppr,1,2,2,1,2,1,1,5,150,run_aware,recent_position_run,0.6444610319532973
2025,10,15,ppr,1,2,2,1,2,1,1,5,150,run_aware,QB,-0.17942916801038472
2025,10,15,ppr,1,2,2,1,2,1,1,5,150,run_aware,RB,-0.12102186109308403
2025,10,15,ppr,1,2,2,1,2,1,1,5,150,run_aware,WR,-0.16901668001678802
2025,10,15,ppr,1,2,2,1,2,1,1,5,150,run_aware,TE,-0.09050466296287742
2025,10,15,ppr,1,2,2,1,2,1,1,5,150,run_aware,K,0.5599723720799961
2025,10,15,ppr,1,2,2,1,2,1,1,5,150,next_turn_aware,market_rank,8.110492703564706
2025,10,15,ppr,1,2,2,1,2,1,1,5,150,next_turn_aware,next_turn_demand,-0.6965408526221779
2025,10,15,ppr,1,2,2,1,2,1,1,5,150,next_turn_aware,next_turn_competition,-0.32506490252989
2025,10,15,ppr,1,2,2,1,2,1,1,5,150,next_turn_aware,QB,-0.43492711223797054
2025,10,15,ppr,1,2,2,1,2,1,1,5,150,next_turn_aware,RB,-0.17990627100555254
2025,10,15,ppr,1,2,2,1,2,1,1,5,150,next_turn_aware,WR,-0.18412605149062947
2025,10,15,ppr,1,2,2,1,2,1,1,5,150,next_turn_aware,TE,-0.1974886917473845
2025,10,15,ppr,1,2,2,1,2,1,1,5,150,next_turn_aware,K,0.9964481264809387
2025,10,15,ppr,1,2,2,1,2,1,1,5,150,roster_plus_run,market_rank,7.995534377310583
2025,10,15,ppr,1,2,2,1,2,1,1,5,150,roster_plus_run,starter_need,-1.2378217970804049
2025,10,15,ppr,1,2,2,1,2,1,1,5,150,roster_plus_run,roster_count,4.242627225952428
2025,10,15,ppr,1,2,2,1,2,1,1,5,150,roster_plus_run,recent_position_run,0.48282049038288716
2025,10,15,ppr,1,2,2,1,2,1,1,5,150,roster_plus_run,starter_need_late,3.9062593280245568
2025,10,15,ppr,1,2,2,1,2,1,1,5,150,roster_plus_run,QB,-0.032982588458720145
2025,10,15,ppr,1,2,2,1,2,1,1,5,150,roster_plus_run,RB,0.63370619278018
2025,10,15,ppr,1,2,2,1,2,1,1,5,150,roster_plus_run,WR,0.7223978489786245
2025,10,15,ppr,1,2,2,1,2,1,1,5,150,roster_plus_run,TE,-0.01482383581016387
2025,10,15,ppr,1,2,2,1,2,1,1,5,150,roster_plus_run,K,-1.3082976174956213
2025,10,15,ppr,1,2,2,1,2,1,1,5,150,roster_plus_next_turn,market_rank,8.022831542944129
2025,10,15,ppr,1,2,2,1,2,1,1,5,150,roster_plus_next_turn,starter_need,-0.8475183998364072
2025,10,15,ppr,1,2,2,1,2,1,1,5,150,roster_plus_next_turn,roster_count,4.413158265444103
2025,10,15,ppr,1,2,2,1,2,1,1,5,150,roster_plus_next_turn,next_turn_demand,-0.9333699926299212
2025,10,15,ppr,1,2,2,1,2,1,1,5,150,roster_plus_next_turn,next_turn_competition,-0.37460200000915445
2025,10,15,ppr,1,2,2,1,2,1,1,5,150,roster_plus_next_turn,starter_need_late,3.385194918259155
2025,10,15,ppr,1,2,2,1,2,1,1,5,150,roster_plus_next_turn,QB,-0.3299175825147295
2025,10,15,ppr,1,2,2,1,2,1,1,5,150,roster_plus_next_turn,RB,0.5273961592070676
2025,10,15,ppr,1,2,2,1,2,1,1,5,150,roster_plus_next_turn,WR,0.6527829390483134
2025,10,15,ppr,1,2,2,1,2,1,1,5,150,roster_plus_next_turn,TE,-0.13587918466051205
2025,10,15,ppr,1,2,2,1,2,1,1,5,150,roster_plus_next_turn,K,-0.7143823310950415
2025,10,15,ppr,1,2,2,1,2,1,1,5,150,opponent_aware,market_rank,8.050060755496151
2025,10,15,ppr,1,2,2,1,2,1,1,5,150,opponent_aware,starter_need,-0.7540203951356064
2025,10,15,ppr,1,2,2,1,2,1,1,5,150,opponent_aware,roster_count,4.282895722156042
2025,10,15,ppr,1,2,2,1,2,1,1,5,150,opponent_aware,recent_position_run,0.42933228157193587
2025,10,15,ppr,1,2,2,1,2,1,1,5,150,opponent_aware,next_turn_demand,-0.94377092981647
2025,10,15,ppr,1,2,2,1,2,1,1,5,150,opponent_aware,next_turn_competition,-0.3405330817063472
2025,10,15,ppr,1,2,2,1,2,1,1,5,150,opponent_aware,starter_need_late,3.239322739714279
2025,10,15,ppr,1,2,2,1,2,1,1,5,150,opponent_aware,QB,-0.27736254076573175
2025,10,15,ppr,1,2,2,1,2,1,1,5,150,opponent_aware,RB,0.48005732011453156
2025,10,15,ppr,1,2,2,1,2,1,1,5,150,opponent_aware,WR,0.5651859933502712
2025,10,15,ppr,1,2,2,1,2,1,1,5,150,opponent_aware,TE,-0.09069654169700067
2025,10,15,ppr,1,2,2,1,2,1,1,5,150,opponent_aware,K,-0.6771842310079018
2025,10,15,ppr,1,2,2,1,3,0,0,6,50,adp_only,market_rank,10.583343720557997
2025,10,15,ppr,1,2,2,1,3,0,0,6,50,position_baseline,market_rank,10.609117371207896
2025,10,15,ppr,1,2,2,1,3,0,0,6,50,position_baseline,QB,-0.16335547048514856
2025,10,15,ppr,1,2,2,1,3,0,0,6,50,position_baseline,RB,0.0919881942286699
2025,10,15,ppr,1,2,2,1,3,0,0,6,50,position_baseline,WR,0.0844171546081828
2025,10,15,ppr,1,2,2,1,3,0,0,6,50,position_baseline,TE,-0.013049878358399795
2025,10,15,ppr,1,2,2,1,3,0,0,6,50,position_baseline,K,0.0
2025,10,15,ppr,1,2,2,1,3,0,0,6,50,roster_aware,market_rank,10.616909627640606
2025,10,15,ppr,1,2,2,1,3,0,0,6,50,roster_aware,starter_need,0.8354373037178416
2025,10,15,ppr,1,2,2,1,3,0,0,6,50,roster_aware,roster_count,3.778018201679328
2025,10,15,ppr,1,2,2,1,3,0,0,6,50,roster_aware,starter_need_late,0.3350291343157421
2025,10,15,ppr,1,2,2,1,3,0,0,6,50,roster_aware,QB,-0.5372935809205768
2025,10,15,ppr,1,2,2,1,3,0,0,6,50,roster_aware,RB,0.4188427130516048
2025,10,15,ppr,1,2,2,1,3,0,0,6,50,roster_aware,WR,0.5472872335067865
2025,10,15,ppr,1,2,2,1,3,0,0,6,50,roster_aware,TE,-0.4288363656427401
2025,10,15,ppr,1,2,2,1,3,0,0,6,50,roster_aware,K,0.0
2025,10,15,ppr,1,2,2,1,3,0,0,6,50,run_aware,market_rank,10.65799582186443
2025,10,15,ppr,1,2,2,1,3,0,0,6,50,run_aware,recent_position_run,0.4679543794721509
2025,10,15,ppr,1,2,2,1,3,0,0,6,50,run_aware,QB,-0.09794715834828956
2025,10,15,ppr,1,2,2,1,3,0,0,6,50,run_aware,RB,0.04369470167283658
2025,10,15,ppr,1,2,2,1,3,0,0,6,50,run_aware,WR,0.0022391876606488973
2025,10,15,ppr,1,2,2,1,3,0,0,6,50,run_aware,TE,0.052013269009289
2025,10,15,ppr,1,2,2,1,3,0,0,6,50,run_aware,K,0.0
2025,10,15,ppr,1,2,2,1,3,0,0,6,50,next_turn_aware,market_rank,10.628042899202436
2025,10,15,ppr,1,2,2,1,3,0,0,6,50,next_turn_aware,next_turn_demand,-0.09588419753367795
2025,10,15,ppr,1,2,2,1,3,0,0,6,50,next_turn_aware,next_turn_competition,-0.6525299944775046
2025,10,15,ppr,1,2,2,1,3,0,0,6,50,next_turn_aware,QB,-0.18781526319908637
2025,10,15,ppr,1,2,2,1,3,0,0,6,50,next_turn_aware,RB,0.08034186249835265
2025,10,15,ppr,1,2,2,1,3,0,0,6,50,next_turn_aware,WR,0.07007247932059965
2025,10,15,ppr,1,2,2,1,3,0,0,6,50,next_turn_aware,TE,0.0374009213741002
2025,10,15,ppr,1,2,2,1,3,0,0,6,50,next_turn_aware,K,0.0
2025,10,15,ppr,1,2,2,1,3,0,0,6,50,roster_plus_run,market_rank,10.656542581593753
2025,10,15,ppr,1,2,2,1,3,0,0,6,50,roster_plus_run,starter_need,0.8520269857668512
2025,10,15,ppr,1,2,2,1,3,0,0,6,50,roster_plus_run,roster_count,3.68034064482383
2025,10,15,ppr,1,2,2,1,3,0,0,6,50,roster_plus_run,recent_position_run,0.37280710047519106
2025,10,15,ppr,1,2,2,1,3,0,0,6,50,roster_plus_run,starter_need_late,0.3228718728387224
2025,10,15,ppr,1,2,2,1,3,0,0,6,50,roster_plus_run,QB,-0.47776984689718244
2025,10,15,ppr,1,2,2,1,3,0,0,6,50,roster_plus_run,RB,0.37616857976968204
2025,10,15,ppr,1,2,2,1,3,0,0,6,50,roster_plus_run,WR,0.4730509205138027
2025,10,15,ppr,1,2,2,1,3,0,0,6,50,roster_plus_run,TE,-0.37144965339034386
2025,10,15,ppr,1,2,2,1,3,0,0,6,50,roster_plus_run,K,0.0
2025,10,15,ppr,1,2,2,1,3,0,0,6,50,roster_plus_next_turn,market_rank,10.65371499816598
2025,10,15,ppr,1,2,2,1,3,0,0,6,50,roster_plus_next_turn,starter_need,1.0318953800650494
2025,10,15,ppr,1,2,2,1,3,0,0,6,50,roster_plus_next_turn,roster_count,3.9068141593042336
2025,10,15,ppr,1,2,2,1,3,0,0,6,50,roster_plus_next_turn,next_turn_demand,-0.310944472149463
2025,10,15,ppr,1,2,2,1,3,0,0,6,50,roster_plus_next_turn,next_turn_competition,-1.0923866646181009
2025,10,15,ppr,1,2,2,1,3,0,0,6,50,roster_plus_next_turn,starter_need_late,0.18522894516639327
2025,10,15,ppr,1,2,2,1,3,0,0,6,50,roster_plus_next_turn,QB,-0.5940737780482268
2025,10,15,ppr,1,2,2,1,3,0,0,6,50,roster_plus_next_turn,RB,0.40887417903766493
2025,10,15,ppr,1,2,2,1,3,0,0,6,50,roster_plus_next_turn,WR,0.5379710476464816
2025,10,15,ppr,1,2,2,1,3,0,0,6,50,roster_plus_next_turn,TE,-0.3527714486393646
2025,10,15,ppr,1,2,2,1,3,0,0,6,50,roster_plus_next_turn,K,0.0
2025,10,15,ppr,1,2,2,1,3,0,0,6,50,opponent_aware,market_rank,10.693665350012713
2025,10,15,ppr,1,2,2,1,3,0,0,6,50,opponent_aware,starter_need,1.0485836215069486
2025,10,15,ppr,1,2,2,1,3,0,0,6,50,opponent_aware,roster_count,3.810806921089296
2025,10,15,ppr,1,2,2,1,3,0,0,6,50,opponent_aware,recent_position_run,0.37155974860257784
2025,10,15,ppr,1,2,2,1,3,0,0,6,50,opponent_aware,next_turn_demand,-0.3278862631380388
2025,10,15,ppr,1,2,2,1,3,0,0,6,50,opponent_aware,next_turn_competition,-1.077316810007036
2025,10,15,ppr,1,2,2,1,3,0,0,6,50,opponent_aware,starter_need_late,0.17211404697710764
2025,10,15,ppr,1,2,2,1,3,0,0,6,50,opponent_aware,QB,-0.5340361545286245
2025,10,15,ppr,1,2,2,1,3,0,0,6,50,opponent_aware,RB,0.3657889393514547
2025,10,15,ppr,1,2,2,1,3,0,0,6,50,opponent_aware,WR,0.4638842507606526
2025,10,15,ppr,1,2,2,1,3,0,0,6,50,opponent_aware,TE,-0.29563703558892246
2025,10,15,ppr,1,2,2,1,3,0,0,6,50,opponent_aware,K,0.0
2025,10,21,ppr,1,2,2,1,2,0,0,13,50,adp_only,market_rank,8.985829804526253
2025,10,21,ppr,1,2,2,1,2,0,0,13,50,position_baseline,market_rank,8.99433536391497
2025,10,21,ppr,1,2,2,1,2,0,0,13,50,position_baseline,QB,-0.03199372775904394
2025,10,21,ppr,1,2,2,1,2,0,0,13,50,position_baseline,RB,-0.023114247241239127
2025,10,21,ppr,1,2,2,1,2,0,0,13,50,position_baseline,WR,0.07225318879202838
2025,10,21,ppr,1,2,2,1,2,0,0,13,50,position_baseline,TE,-0.01714521380487106
2025,10,21,ppr,1,2,2,1,2,0,0,13,50,position_baseline,K,0.0
2025,10,21,ppr,1,2,2,1,2,0,0,13,50,roster_aware,market_rank,8.942220519088012
2025,10,21,ppr,1,2,2,1,2,0,0,13,50,roster_aware,starter_need,0.9375900553992387
2025,10,21,ppr,1,2,2,1,2,0,0,13,50,roster_aware,roster_count,5.622521346987058
2025,10,21,ppr,1,2,2,1,2,0,0,13,50,roster_aware,starter_need_late,-0.3825569228720143
2025,10,21,ppr,1,2,2,1,2,0,0,13,50,roster_aware,QB,-0.4490619845315172
2025,10,21,ppr,1,2,2,1,2,0,0,13,50,roster_aware,RB,0.3039468205414741
2025,10,21,ppr,1,2,2,1,2,0,0,13,50,roster_aware,WR,0.6112184479620189
2025,10,21,ppr,1,2,2,1,2,0,0,13,50,roster_aware,TE,-0.46610328398544665
2025,10,21,ppr,1,2,2,1,2,0,0,13,50,roster_aware,K,0.0
2025,10,21,ppr,1,2,2,1,2,0,0,13,50,run_aware,market_rank,9.01694924519725
2025,10,21,ppr,1,2,2,1,2,0,0,13,50,run_aware,recent_position_run,0.39539355609207383
2025,10,21,ppr,1,2,2,1,2,0,0,13,50,run_aware,QB,0.01043285325398956
2025,10,21,ppr,1,2,2,1,2,0,0,13,50,run_aware,RB,-0.04947573359789037
2025,10,21,ppr,1,2,2,1,2,0,0,13,50,run_aware,WR,0.01444028679763564
2025,10,21,ppr,1,2,2,1,2,0,0,13,50,run_aware,TE,0.024602593534739817
2025,10,21,ppr,1,2,2,1,2,0,0,13,50,run_aware,K,0.0
2025,10,21,ppr,1,2,2,1,2,0,0,13,50,next_turn_aware,market_rank,9.009541726745425
2025,10,21,ppr,1,2,2,1,2,0,0,13,50,next_turn_aware,next_turn_demand,0.17022510215738967
2025,10,21,ppr,1,2,2,1,2,0,0,13,50,next_turn_aware,next_turn_competition,-0.939737710432764
2025,10,21,ppr,1,2,2,1,2,0,0,13,50,next_turn_aware,QB,-0.03556520516953828
2025,10,21,ppr,1,2,2,1,2,0,0,13,50,next_turn_aware,RB,-0.03871028419100151
2025,10,21,ppr,1,2,2,1,2,0,0,13,50,next_turn_aware,WR,0.048517609525485714
2025,10,21,ppr,1,2,2,1,2,0,0,13,50,next_turn_aware,TE,0.025757879823075737
2025,10,21,ppr,1,2,2,1,2,0,0,13,50,next_turn_aware,K,0.0
2025,10,21,ppr,1,2,2,1,2,0,0,13,50,roster_plus_run,market_rank,8.95966421273406
2025,10,21,ppr,1,2,2,1,2,0,0,13,50,roster_plus_run,starter_need,0.9865083772331483
2025,10,21,ppr,1,2,2,1,2,0,0,13,50,roster_plus_run,roster_count,5.513568855191684
2025,10,21,ppr,1,2,2,1,2,0,0,13,50,roster_plus_run,recent_position_run,0.29733742421928167
2025,10,21,ppr,1,2,2,1,2,0,0,13,50,roster_plus_run,starter_need_late,-0.4661932669997016
2025,10,21,ppr,1,2,2,1,2,0,0,13,50,roster_plus_run,QB,-0.41138934041713215
2025,10,21,ppr,1,2,2,1,2,0,0,13,50,roster_plus_run,RB,0.2810029234109771
2025,10,21,ppr,1,2,2,1,2,0,0,13,50,roster_plus_run,WR,0.5604174332398955
2025,10,21,ppr,1,2,2,1,2,0,0,13,50,roster_plus_run,TE,-0.4300310162444933
2025,10,21,ppr,1,2,2,1,2,0,0,13,50,roster_plus_run,K,0.0
2025,10,21,ppr,1,2,2,1,2,0,0,13,50,roster_plus_next_turn,market_rank,8.967153006384725
2025,10,21,ppr,1,2,2,1,2,0,0,13,50,roster_plus_next_turn,starter_need,1.160196432021467
2025,10,21,ppr,1,2,2,1,2,0,0,13,50,roster_plus_next_turn,roster_count,5.504544267789429
2025,10,21,ppr,1,2,2,1,2,0,0,13,50,roster_plus_next_turn,next_turn_demand,0.1219061268860865
2025,10,21,ppr,1,2,2,1,2,0,0,13,50,roster_plus_next_turn,next_turn_competition,-1.2699506650571255
2025,10,21,ppr,1,2,2,1,2,0,0,13,50,roster_plus_next_turn,starter_need_late,-0.6340358359016824
2025,10,21,ppr,1,2,2,1,2,0,0,13,50,roster_plus_next_turn,QB,-0.44541847603384827
2025,10,21,ppr,1,2,2,1,2,0,0,13,50,roster_plus_next_turn,RB,0.27796950706108936
2025,10,21,ppr,1,2,2,1,2,0,0,13,50,roster_plus_next_turn,WR,0.5710769367105366
2025,10,21,ppr,1,2,2,1,2,0,0,13,50,roster_plus_next_turn,TE,-0.40362796774683896
2025,10,21,ppr,1,2,2,1,2,0,0,13,50,roster_plus_next_turn,K,0.0
2025,10,21,ppr,1,2,2,1,2,0,0,13,50,opponent_aware,market_rank,8.983748519126824
2025,10,21,ppr,1,2,2,1,2,0,0,13,50,opponent_aware,starter_need,1.2052884380064948
2025,10,21,ppr,1,2,2,1,2,0,0,13,50,opponent_aware,roster_count,5.400422306257323
2025,10,21,ppr,1,2,2,1,2,0,0,13,50,opponent_aware,recent_position_run,0.2818097488772997
2025,10,21,ppr,1,2,2,1,2,0,0,13,50,opponent_aware,next_turn_demand,0.11372388449829068
2025,10,21,ppr,1,2,2,1,2,0,0,13,50,opponent_aware,next_turn_competition,-1.2542583609368627
2025,10,21,ppr,1,2,2,1,2,0,0,13,50,opponent_aware,starter_need_late,-0.711880762550699
2025,10,21,ppr,1,2,2,1,2,0,0,13,50,opponent_aware,QB,-0.40932762209255885
2025,10,21,ppr,1,2,2,1,2,0,0,13,50,opponent_aware,RB,0.2562624439373125
2025,10,21,ppr,1,2,2,1,2,0,0,13,50,opponent_aware,WR,0.5229145020340132
2025,10,21,ppr,1,2,2,1,2,0,0,13,50,opponent_aware,TE,-0.36984932388787267
2025,10,21,ppr,1,2,2,1,2,0,0,13,50,opponent_aware,K,0.0
2025,12,14,ppr,1,2,2,1,2,0,0,6,50,adp_only,market_rank,9.423957275349547
2025,12,14,ppr,1,2,2,1,2,0,0,6,50,position_baseline,market_rank,9.481601516728858
2025,12,14,ppr,1,2,2,1,2,0,0,6,50,position_baseline,QB,-0.13954092187778105
2025,12,14,ppr,1,2,2,1,2,0,0,6,50,position_baseline,RB,0.11175090227804971
2025,12,14,ppr,1,2,2,1,2,0,0,6,50,position_baseline,WR,0.1651364839310404
2025,12,14,ppr,1,2,2,1,2,0,0,6,50,position_baseline,TE,-0.13734646433270656
2025,12,14,ppr,1,2,2,1,2,0,0,6,50,position_baseline,K,0.0
2025,12,14,ppr,1,2,2,1,2,0,0,6,50,roster_aware,market_rank,9.455384533753767
2025,12,14,ppr,1,2,2,1,2,0,0,6,50,roster_aware,starter_need,0.6876474178851861
2025,12,14,ppr,1,2,2,1,2,0,0,6,50,roster_aware,roster_count,3.3049981478658155
2025,12,14,ppr,1,2,2,1,2,0,0,6,50,roster_aware,starter_need_late,0.5683580653833594
2025,12,14,ppr,1,2,2,1,2,0,0,6,50,roster_aware,QB,-0.5215388527444236
2025,12,14,ppr,1,2,2,1,2,0,0,6,50,roster_aware,RB,0.42689073753131385
2025,12,14,ppr,1,2,2,1,2,0,0,6,50,roster_aware,WR,0.6044076263352482
2025,12,14,ppr,1,2,2,1,2,0,0,6,50,roster_aware,TE,-0.5097595111279143
2025,12,14,ppr,1,2,2,1,2,0,0,6,50,roster_aware,K,0.0
2025,12,14,ppr,1,2,2,1,2,0,0,6,50,run_aware,market_rank,9.501918521820778
2025,12,14,ppr,1,2,2,1,2,0,0,6,50,run_aware,recent_position_run,0.35756707426154355
2025,12,14,ppr,1,2,2,1,2,0,0,6,50,run_aware,QB,-0.09537860224400642
2025,12,14,ppr,1,2,2,1,2,0,0,6,50,run_aware,RB,0.08024185623622403
2025,12,14,ppr,1,2,2,1,2,0,0,6,50,run_aware,WR,0.10825059793334695
2025,12,14,ppr,1,2,2,1,2,0,0,6,50,run_aware,TE,-0.09311385192619627
2025,12,14,ppr,1,2,2,1,2,0,0,6,50,run_aware,K,0.0
2025,12,14,ppr,1,2,2,1,2,0,0,6,50,next_turn_aware,market_rank,9.503549288831795
2025,12,14,ppr,1,2,2,1,2,0,0,6,50,next_turn_aware,next_turn_demand,-0.02823537533914847
2025,12,14,ppr,1,2,2,1,2,0,0,6,50,next_turn_aware,next_turn_competition,-0.770910163746822
2025,12,14,ppr,1,2,2,1,2,0,0,6,50,next_turn_aware,QB,-0.1199143427257694
2025,12,14,ppr,1,2,2,1,2,0,0,6,50,next_turn_aware,RB,0.07990106445118972
2025,12,14,ppr,1,2,2,1,2,0,0,6,50,next_turn_aware,WR,0.12386364445418066
2025,12,14,ppr,1,2,2,1,2,0,0,6,50,next_turn_aware,TE,-0.0838503661802081
2025,12,14,ppr,1,2,2,1,2,0,0,6,50,next_turn_aware,K,0.0
2025,12,14,ppr,1,2,2,1,2,0,0,6,50,roster_plus_run,market_rank,9.471679251725538
2025,12,14,ppr,1,2,2,1,2,0,0,6,50,roster_plus_run,starter_need,0.7125374375241691
2025,12,14,ppr,1,2,2,1,2,0,0,6,50,roster_plus_run,roster_count,3.222672375468572
2025,12,14,ppr,1,2,2,1,2,0,0,6,50,roster_plus_run,recent_position_run,0.25768265247497224
2025,12,14,ppr,1,2,2,1,2,0,0,6,50,roster_plus_run,starter_need_late,0.5401108495177059
2025,12,14,ppr,1,2,2,1,2,0,0,6,50,roster_plus_run,QB,-0.484129141372684
2025,12,14,ppr,1,2,2,1,2,0,0,6,50,roster_plus_run,RB,0.40061308387436556
2025,12,14,ppr,1,2,2,1,2,0,0,6,50,roster_plus_run,WR,0.5567820618567833
2025,12,14,ppr,1,2,2,1,2,0,0,6,50,roster_plus_run,TE,-0.4732660043630947
2025,12,14,ppr,1,2,2,1,2,0,0,6,50,roster_plus_run,K,0.0
2025,12,14,ppr,1,2,2,1,2,0,0,6,50,roster_plus_next_turn,market_rank,9.500427500146449
2025,12,14,ppr,1,2,2,1,2,0,0,6,50,roster_plus_next_turn,starter_need,1.0305095043615993
2025,12,14,ppr,1,2,2,1,2,0,0,6,50,roster_plus_next_turn,roster_count,3.330784558837506
2025,12,14,ppr,1,2,2,1,2,0,0,6,50,roster_plus_next_turn,next_turn_demand,-0.20727215134186355
2025,12,14,ppr,1,2,2,1,2,0,0,6,50,roster_plus_next_turn,next_turn_competition,-1.3051714038395463
2025,12,14,ppr,1,2,2,1,2,0,0,6,50,roster_plus_next_turn,starter_need_late,0.27845116847419155
2025,12,14,ppr,1,2,2,1,2,0,0,6,50,roster_plus_next_turn,QB,-0.4982698837665877
2025,12,14,ppr,1,2,2,1,2,0,0,6,50,roster_plus_next_turn,RB,0.3783789259558365
2025,12,14,ppr,1,2,2,1,2,0,0,6,50,roster_plus_next_turn,WR,0.5443326090708753
2025,12,14,ppr,1,2,2,1,2,0,0,6,50,roster_plus_next_turn,TE,-0.42444165126241074
2025,12,14,ppr,1,2,2,1,2,0,0,6,50,roster_plus_next_turn,K,0.0
2025,12,14,ppr,1,2,2,1,2,0,0,6,50,opponent_aware,market_rank,9.515870804541715
2025,12,14,ppr,1,2,2,1,2,0,0,6,50,opponent_aware,starter_need,1.0700570184096938
2025,12,14,ppr,1,2,2,1,2,0,0,6,50,opponent_aware,roster_count,3.2458226964996815
2025,12,14,ppr,1,2,2,1,2,0,0,6,50,opponent_aware,recent_position_run,0.25347760992952234
2025,12,14,ppr,1,2,2,1,2,0,0,6,50,opponent_aware,next_turn_demand,-0.22519394990899344
2025,12,14,ppr,1,2,2,1,2,0,0,6,50,opponent_aware,next_turn_competition,-1.2885319610797799
2025,12,14,ppr,1,2,2,1,2,0,0,6,50,opponent_aware,starter_need_late,0.22608566055681917
2025,12,14,ppr,1,2,2,1,2,0,0,6,50,opponent_aware,QB,-0.4603252518682225
2025,12,14,ppr,1,2,2,1,2,0,0,6,50,opponent_aware,RB,0.35187249218491673
2025,12,14,ppr,1,2,2,1,2,0,0,6,50,opponent_aware,WR,0.4966021433126261
2025,12,14,ppr,1,2,2,1,2,0,0,6,50,opponent_aware,TE,-0.38814938363164897
2025,12,14,ppr,1,2,2,1,2,0,0,6,50,opponent_aware,K,0.0
2025,12,14,ppr,1,2,2,1,2,0,0,6,150,adp_only,market_rank,8.804532442595928
2025,12,14,ppr,1,2,2,1,2,0,0,6,150,position_baseline,market_rank,8.834636785634084
2025,12,14,ppr,1,2,2,1,2,0,0,6,150,position_baseline,QB,-0.11408657933975984
2025,12,14,ppr,1,2,2,1,2,0,0,6,150,position_baseline,RB,0.014733101827942206
2025,12,14,ppr,1,2,2,1,2,0,0,6,150,position_baseline,WR,0.13495372827107366
2025,12,14,ppr,1,2,2,1,2,0,0,6,150,position_baseline,TE,-0.03560025078339419
2025,12,14,ppr,1,2,2,1,2,0,0,6,150,position_baseline,K,0.0
2025,12,14,ppr,1,2,2,1,2,0,0,6,150,roster_aware,market_rank,8.817018115398449
2025,12,14,ppr,1,2,2,1,2,0,0,6,150,roster_aware,starter_need,0.2290745101078334
2025,12,14,ppr,1,2,2,1,2,0,0,6,150,roster_aware,roster_count,3.686485095835138
2025,12,14,ppr,1,2,2,1,2,0,0,6,150,roster_aware,starter_need_late,1.3776998392603557
2025,12,14,ppr,1,2,2,1,2,0,0,6,150,roster_aware,QB,-0.5402486270247931
2025,12,14,ppr,1,2,2,1,2,0,0,6,150,roster_aware,RB,0.3692900070961083
2025,12,14,ppr,1,2,2,1,2,0,0,6,150,roster_aware,WR,0.6067756351812451
2025,12,14,ppr,1,2,2,1,2,0,0,6,150,roster_aware,TE,-0.4358170152995851
2025,12,14,ppr,1,2,2,1,2,0,0,6,150,roster_aware,K,0.0
2025,12,14,ppr,1,2,2,1,2,0,0,6,150,run_aware,market_rank,8.845015413959816
2025,12,14,ppr,1,2,2,1,2,0,0,6,150,run_aware,recent_position_run,0.3066267518766175
2025,12,14,ppr,1,2,2,1,2,0,0,6,150,run_aware,QB,-0.07159750709738648
2025,12,14,ppr,1,2,2,1,2,0,0,6,150,run_aware,RB,-0.01706850742747364
2025,12,14,ppr,1,2,2,1,2,0,0,6,150,run_aware,WR,0.08249024227340944
2025,12,14,ppr,1,2,2,1,2,0,0,6,150,run_aware,TE,0.006175772233764905
2025,12,14,ppr,1,2,2,1,2,0,0,6,150,run_aware,K,0.0
2025,12,14,ppr,1,2,2,1,2,0,0,6,150,next_turn_aware,market_rank,8.866519898743553
2025,12,14,ppr,1,2,2,1,2,0,0,6,150,next_turn_aware,next_turn_demand,0.04284681372842668
2025,12,14,ppr,1,2,2,1,2,0,0,6,150,next_turn_aware,next_turn_competition,-0.8368276797139904
2025,12,14,ppr,1,2,2,1,2,0,0,6,150,next_turn_aware,QB,-0.10524411745852542
2025,12,14,ppr,1,2,2,1,2,0,0,6,150,next_turn_aware,RB,-0.01750815850815325
2025,12,14,ppr,1,2,2,1,2,0,0,6,150,next_turn_aware,WR,0.0974293542969953
2025,12,14,ppr,1,2,2,1,2,0,0,6,150,next_turn_aware,TE,0.0253229216469169
2025,12,14,ppr,1,2,2,1,2,0,0,6,150,next_turn_aware,K,0.0
2025,12,14,ppr,1,2,2,1,2,0,0,6,150,roster_plus_run,market_rank,8.824381936629594
2025,12,14,ppr,1,2,2,1,2,0,0,6,150,roster_plus_run,starter_need,0.25363771589769923
2025,12,14,ppr,1,2,2,1,2,0,0,6,150,roster_plus_run,roster_count,3.6418364732101574
2025,12,14,ppr,1,2,2,1,2,0,0,6,150,roster_plus_run,recent_position_run,0.21033602429360165
2025,12,14,ppr,1,2,2,1,2,0,0,6,150,roster_plus_run,starter_need_late,1.3404045160645661
2025,12,14,ppr,1,2,2,1,2,0,0,6,150,roster_plus_run,QB,-0.5076773842808755
2025,12,14,ppr,1,2,2,1,2,0,0,6,150,roster_plus_run,RB,0.3457785760014479
2025,12,14,ppr,1,2,2,1,2,0,0,6,150,roster_plus_run,WR,0.5671687373663814
2025,12,14,ppr,1,2,2,1,2,0,0,6,150,roster_plus_run,TE,-0.4052699291233109
2025,12,14,ppr,1,2,2,1,2,0,0,6,150,roster_plus_run,K,0.0
2025,12,14,ppr,1,2,2,1,2,0,0,6,150,roster_plus_next_turn,market_rank,8.877794960577639
2025,12,14,ppr,1,2,2,1,2,0,0,6,150,roster_plus_next_turn,starter_need,0.6466504329415664
2025,12,14,ppr,1,2,2,1,2,0,0,6,150,roster_plus_next_turn,roster_count,3.755830885247678
2025,12,14,ppr,1,2,2,1,2,0,0,6,150,roster_plus_next_turn,next_turn_demand,-0.16599965694946164
2025,12,14,ppr,1,2,2,1,2,0,0,6,150,roster_plus_next_turn,next_turn_competition,-1.4044726853353662
2025,12,14,ppr,1,2,2,1,2,0,0,6,150,roster_plus_next_turn,starter_need_late,0.9774725905312909
2025,12,14,ppr,1,2,2,1,2,0,0,6,150,roster_plus_next_turn,QB,-0.5355118092696937
2025,12,14,ppr,1,2,2,1,2,0,0,6,150,roster_plus_next_turn,RB,0.32112834098475534
2025,12,14,ppr,1,2,2,1,2,0,0,6,150,roster_plus_next_turn,WR,0.553191596342358
2025,12,14,ppr,1,2,2,1,2,0,0,6,150,roster_plus_next_turn,TE,-0.33880812809824523
2025,12,14,ppr,1,2,2,1,2,0,0,6,150,roster_plus_next_turn,K,0.0
2025,12,14,ppr,1,2,2,1,2,0,0,6,150,opponent_aware,market_rank,8.885700109420823
2025,12,14,ppr,1,2,2,1,2,0,0,6,150,opponent_aware,starter_need,0.6722365544883225
2025,12,14,ppr,1,2,2,1,2,0,0,6,150,opponent_aware,roster_count,3.7069284470236172
2025,12,14,ppr,1,2,2,1,2,0,0,6,150,opponent_aware,recent_position_run,0.21568539329000905
2025,12,14,ppr,1,2,2,1,2,0,0,6,150,opponent_aware,next_turn_demand,-0.18030425326257318
2025,12,14,ppr,1,2,2,1,2,0,0,6,150,opponent_aware,next_turn_competition,-1.3951018258055754
2025,12,14,ppr,1,2,2,1,2,0,0,6,150,opponent_aware,starter_need_late,0.9391356526874828
2025,12,14,ppr,1,2,2,1,2,0,0,6,150,opponent_aware,QB,-0.5014661259351121
2025,12,14,ppr,1,2,2,1,2,0,0,6,150,opponent_aware,RB,0.29615956395006054
2025,12,14,ppr,1,2,2,1,2,0,0,6,150,opponent_aware,WR,0.5118533446914952
2025,12,14,ppr,1,2,2,1,2,0,0,6,150,opponent_aware,TE,-0.306546782743583
2025,12,14,ppr,1,2,2,1,2,0,0,6,150,opponent_aware,K,0.0
2025,12,15,ppr,1,2,2,1,1,1,1,6,50,adp_only,market_rank,6.300047955438351
2025,12,15,ppr,1,2,2,1,1,1,1,6,50,position_baseline,market_rank,6.450158291869004
2025,12,15,ppr,1,2,2,1,1,1,1,6,50,position_baseline,QB,-0.2105791960892365
2025,12,15,ppr,1,2,2,1,1,1,1,6,50,position_baseline,RB,-0.05464101654766488
2025,12,15,ppr,1,2,2,1,1,1,1,6,50,position_baseline,WR,-0.06962365629184757
2025,12,15,ppr,1,2,2,1,1,1,1,6,50,position_baseline,TE,-0.147317082596725
2025,12,15,ppr,1,2,2,1,1,1,1,6,50,position_baseline,K,0.4821609515239595
2025,12,15,ppr,1,2,2,1,1,1,1,6,50,roster_aware,market_rank,6.3694851234956005
2025,12,15,ppr,1,2,2,1,1,1,1,6,50,roster_aware,starter_need,-0.5155503048937216
2025,12,15,ppr,1,2,2,1,1,1,1,6,50,roster_aware,roster_count,4.789528711331865
2025,12,15,ppr,1,2,2,1,1,1,1,6,50,roster_aware,starter_need_late,2.903443412989908
2025,12,15,ppr,1,2,2,1,1,1,1,6,50,roster_aware,QB,-0.13923671843708252
2025,12,15,ppr,1,2,2,1,1,1,1,6,50,roster_aware,RB,0.7493207103213803
2025,12,15,ppr,1,2,2,1,1,1,1,6,50,roster_aware,WR,0.8438321347696709
2025,12,15,ppr,1,2,2,1,1,1,1,6,50,roster_aware,TE,-0.12276111174036985
2025,12,15,ppr,1,2,2,1,1,1,1,6,50,roster_aware,K,-1.3311550149159916
2025,12,15,ppr,1,2,2,1,1,1,1,6,50,run_aware,market_rank,6.462157182918141
2025,12,15,ppr,1,2,2,1,1,1,1,6,50,run_aware,recent_position_run,0.5284490787894704
2025,12,15,ppr,1,2,2,1,1,1,1,6,50,run_aware,QB,-0.15817929383087115
2025,12,15,ppr,1,2,2,1,1,1,1,6,50,run_aware,RB,-0.10425104135776106
2025,12,15,ppr,1,2,2,1,1,1,1,6,50,run_aware,WR,-0.15095740842434255
2025,12,15,ppr,1,2,2,1,1,1,1,6,50,run_aware,TE,-0.08637393356775495
2025,12,15,ppr,1,2,2,1,1,1,1,6,50,run_aware,K,0.499761677179332
2025,12,15,ppr,1,2,2,1,1,1,1,6,50,next_turn_aware,market_rank,6.485788574514666
2025,12,15,ppr,1,2,2,1,1,1,1,6,50,next_turn_aware,next_turn_demand,-0.6077976075958329
2025,12,15,ppr,1,2,2,1,1,1,1,6,50,next_turn_aware,next_turn_competition,-0.4995611133339825
2025,12,15,ppr,1,2,2,1,1,1,1,6,50,next_turn_aware,QB,-0.3421341419338436
2025,12,15,ppr,1,2,2,1,1,1,1,6,50,next_turn_aware,RB,-0.21528746934569115
2025,12,15,ppr,1,2,2,1,1,1,1,6,50,next_turn_aware,WR,-0.24632029750576764
2025,12,15,ppr,1,2,2,1,1,1,1,6,50,next_turn_aware,TE,-0.17044594550888595
2025,12,15,ppr,1,2,2,1,1,1,1,6,50,next_turn_aware,K,0.9741878542938408
2025,12,15,ppr,1,2,2,1,1,1,1,6,50,roster_plus_run,market_rank,6.38207641475559
2025,12,15,ppr,1,2,2,1,1,1,1,6,50,roster_plus_run,starter_need,-0.411309418391629
2025,12,15,ppr,1,2,2,1,1,1,1,6,50,roster_plus_run,roster_count,4.617172125971734
2025,12,15,ppr,1,2,2,1,1,1,1,6,50,roster_plus_run,recent_position_run,0.3915673653963829
2025,12,15,ppr,1,2,2,1,1,1,1,6,50,roster_plus_run,starter_need_late,2.7472494580994145
2025,12,15,ppr,1,2,2,1,1,1,1,6,50,roster_plus_run,QB,-0.10035959287343776
2025,12,15,ppr,1,2,2,1,1,1,1,6,50,roster_plus_run,RB,0.6967221829113921
2025,12,15,ppr,1,2,2,1,1,1,1,6,50,roster_plus_run,WR,0.7651925185726002
2025,12,15,ppr,1,2,2,1,1,1,1,6,50,roster_plus_run,TE,-0.08195957148294744
2025,12,15,ppr,1,2,2,1,1,1,1,6,50,roster_plus_run,K,-1.2795955371290304
2025,12,15,ppr,1,2,2,1,1,1,1,6,50,roster_plus_next_turn,market_rank,6.431847140891631
2025,12,15,ppr,1,2,2,1,1,1,1,6,50,roster_plus_next_turn,starter_need,0.012080422051659732
2025,12,15,ppr,1,2,2,1,1,1,1,6,50,roster_plus_next_turn,roster_count,4.654093743366503
2025,12,15,ppr,1,2,2,1,1,1,1,6,50,roster_plus_next_turn,next_turn_demand,-0.8682460116638971
2025,12,15,ppr,1,2,2,1,1,1,1,6,50,roster_plus_next_turn,next_turn_competition,-0.6591973075503943
2025,12,15,ppr,1,2,2,1,1,1,1,6,50,roster_plus_next_turn,starter_need_late,2.2187644107221494
2025,12,15,ppr,1,2,2,1,1,1,1,6,50,roster_plus_next_turn,QB,-0.32610893649865463
2025,12,15,ppr,1,2,2,1,1,1,1,6,50,roster_plus_next_turn,RB,0.5113480010539337
2025,12,15,ppr,1,2,2,1,1,1,1,6,50,roster_plus_next_turn,WR,0.5897666002563097
2025,12,15,ppr,1,2,2,1,1,1,1,6,50,roster_plus_next_turn,TE,-0.18029810636766944
2025,12,15,ppr,1,2,2,1,1,1,1,6,50,roster_plus_next_turn,K,-0.5947075584463016
2025,12,15,ppr,1,2,2,1,1,1,1,6,50,opponent_aware,market_rank,6.440876199956216
2025,12,15,ppr,1,2,2,1,1,1,1,6,50,opponent_aware,starter_need,0.07609238515089042
2025,12,15,ppr,1,2,2,1,1,1,1,6,50,opponent_aware,roster_count,4.517746118115405
2025,12,15,ppr,1,2,2,1,1,1,1,6,50,opponent_aware,recent_position_run,0.293354682317581
2025,12,15,ppr,1,2,2,1,1,1,1,6,50,opponent_aware,next_turn_demand,-0.8611523718467623
2025,12,15,ppr,1,2,2,1,1,1,1,6,50,opponent_aware,next_turn_competition,-0.6406816535846577
2025,12,15,ppr,1,2,2,1,1,1,1,6,50,opponent_aware,starter_need_late,2.12781212266736
2025,12,15,ppr,1,2,2,1,1,1,1,6,50,opponent_aware,QB,-0.2916466188711313
2025,12,15,ppr,1,2,2,1,1,1,1,6,50,opponent_aware,RB,0.47645070644674453
2025,12,15,ppr,1,2,2,1,1,1,1,6,50,opponent_aware,WR,0.5354573242448825
2025,12,15,ppr,1,2,2,1,1,1,1,6,50,opponent_aware,TE,-0.14658939713267968
2025,12,15,ppr,1,2,2,1,1,1,1,6,50,opponent_aware,K,-0.5736720146893579
2025,12,15,ppr,1,2,2,1,2,0,0,7,50,adp_only,market_rank,11.854132176070307
2025,12,15,ppr,1,2,2,1,2,0,0,7,50,position_baseline,market_rank,11.92727781024611
2025,12,15,ppr,1,2,2,1,2,0,0,7,50,position_baseline,QB,-0.15216206925679512
2025,12,15,ppr,1,2,2,1,2,0,0,7,50,position_baseline,RB,0.11238466962566598
2025,12,15,ppr,1,2,2,1,2,0,0,7,50,position_baseline,WR,0.13020091012229318
2025,12,15,ppr,1,2,2,1,2,0,0,7,50,position_baseline,TE,-0.09042351050711782
2025,12,15,ppr,1,2,2,1,2,0,0,7,50,position_baseline,K,0.0
2025,12,15,ppr,1,2,2,1,2,0,0,7,50,roster_aware,market_rank,11.889445948919212
2025,12,15,ppr,1,2,2,1,2,0,0,7,50,roster_aware,starter_need,0.4434484667612847
2025,12,15,ppr,1,2,2,1,2,0,0,7,50,roster_aware,roster_count,4.373542418695376
2025,12,15,ppr,1,2,2,1,2,0,0,7,50,roster_aware,starter_need_late,0.3302623849126223
2025,12,15,ppr,1,2,2,1,2,0,0,7,50,roster_aware,QB,-0.6116286213520955
2025,12,15,ppr,1,2,2,1,2,0,0,7,50,roster_aware,RB,0.4929567009175562
2025,12,15,ppr,1,2,2,1,2,0,0,7,50,roster_aware,WR,0.6710957837023064
2025,12,15,ppr,1,2,2,1,2,0,0,7,50,roster_aware,TE,-0.5524238632875557
2025,12,15,ppr,1,2,2,1,2,0,0,7,50,roster_aware,K,0.0
2025,12,15,ppr,1,2,2,1,2,0,0,7,50,run_aware,market_rank,11.959212831974524
2025,12,15,ppr,1,2,2,1,2,0,0,7,50,run_aware,recent_position_run,0.37415947891626344
2025,12,15,ppr,1,2,2,1,2,0,0,7,50,run_aware,QB,-0.11267655016579375
2025,12,15,ppr,1,2,2,1,2,0,0,7,50,run_aware,RB,0.08403507414876461
2025,12,15,ppr,1,2,2,1,2,0,0,7,50,run_aware,WR,0.07278058268513002
2025,12,15,ppr,1,2,2,1,2,0,0,7,50,run_aware,TE,-0.04413910668222951
2025,12,15,ppr,1,2,2,1,2,0,0,7,50,run_aware,K,0.0
2025,12,15,ppr,1,2,2,1,2,0,0,7,50,next_turn_aware,market_rank,11.995367525234375
2025,12,15,ppr,1,2,2,1,2,0,0,7,50,next_turn_aware,next_turn_demand,-0.3192313997078607
2025,12,15,ppr,1,2,2,1,2,0,0,7,50,next_turn_aware,next_turn_competition,-0.8351296468498005
2025,12,15,ppr,1,2,2,1,2,0,0,7,50,next_turn_aware,QB,-0.10566511101989773
2025,12,15,ppr,1,2,2,1,2,0,0,7,50,next_turn_aware,RB,0.038357386757779444
2025,12,15,ppr,1,2,2,1,2,0,0,7,50,next_turn_aware,WR,0.048383637748096786
2025,12,15,ppr,1,2,2,1,2,0,0,7,50,next_turn_aware,TE,0.018924086501028538
2025,12,15,ppr,1,2,2,1,2,0,0,7,50,next_turn_aware,K,0.0
2025,12,15,ppr,1,2,2,1,2,0,0,7,50,roster_plus_run,market_rank,11.912047973359652
2025,12,15,ppr,1,2,2,1,2,0,0,7,50,roster_plus_run,starter_need,0.4897735976770917
2025,12,15,ppr,1,2,2,1,2,0,0,7,50,roster_plus_run,roster_count,4.270676694655371
2025,12,15,ppr,1,2,2,1,2,0,0,7,50,roster_plus_run,recent_position_run,0.24520935971721566
2025,12,15,ppr,1,2,2,1,2,0,0,7,50,roster_plus_run,starter_need_late,0.27695463335709636
2025,12,15,ppr,1,2,2,1,2,0,0,7,50,roster_plus_run,QB,-0.5786691743213032
2025,12,15,ppr,1,2,2,1,2,0,0,7,50,roster_plus_run,RB,0.4703872959886005
2025,12,15,ppr,1,2,2,1,2,0,0,7,50,roster_plus_run,WR,0.6254494122366934
2025,12,15,ppr,1,2,2,1,2,0,0,7,50,roster_plus_run,TE,-0.5171675339208675
2025,12,15,ppr,1,2,2,1,2,0,0,7,50,roster_plus_run,K,0.0
2025,12,15,ppr,1,2,2,1,2,0,0,7,50,roster_plus_next_turn,market_rank,11.991165800254628
2025,12,15,ppr,1,2,2,1,2,0,0,7,50,roster_plus_next_turn,starter_need,0.9915878357546097
2025,12,15,ppr,1,2,2,1,2,0,0,7,50,roster_plus_next_turn,roster_count,4.311162201851045
2025,12,15,ppr,1,2,2,1,2,0,0,7,50,roster_plus_next_turn,next_turn_demand,-0.5128991595544041
2025,12,15,ppr,1,2,2,1,2,0,0,7,50,roster_plus_next_turn,next_turn_competition,-1.2171811888367645
2025,12,15,ppr,1,2,2,1,2,0,0,7,50,roster_plus_next_turn,starter_need_late,-0.25396105469303654
2025,12,15,ppr,1,2,2,1,2,0,0,7,50,roster_plus_next_turn,QB,-0.5441628930800274
2025,12,15,ppr,1,2,2,1,2,0,0,7,50,roster_plus_next_turn,RB,0.3903270120761417
2025,12,15,ppr,1,2,2,1,2,0,0,7,50,roster_plus_next_turn,WR,0.5599445450022557
2025,12,15,ppr,1,2,2,1,2,0,0,7,50,roster_plus_next_turn,TE,-0.40610866401535267
2025,12,15,ppr,1,2,2,1,2,0,0,7,50,roster_plus_next_turn,K,0.0
2025,12,15,ppr,1,2,2,1,2,0,0,7,50,opponent_aware,market_rank,12.012694485343445
2025,12,15,ppr,1,2,2,1,2,0,0,7,50,opponent_aware,starter_need,1.0384739215256678
2025,12,15,ppr,1,2,2,1,2,0,0,7,50,opponent_aware,roster_count,4.209623889781697
2025,12,15,ppr,1,2,2,1,2,0,0,7,50,opponent_aware,recent_position_run,0.2342685235157807
2025,12,15,ppr,1,2,2,1,2,0,0,7,50,opponent_aware,next_turn_demand,-0.5229814298496722
2025,12,15,ppr,1,2,2,1,2,0,0,7,50,opponent_aware,next_turn_competition,-1.206878298729781
2025,12,15,ppr,1,2,2,1,2,0,0,7,50,opponent_aware,starter_need_late,-0.3076397308692302
2025,12,15,ppr,1,2,2,1,2,0,0,7,50,opponent_aware,QB,-0.5120113678102125
2025,12,15,ppr,1,2,2,1,2,0,0,7,50,opponent_aware,RB,0.36831776604488603
2025,12,15,ppr,1,2,2,1,2,0,0,7,50,opponent_aware,WR,0.5156356371992875
2025,12,15,ppr,1,2,2,1,2,0,0,7,50,opponent_aware,TE,-0.37194203544897114
2025,12,15,ppr,1,2,2,1,2,0,0,7,50,opponent_aware,K,0.0
2025,12,15,ppr,1,2,2,1,2,0,0,7,150,adp_only,market_rank,9.792846459171109
2025,12,15,ppr,1,2,2,1,2,0,0,7,150,position_baseline,market_rank,9.817979626245783
2025,12,15,ppr,1,2,2,1,2,0,0,7,150,position_baseline,QB,-0.06489667948021954
2025,12,15,ppr,1,2,2,1,2,0,0,7,150,position_baseline,RB,0.04921018553112488
2025,12,15,ppr,1,2,2,1,2,0,0,7,150,position_baseline,WR,0.1113360335818548
2025,12,15,ppr,1,2,2,1,2,0,0,7,150,position_baseline,TE,-0.0956495396836385
2025,12,15,ppr,1,2,2,1,2,0,0,7,150,position_baseline,K,0.0
2025,12,15,ppr,1,2,2,1,2,0,0,7,150,roster_aware,market_rank,9.7938081766369
2025,12,15,ppr,1,2,2,1,2,0,0,7,150,roster_aware,starter_need,0.2399640968792954
2025,12,15,ppr,1,2,2,1,2,0,0,7,150,roster_aware,roster_count,4.347139036270558
2025,12,15,ppr,1,2,2,1,2,0,0,7,150,roster_aware,starter_need_late,1.0791444780556678
2025,12,15,ppr,1,2,2,1,2,0,0,7,150,roster_aware,QB,-0.5497687728699352
2025,12,15,ppr,1,2,2,1,2,0,0,7,150,roster_aware,RB,0.45461519611047163
2025,12,15,ppr,1,2,2,1,2,0,0,7,150,roster_aware,WR,0.6615258722622936
2025,12,15,ppr,1,2,2,1,2,0,0,7,150,roster_aware,TE,-0.566372295572154
2025,12,15,ppr,1,2,2,1,2,0,0,7,150,roster_aware,K,0.0
2025,12,15,ppr,1,2,2,1,2,0,0,7,150,run_aware,market_rank,9.835245503052997
2025,12,15,ppr,1,2,2,1,2,0,0,7,150,run_aware,recent_position_run,0.27200688066341
2025,12,15,ppr,1,2,2,1,2,0,0,7,150,run_aware,QB,-0.030840456205106483
2025,12,15,ppr,1,2,2,1,2,0,0,7,150,run_aware,RB,0.025042582280251316
2025,12,15,ppr,1,2,2,1,2,0,0,7,150,run_aware,WR,0.06747615647268519
2025,12,15,ppr,1,2,2,1,2,0,0,7,150,run_aware,TE,-0.061678282591271824
2025,12,15,ppr,1,2,2,1,2,0,0,7,150,run_aware,K,0.0
2025,12,15,ppr,1,2,2,1,2,0,0,7,150,next_turn_aware,market_rank,9.838947474411995
2025,12,15,ppr,1,2,2,1,2,0,0,7,150,next_turn_aware,next_turn_demand,-0.11685795984578268
2025,12,15,ppr,1,2,2,1,2,0,0,7,150,next_turn_aware,next_turn_competition,-0.7065222440767656
2025,12,15,ppr,1,2,2,1,2,0,0,7,150,next_turn_aware,QB,-0.03700317235143417
2025,12,15,ppr,1,2,2,1,2,0,0,7,150,next_turn_aware,RB,0.004005136102031367
2025,12,15,ppr,1,2,2,1,2,0,0,7,150,next_turn_aware,WR,0.060275557955247326
2025,12,15,ppr,1,2,2,1,2,0,0,7,150,next_turn_aware,TE,-0.027277521748814842
2025,12,15,ppr,1,2,2,1,2,0,0,7,150,next_turn_aware,K,0.0
2025,12,15,ppr,1,2,2,1,2,0,0,7,150,roster_plus_run,market_rank,9.803249017906698
2025,12,15,ppr,1,2,2,1,2,0,0,7,150,roster_plus_run,starter_need,0.2651991890241061
2025,12,15,ppr,1,2,2,1,2,0,0,7,150,roster_plus_run,roster_count,4.298009475488788
2025,12,15,ppr,1,2,2,1,2,0,0,7,150,roster_plus_run,recent_position_run,0.13385674322763658
2025,12,15,ppr,1,2,2,1,2,0,0,7,150,roster_plus_run,starter_need_late,1.0458197760525045
2025,12,15,ppr,1,2,2,1,2,0,0,7,150,roster_plus_run,QB,-0.5296067648676432
2025,12,15,ppr,1,2,2,1,2,0,0,7,150,roster_plus_run,RB,0.4407374141897487
2025,12,15,ppr,1,2,2,1,2,0,0,7,150,roster_plus_run,WR,0.6361130160402407
2025,12,15,ppr,1,2,2,1,2,0,0,7,150,roster_plus_run,TE,-0.5472436654274068
2025,12,15,ppr,1,2,2,1,2,0,0,7,150,roster_plus_run,K,0.0
2025,12,15,ppr,1,2,2,1,2,0,0,7,150,roster_plus_next_turn,market_rank,9.840525844858242
2025,12,15,ppr,1,2,2,1,2,0,0,7,150,roster_plus_next_turn,starter_need,0.805236132562862
2025,12,15,ppr,1,2,2,1,2,0,0,7,150,roster_plus_next_turn,roster_count,4.308168947492427
2025,12,15,ppr,1,2,2,1,2,0,0,7,150,roster_plus_next_turn,next_turn_demand,-0.37236909332755397
2025,12,15,ppr,1,2,2,1,2,0,0,7,150,roster_plus_next_turn,next_turn_competition,-1.1664014896631247
2025,12,15,ppr,1,2,2,1,2,0,0,7,150,roster_plus_next_turn,starter_need_late,0.46528373672185264
2025,12,15,ppr,1,2,2,1,2,0,0,7,150,roster_plus_next_turn,QB,-0.5037516672311247
2025,12,15,ppr,1,2,2,1,2,0,0,7,150,roster_plus_next_turn,RB,0.38150231936948603
2025,12,15,ppr,1,2,2,1,2,0,0,7,150,roster_plus_next_turn,WR,0.5803306704094886
2025,12,15,ppr,1,2,2,1,2,0,0,7,150,roster_plus_next_turn,TE,-0.4580813226071777
2025,12,15,ppr,1,2,2,1,2,0,0,7,150,roster_plus_next_turn,K,0.0
2025,12,15,ppr,1,2,2,1,2,0,0,7,150,opponent_aware,market_rank,9.849703678151041
2025,12,15,ppr,1,2,2,1,2,0,0,7,150,opponent_aware,starter_need,0.8296842606881516
2025,12,15,ppr,1,2,2,1,2,0,0,7,150,opponent_aware,roster_count,4.260163835387765
2025,12,15,ppr,1,2,2,1,2,0,0,7,150,opponent_aware,recent_position_run,0.1254802459385182
2025,12,15,ppr,1,2,2,1,2,0,0,7,150,opponent_aware,next_turn_demand,-0.38158249982282233
2025,12,15,ppr,1,2,2,1,2,0,0,7,150,opponent_aware,next_turn_competition,-1.156355662039161
2025,12,15,ppr,1,2,2,1,2,0,0,7,150,opponent_aware,starter_need_late,0.432883979662083
2025,12,15,ppr,1,2,2,1,2,0,0,7,150,opponent_aware,QB,-0.4844774615385313
2025,12,15,ppr,1,2,2,1,2,0,0,7,150,opponent_aware,RB,0.3680572254075236
2025,12,15,ppr,1,2,2,1,2,0,0,7,150,opponent_aware,WR,0.5561923268870781
2025,12,15,ppr,1,2,2,1,2,0,0,7,150,opponent_aware,TE,-0.4397720908110846
2025,12,15,ppr,1,2,2,1,2,0,0,7,150,opponent_aware,K,0.0
2025,12,15,ppr,1,2,2,1,2,1,1,5,50,adp_only,market_rank,7.796531807132821
2025,12,15,ppr,1,2,2,1,2,1,1,5,50,position_baseline,market_rank,8.08185143987485
2025,12,15,ppr,1,2,2,1,2,1,1,5,50,position_baseline,QB,-0.31113587545127286
2025,12,15,ppr,1,2,2,1,2,1,1,5,50,position_baseline,RB,-0.04290839635020931
2025,12,15,ppr,1,2,2,1,2,1,1,5,50,position_baseline,WR,-0.047227714325701636
2025,12,15,ppr,1,2,2,1,2,1,1,5,50,position_baseline,TE,-0.2787831261675974
2025,12,15,ppr,1,2,2,1,2,1,1,5,50,position_baseline,K,0.6800551122926205
2025,12,15,ppr,1,2,2,1,2,1,1,5,50,roster_aware,market_rank,8.023594027492623
2025,12,15,ppr,1,2,2,1,2,1,1,5,50,roster_aware,starter_need,-1.4886301266798085
2025,12,15,ppr,1,2,2,1,2,1,1,5,50,roster_aware,roster_count,4.3180927631720465
2025,12,15,ppr,1,2,2,1,2,1,1,5,50,roster_aware,starter_need_late,4.391174065247305
2025,12,15,ppr,1,2,2,1,2,1,1,5,50,roster_aware,QB,-0.14863678741027941
2025,12,15,ppr,1,2,2,1,2,1,1,5,50,roster_aware,RB,0.7374039530356005
2025,12,15,ppr,1,2,2,1,2,1,1,5,50,roster_aware,WR,0.877308801973534
2025,12,15,ppr,1,2,2,1,2,1,1,5,50,roster_aware,TE,-0.14070956708004848
2025,12,15,ppr,1,2,2,1,2,1,1,5,50,roster_aware,K,-1.3253664005212633
2025,12,15,ppr,1,2,2,1,2,1,1,5,50,run_aware,market_rank,8.112902297533957
2025,12,15,ppr,1,2,2,1,2,1,1,5,50,run_aware,recent_position_run,0.5802616214609063
2025,12,15,ppr,1,2,2,1,2,1,1,5,50,run_aware,QB,-0.25051775221238803
2025,12,15,ppr,1,2,2,1,2,1,1,5,50,run_aware,RB,-0.08899243669088293
2025,12,15,ppr,1,2,2,1,2,1,1,5,50,run_aware,WR,-0.1421201828633881
2025,12,15,ppr,1,2,2,1,2,1,1,5,50,run_aware,TE,-0.21961993607887362
2025,12,15,ppr,1,2,2,1,2,1,1,5,50,run_aware,K,0.7012503078438277
2025,12,15,ppr,1,2,2,1,2,1,1,5,50,next_turn_aware,market_rank,8.134496249616724
2025,12,15,ppr,1,2,2,1,2,1,1,5,50,next_turn_aware,next_turn_demand,-0.5984987508575511
2025,12,15,ppr,1,2,2,1,2,1,1,5,50,next_turn_aware,next_turn_competition,-0.46550993817653114
2025,12,15,ppr,1,2,2,1,2,1,1,5,50,next_turn_aware,QB,-0.4790649348585485
2025,12,15,ppr,1,2,2,1,2,1,1,5,50,next_turn_aware,RB,-0.17536999526034486
2025,12,15,ppr,1,2,2,1,2,1,1,5,50,next_turn_aware,WR,-0.1963336409332149
2025,12,15,ppr,1,2,2,1,2,1,1,5,50,next_turn_aware,TE,-0.3349951094331435
2025,12,15,ppr,1,2,2,1,2,1,1,5,50,next_turn_aware,K,1.1857636804844947
2025,12,15,ppr,1,2,2,1,2,1,1,5,50,roster_plus_run,market_rank,8.045561396811719
2025,12,15,ppr,1,2,2,1,2,1,1,5,50,roster_plus_run,starter_need,-1.3997355890022452
2025,12,15,ppr,1,2,2,1,2,1,1,5,50,roster_plus_run,roster_count,4.188718785663528
2025,12,15,ppr,1,2,2,1,2,1,1,5,50,roster_plus_run,recent_position_run,0.36689089235157923
2025,12,15,ppr,1,2,2,1,2,1,1,5,50,roster_plus_run,starter_need_late,4.239691008841348
2025,12,15,ppr,1,2,2,1,2,1,1,5,50,roster_plus_run,QB,-0.11219421905829825
2025,12,15,ppr,1,2,2,1,2,1,1,5,50,roster_plus_run,RB,0.693003544395639
2025,12,15,ppr,1,2,2,1,2,1,1,5,50,roster_plus_run,WR,0.7967854480545907
2025,12,15,ppr,1,2,2,1,2,1,1,5,50,roster_plus_run,TE,-0.10700429348760802
2025,12,15,ppr,1,2,2,1,2,1,1,5,50,roster_plus_run,K,-1.2705904799069807
2025,12,15,ppr,1,2,2,1,2,1,1,5,50,roster_plus_next_turn,market_rank,8.096946365917855
2025,12,15,ppr,1,2,2,1,2,1,1,5,50,roster_plus_next_turn,starter_need,-0.9185092403681098
2025,12,15,ppr,1,2,2,1,2,1,1,5,50,roster_plus_next_turn,roster_count,4.338101738780513
2025,12,15,ppr,1,2,2,1,2,1,1,5,50,roster_plus_next_turn,next_turn_demand,-0.8799473701407929
2025,12,15,ppr,1,2,2,1,2,1,1,5,50,roster_plus_next_turn,next_turn_competition,-0.5167736720284565
2025,12,15,ppr,1,2,2,1,2,1,1,5,50,roster_plus_next_turn,starter_need_late,3.59304431993099
2025,12,15,ppr,1,2,2,1,2,1,1,5,50,roster_plus_next_turn,QB,-0.3784803951740674
2025,12,15,ppr,1,2,2,1,2,1,1,5,50,roster_plus_next_turn,RB,0.5442693062639925
2025,12,15,ppr,1,2,2,1,2,1,1,5,50,roster_plus_next_turn,WR,0.6682840569764074
2025,12,15,ppr,1,2,2,1,2,1,1,5,50,roster_plus_next_turn,TE,-0.24267029010005026
2025,12,15,ppr,1,2,2,1,2,1,1,5,50,roster_plus_next_turn,K,-0.59140267796892
2025,12,15,ppr,1,2,2,1,2,1,1,5,50,opponent_aware,market_rank,8.11807531096563
2025,12,15,ppr,1,2,2,1,2,1,1,5,50,opponent_aware,starter_need,-0.8451408233911614
2025,12,15,ppr,1,2,2,1,2,1,1,5,50,opponent_aware,roster_count,4.2123957677970365
2025,12,15,ppr,1,2,2,1,2,1,1,5,50,opponent_aware,recent_position_run,0.34982646886285923
2025,12,15,ppr,1,2,2,1,2,1,1,5,50,opponent_aware,next_turn_demand,-0.8925983966892794
2025,12,15,ppr,1,2,2,1,2,1,1,5,50,opponent_aware,next_turn_competition,-0.4996800609554032
2025,12,15,ppr,1,2,2,1,2,1,1,5,50,opponent_aware,starter_need_late,3.4716105858179627
2025,12,15,ppr,1,2,2,1,2,1,1,5,50,opponent_aware,QB,-0.33971627710992547
2025,12,15,ppr,1,2,2,1,2,1,1,5,50,opponent_aware,RB,0.5037027517699978
2025,12,15,ppr,1,2,2,1,2,1,1,5,50,opponent_aware,WR,0.5935296113610875
2025,12,15,ppr,1,2,2,1,2,1,1,5,50,opponent_aware,TE,-0.2086376952626409
2025,12,15,ppr,1,2,2,1,2,1,1,5,50,opponent_aware,K,-0.5488783907612025
2025,12,15,ppr,1,2,2,1,2,1,1,5,150,adp_only,market_rank,7.365978062957277
2025,12,15,ppr,1,2,2,1,2,1,1,5,150,position_baseline,market_rank,7.578244673213532
2025,12,15,ppr,1,2,2,1,2,1,1,5,150,position_baseline,QB,-0.28800837510164334
2025,12,15,ppr,1,2,2,1,2,1,1,5,150,position_baseline,RB,-0.059890570644636126
2025,12,15,ppr,1,2,2,1,2,1,1,5,150,position_baseline,WR,-0.028838736815303013
2025,12,15,ppr,1,2,2,1,2,1,1,5,150,position_baseline,TE,-0.20177439985303905
2025,12,15,ppr,1,2,2,1,2,1,1,5,150,position_baseline,K,0.5785120823901383
2025,12,15,ppr,1,2,2,1,2,1,1,5,150,roster_aware,market_rank,7.514063133826636
2025,12,15,ppr,1,2,2,1,2,1,1,5,150,roster_aware,starter_need,-1.5238014544432226
2025,12,15,ppr,1,2,2,1,2,1,1,5,150,roster_aware,roster_count,4.513953431860478
2025,12,15,ppr,1,2,2,1,2,1,1,5,150,roster_aware,starter_need_late,4.531136644458225
2025,12,15,ppr,1,2,2,1,2,1,1,5,150,roster_aware,QB,-0.13999644598094943
2025,12,15,ppr,1,2,2,1,2,1,1,5,150,roster_aware,RB,0.7402744387778473
2025,12,15,ppr,1,2,2,1,2,1,1,5,150,roster_aware,WR,0.8975719482932585
2025,12,15,ppr,1,2,2,1,2,1,1,5,150,roster_aware,TE,-0.0722865703121325
2025,12,15,ppr,1,2,2,1,2,1,1,5,150,roster_aware,K,-1.4255633708053639
2025,12,15,ppr,1,2,2,1,2,1,1,5,150,run_aware,market_rank,7.597276205953335
2025,12,15,ppr,1,2,2,1,2,1,1,5,150,run_aware,recent_position_run,0.52170023164953
2025,12,15,ppr,1,2,2,1,2,1,1,5,150,run_aware,QB,-0.23278987556870556
2025,12,15,ppr,1,2,2,1,2,1,1,5,150,run_aware,RB,-0.10485035356099107
2025,12,15,ppr,1,2,2,1,2,1,1,5,150,run_aware,WR,-0.1149038713995043
2025,12,15,ppr,1,2,2,1,2,1,1,5,150,run_aware,TE,-0.14527967821181734
2025,12,15,ppr,1,2,2,1,2,1,1,5,150,run_aware,K,0.5978237787214445
2025,12,15,ppr,1,2,2,1,2,1,1,5,150,next_turn_aware,market_rank,7.627144985219256
2025,12,15,ppr,1,2,2,1,2,1,1,5,150,next_turn_aware,next_turn_demand,-0.6623428764665835
2025,12,15,ppr,1,2,2,1,2,1,1,5,150,next_turn_aware,next_turn_competition,-0.4742807272158376
2025,12,15,ppr,1,2,2,1,2,1,1,5,150,next_turn_aware,QB,-0.47539057646402244
2025,12,15,ppr,1,2,2,1,2,1,1,5,150,next_turn_aware,RB,-0.19630999169695706
2025,12,15,ppr,1,2,2,1,2,1,1,5,150,next_turn_aware,WR,-0.17280818516443908
2025,12,15,ppr,1,2,2,1,2,1,1,5,150,next_turn_aware,TE,-0.2532975349882656
2025,12,15,ppr,1,2,2,1,2,1,1,5,150,next_turn_aware,K,1.0978062883019184
2025,12,15,ppr,1,2,2,1,2,1,1,5,150,roster_plus_run,market_rank,7.528537155881383
2025,12,15,ppr,1,2,2,1,2,1,1,5,150,roster_plus_run,starter_need,-1.4498088883048936
2025,12,15,ppr,1,2,2,1,2,1,1,5,150,roster_plus_run,roster_count,4.412310536468647
2025,12,15,ppr,1,2,2,1,2,1,1,5,150,roster_plus_run,recent_position_run,0.31856859289859085
2025,12,15,ppr,1,2,2,1,2,1,1,5,150,roster_plus_run,starter_need_late,4.403228625473313
2025,12,15,ppr,1,2,2,1,2,1,1,5,150,roster_plus_run,QB,-0.10778507481702129
2025,12,15,ppr,1,2,2,1,2,1,1,5,150,roster_plus_run,RB,0.7006159017826007
2025,12,15,ppr,1,2,2,1,2,1,1,5,150,roster_plus_run,WR,0.8290039791520917
2025,12,15,ppr,1,2,2,1,2,1,1,5,150,roster_plus_run,TE,-0.04135111261348693
2025,12,15,ppr,1,2,2,1,2,1,1,5,150,roster_plus_run,K,-1.3804836935358507
2025,12,15,ppr,1,2,2,1,2,1,1,5,150,roster_plus_next_turn,market_rank,7.582659108308319
2025,12,15,ppr,1,2,2,1,2,1,1,5,150,roster_plus_next_turn,starter_need,-0.8537011336958685
2025,12,15,ppr,1,2,2,1,2,1,1,5,150,roster_plus_next_turn,roster_count,4.525698842311489
2025,12,15,ppr,1,2,2,1,2,1,1,5,150,roster_plus_next_turn,next_turn_demand,-0.9446666831576419
2025,12,15,ppr,1,2,2,1,2,1,1,5,150,roster_plus_next_turn,next_turn_competition,-0.5551754949700828
2025,12,15,ppr,1,2,2,1,2,1,1,5,150,roster_plus_next_turn,starter_need_late,3.5832408446831123
2025,12,15,ppr,1,2,2,1,2,1,1,5,150,roster_plus_next_turn,QB,-0.3959575932142912
2025,12,15,ppr,1,2,2,1,2,1,1,5,150,roster_plus_next_turn,RB,0.536477906257945
2025,12,15,ppr,1,2,2,1,2,1,1,5,150,roster_plus_next_turn,WR,0.6883122477617073
2025,12,15,ppr,1,2,2,1,2,1,1,5,150,roster_plus_next_turn,TE,-0.17449677318408408
2025,12,15,ppr,1,2,2,1,2,1,1,5,150,roster_plus_next_turn,K,-0.6543357876599055
2025,12,15,ppr,1,2,2,1,2,1,1,5,150,opponent_aware,market_rank,7.5963475549694
2025,12,15,ppr,1,2,2,1,2,1,1,5,150,opponent_aware,starter_need,-0.7925486799068371
2025,12,15,ppr,1,2,2,1,2,1,1,5,150,opponent_aware,roster_count,4.42635298284847
2025,12,15,ppr,1,2,2,1,2,1,1,5,150,opponent_aware,recent_position_run,0.3047360012449394
2025,12,15,ppr,1,2,2,1,2,1,1,5,150,opponent_aware,next_turn_demand,-0.9530990192489791
2025,12,15,ppr,1,2,2,1,2,1,1,5,150,opponent_aware,next_turn_competition,-0.5434939178804877
2025,12,15,ppr,1,2,2,1,2,1,1,5,150,opponent_aware,starter_need_late,3.481396386332668
2025,12,15,ppr,1,2,2,1,2,1,1,5,150,opponent_aware,QB,-0.3615035219203053
2025,12,15,ppr,1,2,2,1,2,1,1,5,150,opponent_aware,RB,0.49994739950093214
2025,12,15,ppr,1,2,2,1,2,1,1,5,150,opponent_aware,WR,0.6243479219326848
2025,12,15,ppr,1,2,2,1,2,1,1,5,150,opponent_aware,TE,-0.14306335679946286
2025,12,15,ppr,1,2,2,1,2,1,1,5,150,opponent_aware,K,-0.6197284427485807
2025,12,15,ppr,1,2,3,1,2,0,0,6,50,adp_only,market_rank,8.726466397386368
2025,12,15,ppr,1,2,3,1,2,0,0,6,50,position_baseline,market_rank,8.728606638453746
2025,12,15,ppr,1,2,3,1,2,0,0,6,50,position_baseline,QB,-0.07451397934881043
2025,12,15,ppr,1,2,3,1,2,0,0,6,50,position_baseline,RB,0.05579290065628689
2025,12,15,ppr,1,2,3,1,2,0,0,6,50,position_baseline,WR,0.07926884906921643
2025,12,15,ppr,1,2,3,1,2,0,0,6,50,position_baseline,TE,-0.060547770391155935
2025,12,15,ppr,1,2,3,1,2,0,0,6,50,position_baseline,K,0.0
2025,12,15,ppr,1,2,3,1,2,0,0,6,50,roster_aware,market_rank,8.72059243304249
2025,12,15,ppr,1,2,3,1,2,0,0,6,50,roster_aware,starter_need,0.44955557461932494
2025,12,15,ppr,1,2,3,1,2,0,0,6,50,roster_aware,roster_count,4.036564745393141
2025,12,15,ppr,1,2,3,1,2,0,0,6,50,roster_aware,starter_need_late,0.7319820148571475
2025,12,15,ppr,1,2,3,1,2,0,0,6,50,roster_aware,QB,-0.5238724581811053
2025,12,15,ppr,1,2,3,1,2,0,0,6,50,roster_aware,RB,0.4071152030756073
2025,12,15,ppr,1,2,3,1,2,0,0,6,50,roster_aware,WR,0.5832790320148172
2025,12,15,ppr,1,2,3,1,2,0,0,6,50,roster_aware,TE,-0.4665217769220412
2025,12,15,ppr,1,2,3,1,2,0,0,6,50,roster_aware,K,0.0
2025,12,15,ppr,1,2,3,1,2,0,0,6,50,run_aware,market_rank,8.74889438656152
2025,12,15,ppr,1,2,3,1,2,0,0,6,50,run_aware,recent_position_run,0.3776667406601188
2025,12,15,ppr,1,2,3,1,2,0,0,6,50,run_aware,QB,-0.019286742229522626
2025,12,15,ppr,1,2,3,1,2,0,0,6,50,run_aware,RB,0.01741651677454709
2025,12,15,ppr,1,2,3,1,2,0,0,6,50,run_aware,WR,0.013157452625139291
2025,12,15,ppr,1,2,3,1,2,0,0,6,50,run_aware,TE,-0.011287227181436725
2025,12,15,ppr,1,2,3,1,2,0,0,6,50,run_aware,K,0.0
2025,12,15,ppr,1,2,3,1,2,0,0,6,50,next_turn_aware,market_rank,8.777285573045193
2025,12,15,ppr,1,2,3,1,2,0,0,6,50,next_turn_aware,next_turn_demand,0.04870966058396899
2025,12,15,ppr,1,2,3,1,2,0,0,6,50,next_turn_aware,next_turn_competition,-1.0191638618204104
2025,12,15,ppr,1,2,3,1,2,0,0,6,50,next_turn_aware,QB,-0.07467468354495867
2025,12,15,ppr,1,2,3,1,2,0,0,6,50,next_turn_aware,RB,0.02312387403841775
2025,12,15,ppr,1,2,3,1,2,0,0,6,50,next_turn_aware,WR,0.05179983601788161
2025,12,15,ppr,1,2,3,1,2,0,0,6,50,next_turn_aware,TE,-0.00024902652425701834
2025,12,15,ppr,1,2,3,1,2,0,0,6,50,next_turn_aware,K,0.0
2025,12,15,ppr,1,2,3,1,2,0,0,6,50,roster_plus_run,market_rank,8.733323582263397
2025,12,15,ppr,1,2,3,1,2,0,0,6,50,roster_plus_run,starter_need,0.4609532564429574
2025,12,15,ppr,1,2,3,1,2,0,0,6,50,roster_plus_run,roster_count,3.9681258956962346
2025,12,15,ppr,1,2,3,1,2,0,0,6,50,roster_plus_run,recent_position_run,0.24220073204701834
2025,12,15,ppr,1,2,3,1,2,0,0,6,50,roster_plus_run,starter_need_late,0.7155703922930913
2025,12,15,ppr,1,2,3,1,2,0,0,6,50,roster_plus_run,QB,-0.4831378635891791
2025,12,15,ppr,1,2,3,1,2,0,0,6,50,roster_plus_run,RB,0.3798207841856401
2025,12,15,ppr,1,2,3,1,2,0,0,6,50,roster_plus_run,WR,0.5341524749641963
2025,12,15,ppr,1,2,3,1,2,0,0,6,50,roster_plus_run,TE,-0.4308353955737768
2025,12,15,ppr,1,2,3,1,2,0,0,6,50,roster_plus_run,K,0.0
2025,12,15,ppr,1,2,3,1,2,0,0,6,50,roster_plus_next_turn,market_rank,8.80153447814096
2025,12,15,ppr,1,2,3,1,2,0,0,6,50,roster_plus_next_turn,starter_need,0.7976971883042349
2025,12,15,ppr,1,2,3,1,2,0,0,6,50,roster_plus_next_turn,roster_count,4.165399118426113
2025,12,15,ppr,1,2,3,1,2,0,0,6,50,roster_plus_next_turn,next_turn_demand,-0.1863229953725772
2025,12,15,ppr,1,2,3,1,2,0,0,6,50,roster_plus_next_turn,next_turn_competition,-1.524813873187626
2025,12,15,ppr,1,2,3,1,2,0,0,6,50,roster_plus_next_turn,starter_need_late,0.46140195023109326
2025,12,15,ppr,1,2,3,1,2,0,0,6,50,roster_plus_next_turn,QB,-0.5386314300664831
2025,12,15,ppr,1,2,3,1,2,0,0,6,50,roster_plus_next_turn,RB,0.36705053301215895
2025,12,15,ppr,1,2,3,1,2,0,0,6,50,roster_plus_next_turn,WR,0.5559758761660316
2025,12,15,ppr,1,2,3,1,2,0,0,6,50,roster_plus_next_turn,TE,-0.3843949791253433
2025,12,15,ppr,1,2,3,1,2,0,0,6,50,roster_plus_next_turn,K,0.0
2025,12,15,ppr,1,2,3,1,2,0,0,6,50,opponent_aware,market_rank,8.81630409807704
2025,12,15,ppr,1,2,3,1,2,0,0,6,50,opponent_aware,starter_need,0.8111464635152387
2025,12,15,ppr,1,2,3,1,2,0,0,6,50,opponent_aware,roster_count,4.088012149388621
2025,12,15,ppr,1,2,3,1,2,0,0,6,50,opponent_aware,recent_position_run,0.2585727237220401
2025,12,15,ppr,1,2,3,1,2,0,0,6,50,opponent_aware,next_turn_demand,-0.21434120361619316
2025,12,15,ppr,1,2,3,1,2,0,0,6,50,opponent_aware,next_turn_competition,-1.5105137229256915
2025,12,15,ppr,1,2,3,1,2,0,0,6,50,opponent_aware,starter_need_late,0.44479571277079727
2025,12,15,ppr,1,2,3,1,2,0,0,6,50,opponent_aware,QB,-0.493999119871748
2025,12,15,ppr,1,2,3,1,2,0,0,6,50,opponent_aware,RB,0.33655569933948587
2025,12,15,ppr,1,2,3,1,2,0,0,6,50,opponent_aware,WR,0.5025774330080481
2025,12,15,ppr,1,2,3,1,2,0,0,6,50,opponent_aware,TE,-0.34513401248656367
2025,12,15,ppr,1,2,3,1,2,0,0,6,50,opponent_aware,K,0.0
2025,12,16,ppr,1,2,2,1,2,1,1,6,50,adp_only,market_rank,4.743393023122735
2025,12,16,ppr,1,2,2,1,2,1,1,6,50,position_baseline,market_rank,4.83455110416297
2025,12,16,ppr,1,2,2,1,2,1,1,6,50,position_baseline,QB,-0.14434271169478208
2025,12,16,ppr,1,2,2,1,2,1,1,6,50,position_baseline,RB,-0.0010053106437690514
2025,12,16,ppr,1,2,2,1,2,1,1,6,50,position_baseline,WR,0.007839833460479421
2025,12,16,ppr,1,2,2,1,2,1,1,6,50,position_baseline,TE,-0.1917092881764566
2025,12,16,ppr,1,2,2,1,2,1,1,6,50,position_baseline,K,0.3292174770537753
2025,12,16,ppr,1,2,2,1,2,1,1,6,50,roster_aware,market_rank,4.738777589361812
2025,12,16,ppr,1,2,2,1,2,1,1,6,50,roster_aware,starter_need,-0.972562070692698
2025,12,16,ppr,1,2,2,1,2,1,1,6,50,roster_aware,roster_count,3.773212548927024
2025,12,16,ppr,1,2,2,1,2,1,1,6,50,roster_aware,starter_need_late,3.851187224097161
2025,12,16,ppr,1,2,2,1,2,1,1,6,50,roster_aware,QB,-0.007369587974103888
2025,12,16,ppr,1,2,2,1,2,1,1,6,50,roster_aware,RB,0.6964700288612286
2025,12,16,ppr,1,2,2,1,2,1,1,6,50,roster_aware,WR,0.8164773845878177
2025,12,16,ppr,1,2,2,1,2,1,1,6,50,roster_aware,TE,-0.06136123308396112
2025,12,16,ppr,1,2,2,1,2,1,1,6,50,roster_aware,K,-1.4442165923921249
2025,12,16,ppr,1,2,2,1,2,1,1,6,50,run_aware,market_rank,4.844334433997888
2025,12,16,ppr,1,2,2,1,2,1,1,6,50,run_aware,recent_position_run,0.33584589013189153
2025,12,16,ppr,1,2,2,1,2,1,1,6,50,run_aware,QB,-0.1102761959306792
2025,12,16,ppr,1,2,2,1,2,1,1,6,50,run_aware,RB,-0.03371833950351941
2025,12,16,ppr,1,2,2,1,2,1,1,6,50,run_aware,WR,-0.047010131335748793
2025,12,16,ppr,1,2,2,1,2,1,1,6,50,run_aware,TE,-0.15632347380626063
2025,12,16,ppr,1,2,2,1,2,1,1,6,50,run_aware,K,0.34732814057562444
2025,12,16,ppr,1,2,2,1,2,1,1,6,50,next_turn_aware,market_rank,4.886051019255846
2025,12,16,ppr,1,2,2,1,2,1,1,6,50,next_turn_aware,next_turn_demand,-0.7408600366252146
2025,12,16,ppr,1,2,2,1,2,1,1,6,50,next_turn_aware,next_turn_competition,-0.30954699361302035
2025,12,16,ppr,1,2,2,1,2,1,1,6,50,next_turn_aware,QB,-0.3089105602089483
2025,12,16,ppr,1,2,2,1,2,1,1,6,50,next_turn_aware,RB,-0.12176285929328766
2025,12,16,ppr,1,2,2,1,2,1,1,6,50,next_turn_aware,WR,-0.11966502852783768
2025,12,16,ppr,1,2,2,1,2,1,1,6,50,next_turn_aware,TE,-0.23892411306787506
2025,12,16,ppr,1,2,2,1,2,1,1,6,50,next_turn_aware,K,0.7892625610978472
2025,12,16,ppr,1,2,2,1,2,1,1,6,50,roster_plus_run,market_rank,4.745276148032027
2025,12,16,ppr,1,2,2,1,2,1,1,6,50,roster_plus_run,starter_need,-0.9434163031127775
2025,12,16,ppr,1,2,2,1,2,1,1,6,50,roster_plus_run,roster_count,3.7199319284205425
2025,12,16,ppr,1,2,2,1,2,1,1,6,50,roster_plus_run,recent_position_run,0.18244126454063736
2025,12,16,ppr,1,2,2,1,2,1,1,6,50,roster_plus_run,starter_need_late,3.8001455789678737
2025,12,16,ppr,1,2,2,1,2,1,1,6,50,roster_plus_run,QB,0.010546336293686806
2025,12,16,ppr,1,2,2,1,2,1,1,6,50,roster_plus_run,RB,0.6734583457352472
2025,12,16,ppr,1,2,2,1,2,1,1,6,50,roster_plus_run,WR,0.7796192023695472
2025,12,16,ppr,1,2,2,1,2,1,1,6,50,roster_plus_run,TE,-0.04364907484283341
2025,12,16,ppr,1,2,2,1,2,1,1,6,50,roster_plus_run,K,-1.4199748095561007
2025,12,16,ppr,1,2,2,1,2,1,1,6,50,roster_plus_next_turn,market_rank,4.8043270759479935
2025,12,16,ppr,1,2,2,1,2,1,1,6,50,roster_plus_next_turn,starter_need,-0.37404057217084624
2025,12,16,ppr,1,2,2,1,2,1,1,6,50,roster_plus_next_turn,roster_count,3.7341747699149757
2025,12,16,ppr,1,2,2,1,2,1,1,6,50,roster_plus_next_turn,next_turn_demand,-1.046463668415654
2025,12,16,ppr,1,2,2,1,2,1,1,6,50,roster_plus_next_turn,next_turn_competition,-0.41085877366900964
2025,12,16,ppr,1,2,2,1,2,1,1,6,50,roster_plus_next_turn,starter_need_late,3.040828176823538
2025,12,16,ppr,1,2,2,1,2,1,1,6,50,roster_plus_next_turn,QB,-0.24408866628846393
2025,12,16,ppr,1,2,2,1,2,1,1,6,50,roster_plus_next_turn,RB,0.5149968141044964
2025,12,16,ppr,1,2,2,1,2,1,1,6,50,roster_plus_next_turn,WR,0.6273078746855981
2025,12,16,ppr,1,2,2,1,2,1,1,6,50,roster_plus_next_turn,TE,-0.15177514208037085
2025,12,16,ppr,1,2,2,1,2,1,1,6,50,roster_plus_next_turn,K,-0.7464408804233066
2025,12,16,ppr,1,2,2,1,2,1,1,6,50,opponent_aware,market_rank,4.809537368802335
2025,12,16,ppr,1,2,2,1,2,1,1,6,50,opponent_aware,starter_need,-0.35429436839669676
2025,12,16,ppr,1,2,2,1,2,1,1,6,50,opponent_aware,roster_count,3.6876660141628865
2025,12,16,ppr,1,2,2,1,2,1,1,6,50,opponent_aware,recent_position_run,0.15441480813376612
2025,12,16,ppr,1,2,2,1,2,1,1,6,50,opponent_aware,next_turn_demand,-1.0470755474709563
2025,12,16,ppr,1,2,2,1,2,1,1,6,50,opponent_aware,next_turn_competition,-0.4063296944436307
2025,12,16,ppr,1,2,2,1,2,1,1,6,50,opponent_aware,starter_need_late,3.0072939125128015
2025,12,16,ppr,1,2,2,1,2,1,1,6,50,opponent_aware,QB,-0.22679779708383374
2025,12,16,ppr,1,2,2,1,2,1,1,6,50,opponent_aware,RB,0.4963441730256814
2025,12,16,ppr,1,2,2,1,2,1,1,6,50,opponent_aware,WR,0.5968426443476427
2025,12,16,ppr,1,2,2,1,2,1,1,6,50,opponent_aware,TE,-0.13569793454748252
2025,12,16,ppr,1,2,2,1,2,1,1,6,50,opponent_aware,K,-0.7306910857435465
2025,12,16,ppr,1,2,2,1,3,0,0,7,50,adp_only,market_rank,9.226927654759539
2025,12,16,ppr,1,2,2,1,3,0,0,7,50,position_baseline,market_rank,9.312665667850641
2025,12,16,ppr,1,2,2,1,3,0,0,7,50,position_baseline,QB,-0.08322851216751787
2025,12,16,ppr,1,2,2,1,3,0,0,7,50,position_baseline,RB,0.11983025090579578
2025,12,16,ppr,1,2,2,1,3,0,0,7,50,position_baseline,WR,0.16968918868865296
2025,12,16,ppr,1,2,2,1,3,0,0,7,50,position_baseline,TE,-0.2062909274414156
2025,12,16,ppr,1,2,2,1,3,0,0,7,50,position_baseline,K,0.0
2025,12,16,ppr,1,2,2,1,3,0,0,7,50,roster_aware,market_rank,9.262591984912149
2025,12,16,ppr,1,2,2,1,3,0,0,7,50,roster_aware,starter_need,0.3992549069051601
2025,12,16,ppr,1,2,2,1,3,0,0,7,50,roster_aware,roster_count,3.107889718801112
2025,12,16,ppr,1,2,2,1,3,0,0,7,50,roster_aware,starter_need_late,0.5696813206664347
2025,12,16,ppr,1,2,2,1,3,0,0,7,50,roster_aware,QB,-0.4069460420261404
2025,12,16,ppr,1,2,2,1,3,0,0,7,50,roster_aware,RB,0.38454555516249483
2025,12,16,ppr,1,2,2,1,3,0,0,7,50,roster_aware,WR,0.5417191636711587
2025,12,16,ppr,1,2,2,1,3,0,0,7,50,roster_aware,TE,-0.5193186768219374
2025,12,16,ppr,1,2,2,1,3,0,0,7,50,roster_aware,K,0.0
2025,12,16,ppr,1,2,2,1,3,0,0,7,50,run_aware,market_rank,9.3374498504194
2025,12,16,ppr,1,2,2,1,3,0,0,7,50,run_aware,recent_position_run,0.3619127238556448
2025,12,16,ppr,1,2,2,1,3,0,0,7,50,run_aware,QB,-0.03804433293467913
2025,12,16,ppr,1,2,2,1,3,0,0,7,50,run_aware,RB,0.09049575733690793
2025,12,16,ppr,1,2,2,1,3,0,0,7,50,run_aware,WR,0.11198282482792991
2025,12,16,ppr,1,2,2,1,3,0,0,7,50,run_aware,TE,-0.16443424924309466
2025,12,16,ppr,1,2,2,1,3,0,0,7,50,run_aware,K,0.0
2025,12,16,ppr,1,2,2,1,3,0,0,7,50,next_turn_aware,market_rank,9.352870616494423
2025,12,16,ppr,1,2,2,1,3,0,0,7,50,next_turn_aware,next_turn_demand,0.11522935004457543
2025,12,16,ppr,1,2,2,1,3,0,0,7,50,next_turn_aware,next_turn_competition,-1.127983233326159
2025,12,16,ppr,1,2,2,1,3,0,0,7,50,next_turn_aware,QB,-0.07068701168098895
2025,12,16,ppr,1,2,2,1,3,0,0,7,50,next_turn_aware,RB,0.08098928700786462
2025,12,16,ppr,1,2,2,1,3,0,0,7,50,next_turn_aware,WR,0.13294899535128168
2025,12,16,ppr,1,2,2,1,3,0,0,7,50,next_turn_aware,TE,-0.1432512706911874
2025,12,16,ppr,1,2,2,1,3,0,0,7,50,next_turn_aware,K,0.0
2025,12,16,ppr,1,2,2,1,3,0,0,7,50,roster_plus_run,market_rank,9.281889500729397
2025,12,16,ppr,1,2,2,1,3,0,0,7,50,roster_plus_run,starter_need,0.43201856150202855
2025,12,16,ppr,1,2,2,1,3,0,0,7,50,roster_plus_run,roster_count,3.0283612256474504
2025,12,16,ppr,1,2,2,1,3,0,0,7,50,roster_plus_run,recent_position_run,0.25939849759735456
2025,12,16,ppr,1,2,2,1,3,0,0,7,50,roster_plus_run,starter_need_late,0.5233266478049078
2025,12,16,ppr,1,2,2,1,3,0,0,7,50,roster_plus_run,QB,-0.3689346330417934
2025,12,16,ppr,1,2,2,1,3,0,0,7,50,roster_plus_run,RB,0.3600836464901045
2025,12,16,ppr,1,2,2,1,3,0,0,7,50,roster_plus_run,WR,0.49331993502798516
2025,12,16,ppr,1,2,2,1,3,0,0,7,50,roster_plus_run,TE,-0.4844689484894744
2025,12,16,ppr,1,2,2,1,3,0,0,7,50,roster_plus_run,K,0.0
2025,12,16,ppr,1,2,2,1,3,0,0,7,50,roster_plus_next_turn,market_rank,9.320530188198461
2025,12,16,ppr,1,2,2,1,3,0,0,7,50,roster_plus_next_turn,starter_need,0.6727935097125055
2025,12,16,ppr,1,2,2,1,3,0,0,7,50,roster_plus_next_turn,roster_count,3.1997957328742546
2025,12,16,ppr,1,2,2,1,3,0,0,7,50,roster_plus_next_turn,next_turn_demand,-0.03473544925371307
2025,12,16,ppr,1,2,2,1,3,0,0,7,50,roster_plus_next_turn,next_turn_competition,-1.5396374151065122
2025,12,16,ppr,1,2,2,1,3,0,0,7,50,roster_plus_next_turn,starter_need_late,0.37265035884988285
2025,12,16,ppr,1,2,2,1,3,0,0,7,50,roster_plus_next_turn,QB,-0.4034783487093038
2025,12,16,ppr,1,2,2,1,3,0,0,7,50,roster_plus_next_turn,RB,0.3393098315171537
2025,12,16,ppr,1,2,2,1,3,0,0,7,50,roster_plus_next_turn,WR,0.5028712705922227
2025,12,16,ppr,1,2,2,1,3,0,0,7,50,roster_plus_next_turn,TE,-0.43870275341200526
2025,12,16,ppr,1,2,2,1,3,0,0,7,50,roster_plus_next_turn,K,0.0
2025,12,16,ppr,1,2,2,1,3,0,0,7,50,opponent_aware,market_rank,9.341510185405948
2025,12,16,ppr,1,2,2,1,3,0,0,7,50,opponent_aware,starter_need,0.70950201621728
2025,12,16,ppr,1,2,2,1,3,0,0,7,50,opponent_aware,roster_count,3.107379637970446
2025,12,16,ppr,1,2,2,1,3,0,0,7,50,opponent_aware,recent_position_run,0.275655240980708
2025,12,16,ppr,1,2,2,1,3,0,0,7,50,opponent_aware,next_turn_demand,-0.04673948453026078
2025,12,16,ppr,1,2,2,1,3,0,0,7,50,opponent_aware,next_turn_competition,-1.541488323716649
2025,12,16,ppr,1,2,2,1,3,0,0,7,50,opponent_aware,starter_need_late,0.3232540377843266
2025,12,16,ppr,1,2,2,1,3,0,0,7,50,opponent_aware,QB,-0.3616295756930306
2025,12,16,ppr,1,2,2,1,3,0,0,7,50,opponent_aware,RB,0.3116530087630798
2025,12,16,ppr,1,2,2,1,3,0,0,7,50,opponent_aware,WR,0.4499033315136385
2025,12,16,ppr,1,2,2,1,3,0,0,7,50,opponent_aware,TE,-0.3999267645946062
2025,12,16,ppr,1,2,2,1,3,0,0,7,50,opponent_aware,K,0.0
2025,12,18,ppr,1,2,2,1,2,0,0,10,50,adp_only,market_rank,8.59163393395586
2025,12,18,ppr,1,2,2,1,2,0,0,10,50,position_baseline,market_rank,8.596423927712321
2025,12,18,ppr,1,2,2,1,2,0,0,10,50,position_baseline,QB,-0.08618940914614608
2025,12,18,ppr,1,2,2,1,2,0,0,10,50,position_baseline,RB,0.054448196838775956
2025,12,18,ppr,1,2,2,1,2,0,0,10,50,position_baseline,WR,0.08856434871678658
2025,12,18,ppr,1,2,2,1,2,0,0,10,50,position_baseline,TE,-0.056823136417859264
2025,12,18,ppr,1,2,2,1,2,0,0,10,50,position_baseline,K,0.0
2025,12,18,ppr,1,2,2,1,2,0,0,10,50,roster_aware,market_rank,8.563164082509648
2025,12,18,ppr,1,2,2,1,2,0,0,10,50,roster_aware,starter_need,-0.09950229099334208
2025,12,18,ppr,1,2,2,1,2,0,0,10,50,roster_aware,roster_count,5.986050701614946
2025,12,18,ppr,1,2,2,1,2,0,0,10,50,roster_aware,starter_need_late,1.2189707741924862
2025,12,18,ppr,1,2,2,1,2,0,0,10,50,roster_aware,QB,-0.5044364082275539
2025,12,18,ppr,1,2,2,1,2,0,0,10,50,roster_aware,RB,0.3982219876143319
2025,12,18,ppr,1,2,2,1,2,0,0,10,50,roster_aware,WR,0.6375743012707237
2025,12,18,ppr,1,2,2,1,2,0,0,10,50,roster_aware,TE,-0.5313598806686399
2025,12,18,ppr,1,2,2,1,2,0,0,10,50,roster_aware,K,0.0
2025,12,18,ppr,1,2,2,1,2,0,0,10,50,run_aware,market_rank,8.61100664572689
2025,12,18,ppr,1,2,2,1,2,0,0,10,50,run_aware,recent_position_run,0.3079959305383895
2025,12,18,ppr,1,2,2,1,2,0,0,10,50,run_aware,QB,-0.05611438624773945
2025,12,18,ppr,1,2,2,1,2,0,0,10,50,run_aware,RB,0.03720591331660669
2025,12,18,ppr,1,2,2,1,2,0,0,10,50,run_aware,WR,0.046186758106779316
2025,12,18,ppr,1,2,2,1,2,0,0,10,50,run_aware,TE,-0.02727828518324381
2025,12,18,ppr,1,2,2,1,2,0,0,10,50,run_aware,K,0.0
2025,12,18,ppr,1,2,2,1,2,0,0,10,50,next_turn_aware,market_rank,8.61099404165833
2025,12,18,ppr,1,2,2,1,2,0,0,10,50,next_turn_aware,next_turn_demand,0.06305899581682738
2025,12,18,ppr,1,2,2,1,2,0,0,10,50,next_turn_aware,next_turn_competition,-0.7463889681830095
2025,12,18,ppr,1,2,2,1,2,0,0,10,50,next_turn_aware,QB,-0.08624013586873563
2025,12,18,ppr,1,2,2,1,2,0,0,10,50,next_turn_aware,RB,0.03747114390015319
2025,12,18,ppr,1,2,2,1,2,0,0,10,50,next_turn_aware,WR,0.0615313607096673
2025,12,18,ppr,1,2,2,1,2,0,0,10,50,next_turn_aware,TE,-0.01276236874879882
2025,12,18,ppr,1,2,2,1,2,0,0,10,50,next_turn_aware,K,0.0
2025,12,18,ppr,1,2,2,1,2,0,0,10,50,roster_plus_run,market_rank,8.569189090248392
2025,12,18,ppr,1,2,2,1,2,0,0,10,50,roster_plus_run,starter_need,-0.07934303922891157
2025,12,18,ppr,1,2,2,1,2,0,0,10,50,roster_plus_run,roster_count,5.932150831862822
2025,12,18,ppr,1,2,2,1,2,0,0,10,50,roster_plus_run,recent_position_run,0.12735470796870127
2025,12,18,ppr,1,2,2,1,2,0,0,10,50,roster_plus_run,starter_need_late,1.1804262524710758
2025,12,18,ppr,1,2,2,1,2,0,0,10,50,roster_plus_run,QB,-0.4889442711172739
2025,12,18,ppr,1,2,2,1,2,0,0,10,50,roster_plus_run,RB,0.3891153098635046
2025,12,18,ppr,1,2,2,1,2,0,0,10,50,roster_plus_run,WR,0.6159817394251035
2025,12,18,ppr,1,2,2,1,2,0,0,10,50,roster_plus_run,TE,-0.5161527781783095
2025,12,18,ppr,1,2,2,1,2,0,0,10,50,roster_plus_run,K,0.0
2025,12,18,ppr,1,2,2,1,2,0,0,10,50,roster_plus_next_turn,market_rank,8.587185966187553
2025,12,18,ppr,1,2,2,1,2,0,0,10,50,roster_plus_next_turn,starter_need,0.10720192038838096
2025,12,18,ppr,1,2,2,1,2,0,0,10,50,roster_plus_next_turn,roster_count,5.8981894813573135
2025,12,18,ppr,1,2,2,1,2,0,0,10,50,roster_plus_next_turn,next_turn_demand,-0.016389457097386418
2025,12,18,ppr,1,2,2,1,2,0,0,10,50,roster_plus_next_turn,next_turn_competition,-0.9786036290936796
2025,12,18,ppr,1,2,2,1,2,0,0,10,50,roster_plus_next_turn,starter_need_late,0.9836810071005827
2025,12,18,ppr,1,2,2,1,2,0,0,10,50,roster_plus_next_turn,QB,-0.4980558517677925
2025,12,18,ppr,1,2,2,1,2,0,0,10,50,roster_plus_next_turn,RB,0.37117119278194094
2025,12,18,ppr,1,2,2,1,2,0,0,10,50,roster_plus_next_turn,WR,0.5955020712864365
2025,12,18,ppr,1,2,2,1,2,0,0,10,50,roster_plus_next_turn,TE,-0.46861741230952425
2025,12,18,ppr,1,2,2,1,2,0,0,10,50,roster_plus_next_turn,K,0.0
2025,12,18,ppr,1,2,2,1,2,0,0,10,50,opponent_aware,market_rank,8.593891576296077
2025,12,18,ppr,1,2,2,1,2,0,0,10,50,opponent_aware,starter_need,0.1297440210399965
2025,12,18,ppr,1,2,2,1,2,0,0,10,50,opponent_aware,roster_count,5.839203139906897
2025,12,18,ppr,1,2,2,1,2,0,0,10,50,opponent_aware,recent_position_run,0.12997432594677305
2025,12,18,ppr,1,2,2,1,2,0,0,10,50,opponent_aware,next_turn_demand,-0.024295816015505074
2025,12,18,ppr,1,2,2,1,2,0,0,10,50,opponent_aware,next_turn_competition,-0.9750454227571983
2025,12,18,ppr,1,2,2,1,2,0,0,10,50,opponent_aware,starter_need_late,0.9408102072283601
2025,12,18,ppr,1,2,2,1,2,0,0,10,50,opponent_aware,QB,-0.48154045430440334
2025,12,18,ppr,1,2,2,1,2,0,0,10,50,opponent_aware,RB,0.361425693133901
2025,12,18,ppr,1,2,2,1,2,0,0,10,50,opponent_aware,WR,0.5726566415207659
2025,12,18,ppr,1,2,2,1,2,0,0,10,50,opponent_aware,TE,-0.4525418803572995
2025,12,18,ppr,1,2,2,1,2,0,0,10,50,opponent_aware,K,0.0
2025,12,20,ppr,1,2,3,1,2,0,1,10,50,adp_only,market_rank,7.4069585659051596
2025,12,20,ppr,1,2,3,1,2,0,1,10,50,position_baseline,market_rank,7.435132837203808
2025,12,20,ppr,1,2,3,1,2,0,1,10,50,position_baseline,QB,-0.1287096239934159
2025,12,20,ppr,1,2,3,1,2,0,1,10,50,position_baseline,RB,0.09627272087797581
2025,12,20,ppr,1,2,3,1,2,0,1,10,50,position_baseline,WR,0.08465824435060058
2025,12,20,ppr,1,2,3,1,2,0,1,10,50,position_baseline,TE,-0.052221341257341625
2025,12,20,ppr,1,2,3,1,2,0,1,10,50,position_baseline,K,0.0
2025,12,20,ppr,1,2,3,1,2,0,1,10,50,roster_aware,market_rank,7.384851171258455
2025,12,20,ppr,1,2,3,1,2,0,1,10,50,roster_aware,starter_need,0.923381404940266
2025,12,20,ppr,1,2,3,1,2,0,1,10,50,roster_aware,roster_count,4.844293195993139
2025,12,20,ppr,1,2,3,1,2,0,1,10,50,roster_aware,starter_need_late,0.42209719320051275
2025,12,20,ppr,1,2,3,1,2,0,1,10,50,roster_aware,QB,-0.4468533713766874
2025,12,20,ppr,1,2,3,1,2,0,1,10,50,roster_aware,RB,0.3856914701148088
2025,12,20,ppr,1,2,3,1,2,0,1,10,50,roster_aware,WR,0.5020717524857796
2025,12,20,ppr,1,2,3,1,2,0,1,10,50,roster_aware,TE,-0.44090985124709436
2025,12,20,ppr,1,2,3,1,2,0,1,10,50,roster_aware,K,0.0
2025,12,20,ppr,1,2,3,1,2,0,1,10,50,run_aware,market_rank,7.44577986753372
2025,12,20,ppr,1,2,3,1,2,0,1,10,50,run_aware,recent_position_run,0.3968333765550383
2025,12,20,ppr,1,2,3,1,2,0,1,10,50,run_aware,QB,-0.07941717391821881
2025,12,20,ppr,1,2,3,1,2,0,1,10,50,run_aware,RB,0.06320425772203934
2025,12,20,ppr,1,2,3,1,2,0,1,10,50,run_aware,WR,0.02661433219893841
2025,12,20,ppr,1,2,3,1,2,0,1,10,50,run_aware,TE,-0.010401416022386489
2025,12,20,ppr,1,2,3,1,2,0,1,10,50,run_aware,K,0.0
2025,12,20,ppr,1,2,3,1,2,0,1,10,50,next_turn_aware,market_rank,7.449392434295601
2025,12,20,ppr,1,2,3,1,2,0,1,10,50,next_turn_aware,next_turn_demand,-0.04491184680590757
2025,12,20,ppr,1,2,3,1,2,0,1,10,50,next_turn_aware,next_turn_competition,-0.48169958428110776
2025,12,20,ppr,1,2,3,1,2,0,1,10,50,next_turn_aware,QB,-0.15721283571556804
2025,12,20,ppr,1,2,3,1,2,0,1,10,50,next_turn_aware,RB,0.09586159983118915
2025,12,20,ppr,1,2,3,1,2,0,1,10,50,next_turn_aware,WR,0.08854064049200115
2025,12,20,ppr,1,2,3,1,2,0,1,10,50,next_turn_aware,TE,-0.027189404627982278
2025,12,20,ppr,1,2,3,1,2,0,1,10,50,next_turn_aware,K,0.0
2025,12,20,ppr,1,2,3,1,2,0,1,10,50,roster_plus_run,market_rank,7.392663128998459
2025,12,20,ppr,1,2,3,1,2,0,1,10,50,roster_plus_run,starter_need,0.9238170606597351
2025,12,20,ppr,1,2,3,1,2,0,1,10,50,roster_plus_run,roster_count,4.762066454849904
2025,12,20,ppr,1,2,3,1,2,0,1,10,50,roster_plus_run,recent_position_run,0.26350263636236704
2025,12,20,ppr,1,2,3,1,2,0,1,10,50,roster_plus_run,starter_need_late,0.41299318756613523
2025,12,20,ppr,1,2,3,1,2,0,1,10,50,roster_plus_run,QB,-0.41010296387411055
2025,12,20,ppr,1,2,3,1,2,0,1,10,50,roster_plus_run,RB,0.3610679369296959
2025,12,20,ppr,1,2,3,1,2,0,1,10,50,roster_plus_run,WR,0.45762236720619853
2025,12,20,ppr,1,2,3,1,2,0,1,10,50,roster_plus_run,TE,-0.40858734028234345
2025,12,20,ppr,1,2,3,1,2,0,1,10,50,roster_plus_run,K,0.0
2025,12,20,ppr,1,2,3,1,2,0,1,10,50,roster_plus_next_turn,market_rank,7.407572556072581
2025,12,20,ppr,1,2,3,1,2,0,1,10,50,roster_plus_next_turn,starter_need,1.0045833739371406
2025,12,20,ppr,1,2,3,1,2,0,1,10,50,roster_plus_next_turn,roster_count,4.872814712789405
2025,12,20,ppr,1,2,3,1,2,0,1,10,50,roster_plus_next_turn,next_turn_demand,-0.18838734480509625
2025,12,20,ppr,1,2,3,1,2,0,1,10,50,roster_plus_next_turn,next_turn_competition,-0.7437937089970854
2025,12,20,ppr,1,2,3,1,2,0,1,10,50,roster_plus_next_turn,starter_need_late,0.32011063185089905
2025,12,20,ppr,1,2,3,1,2,0,1,10,50,roster_plus_next_turn,QB,-0.49212423967406577
2025,12,20,ppr,1,2,3,1,2,0,1,10,50,roster_plus_next_turn,RB,0.3856982178343543
2025,12,20,ppr,1,2,3,1,2,0,1,10,50,roster_plus_next_turn,WR,0.5093911934458438
2025,12,20,ppr,1,2,3,1,2,0,1,10,50,roster_plus_next_turn,TE,-0.40296517162224976
2025,12,20,ppr,1,2,3,1,2,0,1,10,50,roster_plus_next_turn,K,0.0
2025,12,20,ppr,1,2,3,1,2,0,1,10,50,opponent_aware,market_rank,7.416534759252885
2025,12,20,ppr,1,2,3,1,2,0,1,10,50,opponent_aware,starter_need,1.009508123169646
2025,12,20,ppr,1,2,3,1,2,0,1,10,50,opponent_aware,roster_count,4.780293031428205
2025,12,20,ppr,1,2,3,1,2,0,1,10,50,opponent_aware,recent_position_run,0.2868758960630472
2025,12,20,ppr,1,2,3,1,2,0,1,10,50,opponent_aware,next_turn_demand,-0.1972938369898399
2025,12,20,ppr,1,2,3,1,2,0,1,10,50,opponent_aware,next_turn_competition,-0.7642403059588815
2025,12,20,ppr,1,2,3,1,2,0,1,10,50,opponent_aware,starter_need_late,0.3046206733247846
2025,12,20,ppr,1,2,3,1,2,0,1,10,50,opponent_aware,QB,-0.4523575033918576
2025,12,20,ppr,1,2,3,1,2,0,1,10,50,opponent_aware,RB,0.3583056889819066
2025,12,20,ppr,1,2,3,1,2,0,1,10,50,opponent_aware,WR,0.4607030462196649
2025,12,20,ppr,1,2,3,1,2,0,1,10,50,opponent_aware,TE,-0.36665123182122483
2025,12,20,ppr,1,2,3,1,2,0,1,10,50,opponent_aware,K,0.0
